locality,lga_name,abs_lga_code,regional_group,category,subcategory,display_name,poi_count
ABBEYARD,ALPINE,20110,Ovens Murray,recreation,nature_reserve,Nature Reserve,1
ACHERON,MURRINDINDI,25620,Goulburn,public_transport,bus_stop,Bus Stop,2
ADA,BAW BAW,20830,Gippsland,recreation,nature_reserve,Nature Reserve,2
ADELAIDE LEAD,CENTRAL GOLDFIELDS,21670,Loddon Campaspe,recreation,nature_reserve,Nature Reserve,2
AIREYS INLET,SURF COAST,26490,Barwon,education,school,School,2
AIREYS INLET,SURF COAST,26490,Barwon,public_transport,bus_stop,Bus Stop,4
AIREYS INLET,SURF COAST,26490,Barwon,recreation,nature_reserve,Nature Reserve,2
AIREYS INLET,SURF COAST,26490,Barwon,recreation,park,Park,4
AIREYS INLET,SURF COAST,26490,Barwon,recreation,playground,Playground,4
AIREYS INLET,SURF COAST,26490,Barwon,recreation,sports_centre,Sports Centre,4
AIREYS INLET,SURF COAST,26490,Barwon,shopping,convenience_store,Convenience Store,1
AIRLY,WELLINGTON,26810,Gippsland,education,school,School,2
ALBACUTYA,HINDMARSH,22980,Wimmera Southern Mallee,recreation,nature_reserve,Nature Reserve,1
ALBERTON,WELLINGTON,26810,Gippsland,education,school,School,2
ALBERTON,WELLINGTON,26810,Gippsland,public_transport,bus_stop,Bus Stop,2
ALBERTON,WELLINGTON,26810,Gippsland,recreation,park,Park,2
ALBERTON,WELLINGTON,26810,Gippsland,shopping,convenience_store,Convenience Store,1
ALEXANDRA,MURRINDINDI,25620,Goulburn,community,community_centre,Community Centre,2
ALEXANDRA,MURRINDINDI,25620,Goulburn,community,library,Library,1
ALEXANDRA,MURRINDINDI,25620,Goulburn,community,town_hall,Town Hall,2
ALEXANDRA,MURRINDINDI,25620,Goulburn,education,school,School,6
ALEXANDRA,MURRINDINDI,25620,Goulburn,healthcare,hospital,Hospital,2
ALEXANDRA,MURRINDINDI,25620,Goulburn,healthcare,pharmacy,Pharmacy,1
ALEXANDRA,MURRINDINDI,25620,Goulburn,public_transport,bus_stop,Bus Stop,2
ALEXANDRA,MURRINDINDI,25620,Goulburn,public_transport,stop_position,Public Transport Stop Position,1
ALEXANDRA,MURRINDINDI,25620,Goulburn,recreation,garden,Garden,2
ALEXANDRA,MURRINDINDI,25620,Goulburn,recreation,nature_reserve,Nature Reserve,6
ALEXANDRA,MURRINDINDI,25620,Goulburn,recreation,park,Park,2
ALEXANDRA,MURRINDINDI,25620,Goulburn,recreation,playground,Playground,4
ALEXANDRA,MURRINDINDI,25620,Goulburn,recreation,sports_centre,Sports Centre,5
ALEXANDRA,MURRINDINDI,25620,Goulburn,shopping,supermarket,Supermarket,1
ALFREDTON,BALLARAT,20570,Central Highlands,community,community_centre,Community Centre,4
ALFREDTON,BALLARAT,20570,Central Highlands,education,kindergarten,Kindergarten,1
ALFREDTON,BALLARAT,20570,Central Highlands,education,school,School,4
ALFREDTON,BALLARAT,20570,Central Highlands,healthcare,pharmacy,Pharmacy,1
ALFREDTON,BALLARAT,20570,Central Highlands,public_transport,bus_stop,Bus Stop,10
ALFREDTON,BALLARAT,20570,Central Highlands,recreation,garden,Garden,20
ALFREDTON,BALLARAT,20570,Central Highlands,recreation,park,Park,96
ALFREDTON,BALLARAT,20570,Central Highlands,recreation,playground,Playground,32
ALFREDTON,BALLARAT,20570,Central Highlands,shopping,convenience_store,Convenience Store,5
ALFREDTON,BALLARAT,20570,Central Highlands,shopping,supermarket,Supermarket,2
ALLAMBEE,BAW BAW,20830,Gippsland,recreation,nature_reserve,Nature Reserve,3
ALLANS FLAT,INDIGO,23350,Ovens Murray,recreation,nature_reserve,Nature Reserve,2
ALLANSFORD,MOYNE,25490,Great South Coast,shopping,supermarket,Supermarket,1
ALLANSFORD,WARRNAMBOOL,26730,Great South Coast,education,school,School,2
ALLANSFORD,WARRNAMBOOL,26730,Great South Coast,recreation,nature_reserve,Nature Reserve,1
ALLANSFORD,WARRNAMBOOL,26730,Great South Coast,recreation,park,Park,2
ALLANSFORD,WARRNAMBOOL,26730,Great South Coast,recreation,sports_centre,Sports Centre,2
ALLANSFORD,WARRNAMBOOL,26730,Great South Coast,shopping,convenience_store,Convenience Store,2
ALLENDALE,HEPBURN,22910,Central Highlands,recreation,garden,Garden,2
ALLENDALE,HEPBURN,22910,Central Highlands,recreation,park,Park,2
ALLENDALE,HEPBURN,22910,Central Highlands,recreation,sports_centre,Sports Centre,2
ALLESTREE,GLENELG,22410,Great South Coast,recreation,nature_reserve,Nature Reserve,1
ALMA,CENTRAL GOLDFIELDS,21670,Loddon Campaspe,recreation,nature_reserve,Nature Reserve,6
ALVIE,COLAC OTWAY,21750,Barwon,education,school,School,2
ALVIE,COLAC OTWAY,21750,Barwon,public_transport,bus_stop,Bus Stop,1
ALVIE,COLAC OTWAY,21750,Barwon,public_transport,stop_position,Public Transport Stop Position,1
ALVIE,COLAC OTWAY,21750,Barwon,recreation,nature_reserve,Nature Reserve,1
ALVIE,COLAC OTWAY,21750,Barwon,recreation,park,Park,6
ALVIE,COLAC OTWAY,21750,Barwon,recreation,playground,Playground,1
AMHERST,CENTRAL GOLDFIELDS,21670,Loddon Campaspe,recreation,nature_reserve,Nature Reserve,6
AMPHITHEATRE,PYRENEES,25990,Central Highlands,community,community_centre,Community Centre,2
AMPHITHEATRE,PYRENEES,25990,Central Highlands,education,school,School,2
AMPHITHEATRE,PYRENEES,25990,Central Highlands,recreation,nature_reserve,Nature Reserve,3
AMPHITHEATRE,PYRENEES,25990,Central Highlands,recreation,park,Park,2
ANAKIE,GREATER GEELONG,22750,Barwon,education,school,School,2
ANAKIE,GREATER GEELONG,22750,Barwon,public_transport,bus_stop,Bus Stop,1
ANAKIE,GREATER GEELONG,22750,Barwon,recreation,nature_reserve,Nature Reserve,3
ANAKIE,GREATER GEELONG,22750,Barwon,recreation,park,Park,2
ANAKIE,GREATER GEELONG,22750,Barwon,recreation,playground,Playground,1
ANAKIE,GREATER GEELONG,22750,Barwon,recreation,sports_centre,Sports Centre,2
ANCONA,MANSFIELD,24250,Ovens Murray,community,community_centre,Community Centre,2
ANDERSON,BASS COAST,20740,Gippsland,public_transport,bus_station,Bus Station,1
ANDERSON,BASS COAST,20740,Gippsland,public_transport,bus_stop,Bus Stop,1
ANDERSON,BASS COAST,20740,Gippsland,recreation,park,Park,2
ANGLERS REST,EAST GIPPSLAND,22110,Gippsland,recreation,nature_reserve,Nature Reserve,1
ANGLESEA,SURF COAST,26490,Barwon,community,social_facility,Social Facility,3
ANGLESEA,SURF COAST,26490,Barwon,education,school,School,2
ANGLESEA,SURF COAST,26490,Barwon,healthcare,pharmacy,Pharmacy,1
ANGLESEA,SURF COAST,26490,Barwon,public_transport,bus_stop,Bus Stop,6
ANGLESEA,SURF COAST,26490,Barwon,recreation,nature_reserve,Nature Reserve,5
ANGLESEA,SURF COAST,26490,Barwon,recreation,park,Park,13
ANGLESEA,SURF COAST,26490,Barwon,recreation,playground,Playground,6
ANGLESEA,SURF COAST,26490,Barwon,recreation,sports_centre,Sports Centre,4
ANGLESEA,SURF COAST,26490,Barwon,shopping,convenience_store,Convenience Store,2
ANGLESEA,SURF COAST,26490,Barwon,shopping,supermarket,Supermarket,1
ANNUELLO,SWAN HILL,26610,Mallee,community,community_centre,Community Centre,1
ANNUELLO,SWAN HILL,26610,Mallee,public_transport,bus_stop,Bus Stop,1
ANNUELLO,SWAN HILL,26610,Mallee,recreation,nature_reserve,Nature Reserve,2
ANTWERP,HINDMARSH,22980,Wimmera Southern Mallee,community,community_centre,Community Centre,2
ANTWERP,HINDMARSH,22980,Wimmera Southern Mallee,public_transport,bus_stop,Bus Stop,1
APOLLO BAY,COLAC OTWAY,21750,Barwon,education,school,School,2
APOLLO BAY,COLAC OTWAY,21750,Barwon,healthcare,hospital,Hospital,2
APOLLO BAY,COLAC OTWAY,21750,Barwon,healthcare,pharmacy,Pharmacy,1
APOLLO BAY,COLAC OTWAY,21750,Barwon,public_transport,bus_stop,Bus Stop,5
APOLLO BAY,COLAC OTWAY,21750,Barwon,public_transport,stop_position,Public Transport Stop Position,1
APOLLO BAY,COLAC OTWAY,21750,Barwon,recreation,nature_reserve,Nature Reserve,7
APOLLO BAY,COLAC OTWAY,21750,Barwon,recreation,park,Park,8
APOLLO BAY,COLAC OTWAY,21750,Barwon,recreation,playground,Playground,3
APOLLO BAY,COLAC OTWAY,21750,Barwon,recreation,sports_centre,Sports Centre,4
APOLLO BAY,COLAC OTWAY,21750,Barwon,shopping,supermarket,Supermarket,4
APSLEY,WEST WIMMERA,26890,Wimmera Southern Mallee,community,community_centre,Community Centre,2
APSLEY,WEST WIMMERA,26890,Wimmera Southern Mallee,education,school,School,2
APSLEY,WEST WIMMERA,26890,Wimmera Southern Mallee,public_transport,bus_stop,Bus Stop,1
APSLEY,WEST WIMMERA,26890,Wimmera Southern Mallee,recreation,nature_reserve,Nature Reserve,12
APSLEY,WEST WIMMERA,26890,Wimmera Southern Mallee,recreation,park,Park,8
APSLEY,WEST WIMMERA,26890,Wimmera Southern Mallee,recreation,playground,Playground,2
ARARAT,ARARAT,20260,Central Highlands,community,community_centre,Community Centre,2
ARARAT,ARARAT,20260,Central Highlands,community,library,Library,3
ARARAT,ARARAT,20260,Central Highlands,community,town_hall,Town Hall,2
ARARAT,ARARAT,20260,Central Highlands,education,kindergarten,Kindergarten,3
ARARAT,ARARAT,20260,Central Highlands,education,school,School,14
ARARAT,ARARAT,20260,Central Highlands,healthcare,clinic,Clinic,2
ARARAT,ARARAT,20260,Central Highlands,healthcare,dentist,Dentist,3
ARARAT,ARARAT,20260,Central Highlands,healthcare,doctor,Doctor,2
ARARAT,ARARAT,20260,Central Highlands,healthcare,hospital,Hospital,2
ARARAT,ARARAT,20260,Central Highlands,healthcare,pharmacy,Pharmacy,2
ARARAT,ARARAT,20260,Central Highlands,public_transport,bus_stop,Bus Stop,47
ARARAT,ARARAT,20260,Central Highlands,public_transport,platform,Public Transport Platform,1
ARARAT,ARARAT,20260,Central Highlands,public_transport,railway_station,Railway Station,1
ARARAT,ARARAT,20260,Central Highlands,public_transport,stop_position,Public Transport Stop Position,6
ARARAT,ARARAT,20260,Central Highlands,recreation,garden,Garden,2
ARARAT,ARARAT,20260,Central Highlands,recreation,nature_reserve,Nature Reserve,15
ARARAT,ARARAT,20260,Central Highlands,recreation,park,Park,16
ARARAT,ARARAT,20260,Central Highlands,recreation,playground,Playground,8
ARARAT,ARARAT,20260,Central Highlands,recreation,sports_centre,Sports Centre,16
ARARAT,ARARAT,20260,Central Highlands,shopping,convenience_store,Convenience Store,4
ARARAT,ARARAT,20260,Central Highlands,shopping,supermarket,Supermarket,5
ARBUCKLE,WELLINGTON,26810,Gippsland,recreation,nature_reserve,Nature Reserve,1
ARCADIA,GREATER SHEPPARTON,22830,Goulburn,recreation,nature_reserve,Nature Reserve,5
ARCHDALE,CENTRAL GOLDFIELDS,21670,Loddon Campaspe,recreation,nature_reserve,Nature Reserve,2
ARCHDALE,NORTHERN GRAMPIANS,25810,Wimmera Southern Mallee,recreation,nature_reserve,Nature Reserve,4
ARCHERTON,BENALLA,21010,Ovens Murray,recreation,nature_reserve,Nature Reserve,4
ARCHIES CREEK,BASS COAST,20740,Gippsland,community,community_centre,Community Centre,2
ARDMONA,GREATER SHEPPARTON,22830,Goulburn,education,school,School,2
ARDMONA,GREATER SHEPPARTON,22830,Goulburn,recreation,park,Park,2
ARDMONA,GREATER SHEPPARTON,22830,Goulburn,shopping,convenience_store,Convenience Store,1
ARGYLE,GREATER BENDIGO,22620,Loddon Campaspe,recreation,nature_reserve,Nature Reserve,1
ARMSTRONG,ARARAT,20260,Central Highlands,recreation,nature_reserve,Nature Reserve,6
ARMSTRONG CREEK,GREATER GEELONG,22750,Barwon,community,community_centre,Community Centre,4
ARMSTRONG CREEK,GREATER GEELONG,22750,Barwon,community,library,Library,2
ARMSTRONG CREEK,GREATER GEELONG,22750,Barwon,community,social_facility,Social Facility,4
ARMSTRONG CREEK,GREATER GEELONG,22750,Barwon,education,kindergarten,Kindergarten,4
ARMSTRONG CREEK,GREATER GEELONG,22750,Barwon,education,school,School,10
ARMSTRONG CREEK,GREATER GEELONG,22750,Barwon,healthcare,clinic,Clinic,1
ARMSTRONG CREEK,GREATER GEELONG,22750,Barwon,healthcare,pharmacy,Pharmacy,2
ARMSTRONG CREEK,GREATER GEELONG,22750,Barwon,public_transport,bus_stop,Bus Stop,18
ARMSTRONG CREEK,GREATER GEELONG,22750,Barwon,public_transport,stop_position,Public Transport Stop Position,1
ARMSTRONG CREEK,GREATER GEELONG,22750,Barwon,recreation,garden,Garden,3
ARMSTRONG CREEK,GREATER GEELONG,22750,Barwon,recreation,nature_reserve,Nature Reserve,4
ARMSTRONG CREEK,GREATER GEELONG,22750,Barwon,recreation,park,Park,70
ARMSTRONG CREEK,GREATER GEELONG,22750,Barwon,recreation,playground,Playground,9
ARMSTRONG CREEK,GREATER GEELONG,22750,Barwon,shopping,convenience_store,Convenience Store,6
ARMSTRONG CREEK,GREATER GEELONG,22750,Barwon,shopping,supermarket,Supermarket,6
ARNOLD,LODDON,23940,Loddon Campaspe,recreation,nature_reserve,Nature Reserve,4
ASCOT (BALLARAT),BALLARAT,20570,Central Highlands,recreation,playground,Playground,3
ASCOT (BENDIGO),GREATER BENDIGO,22620,Loddon Campaspe,education,kindergarten,Kindergarten,3
ASCOT (BENDIGO),GREATER BENDIGO,22620,Loddon Campaspe,healthcare,clinic,Clinic,2
ASCOT (BENDIGO),GREATER BENDIGO,22620,Loddon Campaspe,public_transport,bus_stop,Bus Stop,3
ASCOT (BENDIGO),GREATER BENDIGO,22620,Loddon Campaspe,recreation,nature_reserve,Nature Reserve,2
ASCOT (BENDIGO),GREATER BENDIGO,22620,Loddon Campaspe,recreation,park,Park,14
ASCOT (BENDIGO),GREATER BENDIGO,22620,Loddon Campaspe,recreation,playground,Playground,5
ASCOT (BENDIGO),GREATER BENDIGO,22620,Loddon Campaspe,recreation,sports_centre,Sports Centre,2
ATHLONE,BAW BAW,20830,Gippsland,community,community_centre,Community Centre,2
ATHLONE,BAW BAW,20830,Gippsland,recreation,park,Park,4
AUBREY,YARRIAMBIACK,27630,Wimmera Southern Mallee,community,community_centre,Community Centre,2
AUBREY,YARRIAMBIACK,27630,Wimmera Southern Mallee,recreation,nature_reserve,Nature Reserve,2
AVALON,GREATER GEELONG,22750,Barwon,education,school,School,2
AVALON,GREATER GEELONG,22750,Barwon,public_transport,bus_stop,Bus Stop,2
AVALON,GREATER GEELONG,22750,Barwon,recreation,nature_reserve,Nature Reserve,2
AVALON,GREATER GEELONG,22750,Barwon,recreation,playground,Playground,1
AVALON,GREATER GEELONG,22750,Barwon,recreation,sports_centre,Sports Centre,2
AVALON,GREATER GEELONG,22750,Barwon,shopping,convenience_store,Convenience Store,1
AVALON,GREATER GEELONG,22750,Barwon,shopping,supermarket,Supermarket,1
AVENEL,STRATHBOGIE,26430,Goulburn,education,school,School,2
AVENEL,STRATHBOGIE,26430,Goulburn,public_transport,bus_stop,Bus Stop,2
AVENEL,STRATHBOGIE,26430,Goulburn,public_transport,platform,Public Transport Platform,2
AVENEL,STRATHBOGIE,26430,Goulburn,public_transport,railway_station,Railway Station,1
AVENEL,STRATHBOGIE,26430,Goulburn,public_transport,stop_position,Public Transport Stop Position,1
AVENEL,STRATHBOGIE,26430,Goulburn,recreation,park,Park,4
AVENEL,STRATHBOGIE,26430,Goulburn,recreation,playground,Playground,1
AVENEL,STRATHBOGIE,26430,Goulburn,recreation,sports_centre,Sports Centre,3
AVENEL,STRATHBOGIE,26430,Goulburn,shopping,convenience_store,Convenience Store,2
AVOCA,PYRENEES,25990,Central Highlands,education,school,School,2
AVOCA,PYRENEES,25990,Central Highlands,recreation,garden,Garden,1
AVOCA,PYRENEES,25990,Central Highlands,recreation,nature_reserve,Nature Reserve,6
AVOCA,PYRENEES,25990,Central Highlands,recreation,park,Park,4
AVOCA,PYRENEES,25990,Central Highlands,recreation,playground,Playground,1
AVOCA,PYRENEES,25990,Central Highlands,recreation,sports_centre,Sports Centre,2
AVOCA,PYRENEES,25990,Central Highlands,shopping,supermarket,Supermarket,1
AVON PLAINS,NORTHERN GRAMPIANS,25810,Wimmera Southern Mallee,recreation,nature_reserve,Nature Reserve,6
AXE CREEK,GREATER BENDIGO,22620,Loddon Campaspe,education,school,School,2
AXE CREEK,GREATER BENDIGO,22620,Loddon Campaspe,recreation,garden,Garden,12
AXEDALE,GREATER BENDIGO,22620,Loddon Campaspe,community,town_hall,Town Hall,1
AXEDALE,GREATER BENDIGO,22620,Loddon Campaspe,education,school,School,2
AXEDALE,GREATER BENDIGO,22620,Loddon Campaspe,public_transport,bus_stop,Bus Stop,2
AXEDALE,GREATER BENDIGO,22620,Loddon Campaspe,recreation,nature_reserve,Nature Reserve,9
AXEDALE,GREATER BENDIGO,22620,Loddon Campaspe,recreation,playground,Playground,1
BACCHUS MARSH,MOORABOOL,25150,Central Highlands,community,community_centre,Community Centre,1
BACCHUS MARSH,MOORABOOL,25150,Central Highlands,community,library,Library,2
BACCHUS MARSH,MOORABOOL,25150,Central Highlands,community,social_facility,Social Facility,7
BACCHUS MARSH,MOORABOOL,25150,Central Highlands,education,childcare,Childcare Centre,2
BACCHUS MARSH,MOORABOOL,25150,Central Highlands,education,college,College,1
BACCHUS MARSH,MOORABOOL,25150,Central Highlands,education,school,School,4
BACCHUS MARSH,MOORABOOL,25150,Central Highlands,healthcare,clinic,Clinic,6
BACCHUS MARSH,MOORABOOL,25150,Central Highlands,healthcare,dentist,Dentist,1
BACCHUS MARSH,MOORABOOL,25150,Central Highlands,healthcare,doctor,Doctor,3
BACCHUS MARSH,MOORABOOL,25150,Central Highlands,healthcare,hospital,Hospital,2
BACCHUS MARSH,MOORABOOL,25150,Central Highlands,healthcare,pharmacy,Pharmacy,1
BACCHUS MARSH,MOORABOOL,25150,Central Highlands,public_transport,bus_stop,Bus Stop,19
BACCHUS MARSH,MOORABOOL,25150,Central Highlands,recreation,nature_reserve,Nature Reserve,2
BACCHUS MARSH,MOORABOOL,25150,Central Highlands,recreation,park,Park,43
BACCHUS MARSH,MOORABOOL,25150,Central Highlands,recreation,playground,Playground,10
BACCHUS MARSH,MOORABOOL,25150,Central Highlands,recreation,sports_centre,Sports Centre,1
BACCHUS MARSH,MOORABOOL,25150,Central Highlands,shopping,convenience_store,Convenience Store,10
BACCHUS MARSH,MOORABOOL,25150,Central Highlands,shopping,supermarket,Supermarket,5
BADDAGINNIE,BENALLA,21010,Ovens Murray,education,school,School,2
BADDAGINNIE,BENALLA,21010,Ovens Murray,recreation,nature_reserve,Nature Reserve,7
BAEL BAEL,GANNAWARRA,22250,Mallee,recreation,nature_reserve,Nature Reserve,1
BAGSHOT,GREATER BENDIGO,22620,Loddon Campaspe,public_transport,bus_stop,Bus Stop,1
BAGSHOT,GREATER BENDIGO,22620,Loddon Campaspe,recreation,park,Park,2
BAGSHOT NORTH,GREATER BENDIGO,22620,Loddon Campaspe,recreation,sports_centre,Sports Centre,2
BAHGALLAH,GLENELG,22410,Great South Coast,recreation,nature_reserve,Nature Reserve,5
BAILIESTON,STRATHBOGIE,26430,Goulburn,recreation,nature_reserve,Nature Reserve,4
BAIRNSDALE,EAST GIPPSLAND,22110,Gippsland,community,community_centre,Community Centre,2
BAIRNSDALE,EAST GIPPSLAND,22110,Gippsland,community,library,Library,1
BAIRNSDALE,EAST GIPPSLAND,22110,Gippsland,community,social_facility,Social Facility,3
BAIRNSDALE,EAST GIPPSLAND,22110,Gippsland,education,college,College,4
BAIRNSDALE,EAST GIPPSLAND,22110,Gippsland,education,kindergarten,Kindergarten,2
BAIRNSDALE,EAST GIPPSLAND,22110,Gippsland,education,school,School,17
BAIRNSDALE,EAST GIPPSLAND,22110,Gippsland,healthcare,clinic,Clinic,3
BAIRNSDALE,EAST GIPPSLAND,22110,Gippsland,healthcare,doctor,Doctor,2
BAIRNSDALE,EAST GIPPSLAND,22110,Gippsland,healthcare,hospital,Hospital,2
BAIRNSDALE,EAST GIPPSLAND,22110,Gippsland,healthcare,pharmacy,Pharmacy,3
BAIRNSDALE,EAST GIPPSLAND,22110,Gippsland,public_transport,bus_station,Bus Station,1
BAIRNSDALE,EAST GIPPSLAND,22110,Gippsland,public_transport,bus_stop,Bus Stop,26
BAIRNSDALE,EAST GIPPSLAND,22110,Gippsland,public_transport,platform,Public Transport Platform,1
BAIRNSDALE,EAST GIPPSLAND,22110,Gippsland,public_transport,railway_station,Railway Station,1
BAIRNSDALE,EAST GIPPSLAND,22110,Gippsland,public_transport,stop_position,Public Transport Stop Position,5
BAIRNSDALE,EAST GIPPSLAND,22110,Gippsland,recreation,nature_reserve,Nature Reserve,4
BAIRNSDALE,EAST GIPPSLAND,22110,Gippsland,recreation,park,Park,19
BAIRNSDALE,EAST GIPPSLAND,22110,Gippsland,recreation,playground,Playground,4
BAIRNSDALE,EAST GIPPSLAND,22110,Gippsland,recreation,sports_centre,Sports Centre,4
BAIRNSDALE,EAST GIPPSLAND,22110,Gippsland,shopping,convenience_store,Convenience Store,8
BAIRNSDALE,EAST GIPPSLAND,22110,Gippsland,shopping,supermarket,Supermarket,6
BAKERY HILL,BALLARAT,20570,Central Highlands,public_transport,bus_stop,Bus Stop,2
BAKERY HILL,BALLARAT,20570,Central Highlands,recreation,garden,Garden,4
BALLAN,MOORABOOL,25150,Central Highlands,education,college,College,2
BALLAN,MOORABOOL,25150,Central Highlands,education,kindergarten,Kindergarten,1
BALLAN,MOORABOOL,25150,Central Highlands,education,school,School,4
BALLAN,MOORABOOL,25150,Central Highlands,healthcare,hospital,Hospital,1
BALLAN,MOORABOOL,25150,Central Highlands,healthcare,pharmacy,Pharmacy,1
BALLAN,MOORABOOL,25150,Central Highlands,public_transport,bus_stop,Bus Stop,10
BALLAN,MOORABOOL,25150,Central Highlands,public_transport,platform,Public Transport Platform,1
BALLAN,MOORABOOL,25150,Central Highlands,public_transport,railway_station,Railway Station,1
BALLAN,MOORABOOL,25150,Central Highlands,public_transport,stop_position,Public Transport Stop Position,4
BALLAN,MOORABOOL,25150,Central Highlands,recreation,nature_reserve,Nature Reserve,6
BALLAN,MOORABOOL,25150,Central Highlands,recreation,park,Park,10
BALLAN,MOORABOOL,25150,Central Highlands,recreation,playground,Playground,2
BALLAN,MOORABOOL,25150,Central Highlands,shopping,convenience_store,Convenience Store,2
BALLAN,MOORABOOL,25150,Central Highlands,shopping,supermarket,Supermarket,1
BALLANGEICH,MOYNE,25490,Great South Coast,public_transport,bus_stop,Bus Stop,1
BALLARAT CENTRAL,BALLARAT,20570,Central Highlands,community,library,Library,2
BALLARAT CENTRAL,BALLARAT,20570,Central Highlands,community,town_hall,Town Hall,2
BALLARAT CENTRAL,BALLARAT,20570,Central Highlands,education,college,College,3
BALLARAT CENTRAL,BALLARAT,20570,Central Highlands,education,kindergarten,Kindergarten,2
BALLARAT CENTRAL,BALLARAT,20570,Central Highlands,education,school,School,6
BALLARAT CENTRAL,BALLARAT,20570,Central Highlands,healthcare,dentist,Dentist,2
BALLARAT CENTRAL,BALLARAT,20570,Central Highlands,healthcare,doctor,Doctor,14
BALLARAT CENTRAL,BALLARAT,20570,Central Highlands,healthcare,hospital,Hospital,4
BALLARAT CENTRAL,BALLARAT,20570,Central Highlands,healthcare,pharmacy,Pharmacy,11
BALLARAT CENTRAL,BALLARAT,20570,Central Highlands,public_transport,bus_station,Bus Station,2
BALLARAT CENTRAL,BALLARAT,20570,Central Highlands,public_transport,bus_stop,Bus Stop,50
BALLARAT CENTRAL,BALLARAT,20570,Central Highlands,public_transport,platform,Public Transport Platform,1
BALLARAT CENTRAL,BALLARAT,20570,Central Highlands,public_transport,railway_station,Railway Station,1
BALLARAT CENTRAL,BALLARAT,20570,Central Highlands,public_transport,stop_position,Public Transport Stop Position,3
BALLARAT CENTRAL,BALLARAT,20570,Central Highlands,recreation,garden,Garden,2
BALLARAT CENTRAL,BALLARAT,20570,Central Highlands,recreation,park,Park,44
BALLARAT CENTRAL,BALLARAT,20570,Central Highlands,recreation,playground,Playground,5
BALLARAT CENTRAL,BALLARAT,20570,Central Highlands,shopping,convenience_store,Convenience Store,6
BALLARAT CENTRAL,BALLARAT,20570,Central Highlands,shopping,supermarket,Supermarket,10
BALLARAT EAST,BALLARAT,20570,Central Highlands,community,community_centre,Community Centre,2
BALLARAT EAST,BALLARAT,20570,Central Highlands,community,social_facility,Social Facility,2
BALLARAT EAST,BALLARAT,20570,Central Highlands,education,childcare,Childcare Centre,3
BALLARAT EAST,BALLARAT,20570,Central Highlands,education,school,School,6
BALLARAT EAST,BALLARAT,20570,Central Highlands,healthcare,pharmacy,Pharmacy,1
BALLARAT EAST,BALLARAT,20570,Central Highlands,public_transport,bus_stop,Bus Stop,18
BALLARAT EAST,BALLARAT,20570,Central Highlands,public_transport,platform,Public Transport Platform,1
BALLARAT EAST,BALLARAT,20570,Central Highlands,recreation,garden,Garden,7
BALLARAT EAST,BALLARAT,20570,Central Highlands,recreation,nature_reserve,Nature Reserve,2
BALLARAT EAST,BALLARAT,20570,Central Highlands,recreation,park,Park,51
BALLARAT EAST,BALLARAT,20570,Central Highlands,recreation,playground,Playground,5
BALLARAT EAST,BALLARAT,20570,Central Highlands,recreation,sports_centre,Sports Centre,2
BALLARAT EAST,BALLARAT,20570,Central Highlands,shopping,supermarket,Supermarket,3
BALLARAT NORTH,BALLARAT,20570,Central Highlands,education,kindergarten,Kindergarten,2
BALLARAT NORTH,BALLARAT,20570,Central Highlands,education,school,School,2
BALLARAT NORTH,BALLARAT,20570,Central Highlands,healthcare,pharmacy,Pharmacy,1
BALLARAT NORTH,BALLARAT,20570,Central Highlands,public_transport,bus_stop,Bus Stop,11
BALLARAT NORTH,BALLARAT,20570,Central Highlands,recreation,park,Park,14
BALLARAT NORTH,BALLARAT,20570,Central Highlands,recreation,playground,Playground,14
BALLARAT NORTH,BALLARAT,20570,Central Highlands,shopping,convenience_store,Convenience Store,1
BALLARAT NORTH,BALLARAT,20570,Central Highlands,shopping,supermarket,Supermarket,2
BALLIANG,GREATER GEELONG,22750,Barwon,recreation,nature_reserve,Nature Reserve,2
BALLIANG,MOORABOOL,25150,Central Highlands,community,community_centre,Community Centre,2
BALLIANG,MOORABOOL,25150,Central Highlands,recreation,nature_reserve,Nature Reserve,1
BALLIANG,MOORABOOL,25150,Central Highlands,recreation,park,Park,2
BALLIANG,MOORABOOL,25150,Central Highlands,recreation,playground,Playground,2
BALLIANG EAST,MOORABOOL,25150,Central Highlands,education,school,School,2
BALLIANG EAST,MOORABOOL,25150,Central Highlands,recreation,park,Park,2
BALLYROGAN,ARARAT,20260,Central Highlands,recreation,nature_reserve,Nature Reserve,2
BALMATTUM,STRATHBOGIE,26430,Goulburn,recreation,nature_reserve,Nature Reserve,3
BALMORAL,SOUTHERN GRAMPIANS,26260,Great South Coast,community,community_centre,Community Centre,2
BALMORAL,SOUTHERN GRAMPIANS,26260,Great South Coast,education,school,School,2
BALMORAL,SOUTHERN GRAMPIANS,26260,Great South Coast,healthcare,clinic,Clinic,1
BALMORAL,SOUTHERN GRAMPIANS,26260,Great South Coast,recreation,nature_reserve,Nature Reserve,7
BALMORAL,SOUTHERN GRAMPIANS,26260,Great South Coast,recreation,park,Park,6
BALMORAL,SOUTHERN GRAMPIANS,26260,Great South Coast,recreation,playground,Playground,1
BALMORAL,SOUTHERN GRAMPIANS,26260,Great South Coast,recreation,sports_centre,Sports Centre,2
BALMORAL,SOUTHERN GRAMPIANS,26260,Great South Coast,shopping,supermarket,Supermarket,1
BALOOK,LATROBE,23810,Gippsland,recreation,nature_reserve,Nature Reserve,1
BALOOK,WELLINGTON,26810,Gippsland,recreation,nature_reserve,Nature Reserve,2
BAMAWM,CAMPASPE,21370,Loddon Campaspe,recreation,park,Park,4
BAMAWM EXTENSION,CAMPASPE,21370,Loddon Campaspe,recreation,nature_reserve,Nature Reserve,2
BAMBRA,SURF COAST,26490,Barwon,recreation,nature_reserve,Nature Reserve,2
BANDIANA,WODONGA,27170,Ovens Murray,education,school,School,2
BANDIANA,WODONGA,27170,Ovens Murray,public_transport,bus_stop,Bus Stop,1
BANDIANA,WODONGA,27170,Ovens Murray,recreation,park,Park,10
BANDIANA,WODONGA,27170,Ovens Murray,recreation,playground,Playground,2
BANGERANG,YARRIAMBIACK,27630,Wimmera Southern Mallee,recreation,nature_reserve,Nature Reserve,6
BANNERTON,SWAN HILL,26610,Mallee,public_transport,bus_stop,Bus Stop,1
BANNERTON,SWAN HILL,26610,Mallee,recreation,nature_reserve,Nature Reserve,5
BANNOCKBURN,GOLDEN PLAINS,22490,Central Highlands,community,library,Library,2
BANNOCKBURN,GOLDEN PLAINS,22490,Central Highlands,community,social_facility,Social Facility,2
BANNOCKBURN,GOLDEN PLAINS,22490,Central Highlands,education,kindergarten,Kindergarten,3
BANNOCKBURN,GOLDEN PLAINS,22490,Central Highlands,education,school,School,4
BANNOCKBURN,GOLDEN PLAINS,22490,Central Highlands,healthcare,doctor,Doctor,1
BANNOCKBURN,GOLDEN PLAINS,22490,Central Highlands,healthcare,pharmacy,Pharmacy,1
BANNOCKBURN,GOLDEN PLAINS,22490,Central Highlands,public_transport,bus_stop,Bus Stop,3
BANNOCKBURN,GOLDEN PLAINS,22490,Central Highlands,recreation,nature_reserve,Nature Reserve,2
BANNOCKBURN,GOLDEN PLAINS,22490,Central Highlands,recreation,park,Park,14
BANNOCKBURN,GOLDEN PLAINS,22490,Central Highlands,recreation,playground,Playground,2
BANNOCKBURN,GOLDEN PLAINS,22490,Central Highlands,recreation,sports_centre,Sports Centre,4
BANNOCKBURN,GOLDEN PLAINS,22490,Central Highlands,shopping,convenience_store,Convenience Store,3
BANNOCKBURN,GOLDEN PLAINS,22490,Central Highlands,shopping,supermarket,Supermarket,2
BANYAN,BULOKE,21270,Mallee,recreation,nature_reserve,Nature Reserve,3
BANYENA,NORTHERN GRAMPIANS,25810,Wimmera Southern Mallee,community,community_centre,Community Centre,2
BANYENA,NORTHERN GRAMPIANS,25810,Wimmera Southern Mallee,recreation,nature_reserve,Nature Reserve,6
BARANDUDA,WODONGA,27170,Ovens Murray,community,community_centre,Community Centre,4
BARANDUDA,WODONGA,27170,Ovens Murray,education,childcare,Childcare Centre,2
BARANDUDA,WODONGA,27170,Ovens Murray,education,kindergarten,Kindergarten,1
BARANDUDA,WODONGA,27170,Ovens Murray,education,school,School,4
BARANDUDA,WODONGA,27170,Ovens Murray,public_transport,bus_stop,Bus Stop,8
BARANDUDA,WODONGA,27170,Ovens Murray,recreation,park,Park,8
BARANDUDA,WODONGA,27170,Ovens Murray,recreation,playground,Playground,16
BARANDUDA,WODONGA,27170,Ovens Murray,recreation,sports_centre,Sports Centre,6
BARANDUDA,WODONGA,27170,Ovens Murray,shopping,convenience_store,Convenience Store,2
BARANDUDA,WODONGA,27170,Ovens Murray,shopping,supermarket,Supermarket,2
BARINGHUP,MOUNT ALEXANDER,25430,Loddon Campaspe,community,community_centre,Community Centre,2
BARINGHUP WEST,MOUNT ALEXANDER,25430,Loddon Campaspe,recreation,park,Park,2
BARJARG,MANSFIELD,24250,Ovens Murray,recreation,nature_reserve,Nature Reserve,2
BARKERS CREEK,MOUNT ALEXANDER,25430,Loddon Campaspe,public_transport,bus_stop,Bus Stop,1
BARKERS CREEK,MOUNT ALEXANDER,25430,Loddon Campaspe,recreation,nature_reserve,Nature Reserve,5
BARKLY,PYRENEES,25990,Central Highlands,community,community_centre,Community Centre,2
BARKLY,PYRENEES,25990,Central Highlands,recreation,nature_reserve,Nature Reserve,6
BARKLY,PYRENEES,25990,Central Highlands,recreation,playground,Playground,6
BARMAH,MOIRA,24900,Goulburn,public_transport,bus_stop,Bus Stop,2
BARMAH,MOIRA,24900,Goulburn,recreation,nature_reserve,Nature Reserve,6
BARMAH,MOIRA,24900,Goulburn,recreation,park,Park,2
BARNADOWN,GREATER BENDIGO,22620,Loddon Campaspe,recreation,nature_reserve,Nature Reserve,1
BARNAWARTHA,INDIGO,23350,Ovens Murray,community,town_hall,Town Hall,2
BARNAWARTHA,INDIGO,23350,Ovens Murray,education,school,School,2
BARNAWARTHA,INDIGO,23350,Ovens Murray,public_transport,bus_stop,Bus Stop,1
BARNAWARTHA,INDIGO,23350,Ovens Murray,public_transport,platform,Public Transport Platform,1
BARNAWARTHA,INDIGO,23350,Ovens Murray,recreation,nature_reserve,Nature Reserve,4
BARNAWARTHA,INDIGO,23350,Ovens Murray,recreation,park,Park,2
BARNAWARTHA,INDIGO,23350,Ovens Murray,recreation,sports_centre,Sports Centre,2
BARNAWARTHA,INDIGO,23350,Ovens Murray,shopping,convenience_store,Convenience Store,1
BARNAWARTHA NORTH,WODONGA,27170,Ovens Murray,education,college,College,2
BARNAWARTHA NORTH,WODONGA,27170,Ovens Murray,recreation,nature_reserve,Nature Reserve,2
BARONGAROOK WEST,COLAC OTWAY,21750,Barwon,recreation,nature_reserve,Nature Reserve,2
BARRAKEE,BULOKE,21270,Mallee,recreation,nature_reserve,Nature Reserve,1
BARRAMUNGA,COLAC OTWAY,21750,Barwon,public_transport,bus_stop,Bus Stop,1
BARRAMUNGA,COLAC OTWAY,21750,Barwon,recreation,nature_reserve,Nature Reserve,2
BARRAPORT,LODDON,23940,Loddon Campaspe,public_transport,bus_stop,Bus Stop,2
BARRAPORT,LODDON,23940,Loddon Campaspe,recreation,garden,Garden,2
BARRAPORT,LODDON,23940,Loddon Campaspe,recreation,nature_reserve,Nature Reserve,4
BARRAPORT WEST,LODDON,23940,Loddon Campaspe,recreation,nature_reserve,Nature Reserve,2
BARUNAH PARK,GOLDEN PLAINS,22490,Central Highlands,recreation,sports_centre,Sports Centre,2
BARWIDGEE,ALPINE,20110,Ovens Murray,recreation,nature_reserve,Nature Reserve,4
BARWIDGEE,ALPINE,20110,Ovens Murray,recreation,sports_centre,Sports Centre,2
BARWITE,MANSFIELD,24250,Ovens Murray,recreation,nature_reserve,Nature Reserve,2
BARWON DOWNS,COLAC OTWAY,21750,Barwon,public_transport,bus_stop,Bus Stop,2
BARWON DOWNS,COLAC OTWAY,21750,Barwon,recreation,nature_reserve,Nature Reserve,2
BARWON DOWNS,COLAC OTWAY,21750,Barwon,recreation,sports_centre,Sports Centre,2
BARWON HEADS,GREATER GEELONG,22750,Barwon,education,school,School,2
BARWON HEADS,GREATER GEELONG,22750,Barwon,healthcare,pharmacy,Pharmacy,1
BARWON HEADS,GREATER GEELONG,22750,Barwon,public_transport,bus_stop,Bus Stop,2
BARWON HEADS,GREATER GEELONG,22750,Barwon,recreation,garden,Garden,2
BARWON HEADS,GREATER GEELONG,22750,Barwon,recreation,park,Park,20
BARWON HEADS,GREATER GEELONG,22750,Barwon,recreation,playground,Playground,6
BARWON HEADS,GREATER GEELONG,22750,Barwon,shopping,supermarket,Supermarket,1
BASS,BASS COAST,20740,Gippsland,recreation,nature_reserve,Nature Reserve,2
BASS,BASS COAST,20740,Gippsland,recreation,park,Park,4
BASS,BASS COAST,20740,Gippsland,recreation,playground,Playground,1
BASS,BASS COAST,20740,Gippsland,shopping,convenience_store,Convenience Store,2
BATESFORD,GOLDEN PLAINS,22490,Central Highlands,recreation,nature_reserve,Nature Reserve,2
BATESFORD,GOLDEN PLAINS,22490,Central Highlands,recreation,park,Park,2
BATESFORD,GOLDEN PLAINS,22490,Central Highlands,recreation,playground,Playground,2
BATESFORD,GREATER GEELONG,22750,Barwon,community,town_hall,Town Hall,2
BATESFORD,GREATER GEELONG,22750,Barwon,education,school,School,2
BATESFORD,GREATER GEELONG,22750,Barwon,public_transport,bus_stop,Bus Stop,2
BATESFORD,GREATER GEELONG,22750,Barwon,recreation,garden,Garden,4
BATESFORD,GREATER GEELONG,22750,Barwon,recreation,nature_reserve,Nature Reserve,2
BATESFORD,GREATER GEELONG,22750,Barwon,recreation,playground,Playground,4
BATESFORD,GREATER GEELONG,22750,Barwon,recreation,sports_centre,Sports Centre,2
BAW BAW,BAW BAW,20830,Gippsland,recreation,nature_reserve,Nature Reserve,7
BAYINDEEN,ARARAT,20260,Central Highlands,recreation,nature_reserve,Nature Reserve,3
BAYNTON,MACEDON RANGES,24130,Loddon Campaspe,community,community_centre,Community Centre,2
BAYNTON,MACEDON RANGES,24130,Loddon Campaspe,recreation,nature_reserve,Nature Reserve,2
BEALIBA,CENTRAL GOLDFIELDS,21670,Loddon Campaspe,education,school,School,1
BEALIBA,CENTRAL GOLDFIELDS,21670,Loddon Campaspe,public_transport,bus_stop,Bus Stop,2
BEALIBA,CENTRAL GOLDFIELDS,21670,Loddon Campaspe,recreation,nature_reserve,Nature Reserve,13
BEALIBA,CENTRAL GOLDFIELDS,21670,Loddon Campaspe,recreation,park,Park,2
BEALIBA,CENTRAL GOLDFIELDS,21670,Loddon Campaspe,recreation,playground,Playground,2
BEALIBA,LODDON,23940,Loddon Campaspe,recreation,nature_reserve,Nature Reserve,1
BEAUCHAMP,GANNAWARRA,22250,Mallee,recreation,nature_reserve,Nature Reserve,10
BEAUFORT,PYRENEES,25990,Central Highlands,community,community_centre,Community Centre,2
BEAUFORT,PYRENEES,25990,Central Highlands,community,library,Library,2
BEAUFORT,PYRENEES,25990,Central Highlands,community,town_hall,Town Hall,2
BEAUFORT,PYRENEES,25990,Central Highlands,education,school,School,4
BEAUFORT,PYRENEES,25990,Central Highlands,healthcare,hospital,Hospital,2
BEAUFORT,PYRENEES,25990,Central Highlands,public_transport,bus_stop,Bus Stop,5
BEAUFORT,PYRENEES,25990,Central Highlands,public_transport,platform,Public Transport Platform,1
BEAUFORT,PYRENEES,25990,Central Highlands,public_transport,railway_station,Railway Station,1
BEAUFORT,PYRENEES,25990,Central Highlands,public_transport,stop_position,Public Transport Stop Position,2
BEAUFORT,PYRENEES,25990,Central Highlands,recreation,garden,Garden,2
BEAUFORT,PYRENEES,25990,Central Highlands,recreation,nature_reserve,Nature Reserve,5
BEAUFORT,PYRENEES,25990,Central Highlands,recreation,park,Park,18
BEAUFORT,PYRENEES,25990,Central Highlands,recreation,playground,Playground,6
BEAUFORT,PYRENEES,25990,Central Highlands,shopping,convenience_store,Convenience Store,2
BEAUFORT,PYRENEES,25990,Central Highlands,shopping,supermarket,Supermarket,2
BEAZLEYS BRIDGE,NORTHERN GRAMPIANS,25810,Wimmera Southern Mallee,recreation,nature_reserve,Nature Reserve,2
BEEAC,COLAC OTWAY,21750,Barwon,education,school,School,2
BEEAC,COLAC OTWAY,21750,Barwon,healthcare,clinic,Clinic,2
BEEAC,COLAC OTWAY,21750,Barwon,recreation,nature_reserve,Nature Reserve,2
BEEAC,COLAC OTWAY,21750,Barwon,recreation,park,Park,4
BEEAC,COLAC OTWAY,21750,Barwon,recreation,sports_centre,Sports Centre,2
BEECH FOREST,COLAC OTWAY,21750,Barwon,public_transport,bus_station,Bus Station,1
BEECH FOREST,COLAC OTWAY,21750,Barwon,recreation,park,Park,6
BEECH FOREST,COLAC OTWAY,21750,Barwon,recreation,playground,Playground,2
BEECHWORTH,INDIGO,23350,Ovens Murray,education,kindergarten,Kindergarten,2
BEECHWORTH,INDIGO,23350,Ovens Murray,education,school,School,8
BEECHWORTH,INDIGO,23350,Ovens Murray,healthcare,hospital,Hospital,2
BEECHWORTH,INDIGO,23350,Ovens Murray,healthcare,pharmacy,Pharmacy,1
BEECHWORTH,INDIGO,23350,Ovens Murray,public_transport,bus_stop,Bus Stop,1
BEECHWORTH,INDIGO,23350,Ovens Murray,public_transport,stop_position,Public Transport Stop Position,1
BEECHWORTH,INDIGO,23350,Ovens Murray,recreation,garden,Garden,25
BEECHWORTH,INDIGO,23350,Ovens Murray,recreation,nature_reserve,Nature Reserve,6
BEECHWORTH,INDIGO,23350,Ovens Murray,recreation,park,Park,20
BEECHWORTH,INDIGO,23350,Ovens Murray,recreation,playground,Playground,4
BEECHWORTH,INDIGO,23350,Ovens Murray,recreation,sports_centre,Sports Centre,2
BEECHWORTH,INDIGO,23350,Ovens Murray,shopping,supermarket,Supermarket,3
BELL PARK,GREATER GEELONG,22750,Barwon,community,social_facility,Social Facility,2
BELL PARK,GREATER GEELONG,22750,Barwon,education,kindergarten,Kindergarten,2
BELL PARK,GREATER GEELONG,22750,Barwon,education,school,School,8
BELL PARK,GREATER GEELONG,22750,Barwon,healthcare,clinic,Clinic,1
BELL PARK,GREATER GEELONG,22750,Barwon,healthcare,dentist,Dentist,1
BELL PARK,GREATER GEELONG,22750,Barwon,healthcare,pharmacy,Pharmacy,5
BELL PARK,GREATER GEELONG,22750,Barwon,public_transport,bus_stop,Bus Stop,9
BELL PARK,GREATER GEELONG,22750,Barwon,public_transport,stop_position,Public Transport Stop Position,8
BELL PARK,GREATER GEELONG,22750,Barwon,recreation,garden,Garden,4
BELL PARK,GREATER GEELONG,22750,Barwon,recreation,park,Park,17
BELL PARK,GREATER GEELONG,22750,Barwon,recreation,playground,Playground,9
BELL PARK,GREATER GEELONG,22750,Barwon,shopping,convenience_store,Convenience Store,3
BELL PARK,GREATER GEELONG,22750,Barwon,shopping,supermarket,Supermarket,6
BELL POST HILL,GREATER GEELONG,22750,Barwon,education,kindergarten,Kindergarten,2
BELL POST HILL,GREATER GEELONG,22750,Barwon,education,school,School,6
BELL POST HILL,GREATER GEELONG,22750,Barwon,public_transport,bus_stop,Bus Stop,8
BELL POST HILL,GREATER GEELONG,22750,Barwon,public_transport,stop_position,Public Transport Stop Position,2
BELL POST HILL,GREATER GEELONG,22750,Barwon,recreation,garden,Garden,24
BELL POST HILL,GREATER GEELONG,22750,Barwon,recreation,park,Park,20
BELL POST HILL,GREATER GEELONG,22750,Barwon,recreation,playground,Playground,24
BELL POST HILL,GREATER GEELONG,22750,Barwon,recreation,sports_centre,Sports Centre,2
BELL POST HILL,GREATER GEELONG,22750,Barwon,shopping,convenience_store,Convenience Store,2
BELLARINE,GREATER GEELONG,22750,Barwon,public_transport,bus_stop,Bus Stop,4
BELLBIRD CREEK,EAST GIPPSLAND,22110,Gippsland,recreation,playground,Playground,1
BELLBRAE,SURF COAST,26490,Barwon,community,social_facility,Social Facility,2
BELLBRAE,SURF COAST,26490,Barwon,community,town_hall,Town Hall,2
BELLBRAE,SURF COAST,26490,Barwon,education,school,School,2
BELLBRAE,SURF COAST,26490,Barwon,public_transport,bus_stop,Bus Stop,6
BELLBRAE,SURF COAST,26490,Barwon,recreation,park,Park,8
BELLBRAE,SURF COAST,26490,Barwon,recreation,playground,Playground,2
BELLBRAE,SURF COAST,26490,Barwon,recreation,sports_centre,Sports Centre,2
BELLBRIDGE,TOWONG,26670,Ovens Murray,community,community_centre,Community Centre,2
BELLBRIDGE,TOWONG,26670,Ovens Murray,recreation,park,Park,2
BELLBRIDGE,TOWONG,26670,Ovens Murray,recreation,playground,Playground,2
BELLBRIDGE,TOWONG,26670,Ovens Murray,shopping,convenience_store,Convenience Store,1
BELLELLEN,NORTHERN GRAMPIANS,25810,Wimmera Southern Mallee,recreation,nature_reserve,Nature Reserve,2
BELLFIELD (GRAMPIANS),NORTHERN GRAMPIANS,25810,Wimmera Southern Mallee,recreation,nature_reserve,Nature Reserve,2
BELMONT,GREATER GEELONG,22750,Barwon,community,library,Library,2
BELMONT,GREATER GEELONG,22750,Barwon,community,social_facility,Social Facility,6
BELMONT,GREATER GEELONG,22750,Barwon,education,kindergarten,Kindergarten,10
BELMONT,GREATER GEELONG,22750,Barwon,education,school,School,14
BELMONT,GREATER GEELONG,22750,Barwon,healthcare,clinic,Clinic,4
BELMONT,GREATER GEELONG,22750,Barwon,healthcare,dentist,Dentist,6
BELMONT,GREATER GEELONG,22750,Barwon,healthcare,doctor,Doctor,8
BELMONT,GREATER GEELONG,22750,Barwon,healthcare,hospital,Hospital,4
BELMONT,GREATER GEELONG,22750,Barwon,healthcare,pharmacy,Pharmacy,6
BELMONT,GREATER GEELONG,22750,Barwon,public_transport,bus_stop,Bus Stop,61
BELMONT,GREATER GEELONG,22750,Barwon,public_transport,stop_position,Public Transport Stop Position,21
BELMONT,GREATER GEELONG,22750,Barwon,recreation,garden,Garden,30
BELMONT,GREATER GEELONG,22750,Barwon,recreation,park,Park,38
BELMONT,GREATER GEELONG,22750,Barwon,recreation,playground,Playground,62
BELMONT,GREATER GEELONG,22750,Barwon,recreation,sports_centre,Sports Centre,6
BELMONT,GREATER GEELONG,22750,Barwon,shopping,convenience_store,Convenience Store,6
BELMONT,GREATER GEELONG,22750,Barwon,shopping,supermarket,Supermarket,16
BEMM RIVER,EAST GIPPSLAND,22110,Gippsland,community,community_centre,Community Centre,1
BEMM RIVER,EAST GIPPSLAND,22110,Gippsland,recreation,nature_reserve,Nature Reserve,1
BEMM RIVER,EAST GIPPSLAND,22110,Gippsland,recreation,park,Park,2
BEMM RIVER,EAST GIPPSLAND,22110,Gippsland,recreation,playground,Playground,2
BEMM RIVER,EAST GIPPSLAND,22110,Gippsland,shopping,convenience_store,Convenience Store,1
BENA,SOUTH GIPPSLAND,26170,Gippsland,public_transport,bus_stop,Bus Stop,1
BENA,SOUTH GIPPSLAND,26170,Gippsland,recreation,park,Park,2
BENA,SOUTH GIPPSLAND,26170,Gippsland,recreation,playground,Playground,2
BENALLA,BENALLA,21010,Ovens Murray,community,library,Library,2
BENALLA,BENALLA,21010,Ovens Murray,education,school,School,18
BENALLA,BENALLA,21010,Ovens Murray,healthcare,hospital,Hospital,2
BENALLA,BENALLA,21010,Ovens Murray,healthcare,pharmacy,Pharmacy,3
BENALLA,BENALLA,21010,Ovens Murray,public_transport,bus_stop,Bus Stop,36
BENALLA,BENALLA,21010,Ovens Murray,public_transport,platform,Public Transport Platform,1
BENALLA,BENALLA,21010,Ovens Murray,public_transport,railway_station,Railway Station,1
BENALLA,BENALLA,21010,Ovens Murray,public_transport,station,Public Transport Station,2
BENALLA,BENALLA,21010,Ovens Murray,public_transport,stop_position,Public Transport Stop Position,4
BENALLA,BENALLA,21010,Ovens Murray,recreation,garden,Garden,30
BENALLA,BENALLA,21010,Ovens Murray,recreation,nature_reserve,Nature Reserve,12
BENALLA,BENALLA,21010,Ovens Murray,recreation,park,Park,26
BENALLA,BENALLA,21010,Ovens Murray,recreation,playground,Playground,6
BENALLA,BENALLA,21010,Ovens Murray,recreation,sports_centre,Sports Centre,12
BENALLA,BENALLA,21010,Ovens Murray,shopping,convenience_store,Convenience Store,2
BENALLA,BENALLA,21010,Ovens Murray,shopping,supermarket,Supermarket,4
BENAMBRA,EAST GIPPSLAND,22110,Gippsland,community,community_centre,Community Centre,2
BENAMBRA,EAST GIPPSLAND,22110,Gippsland,recreation,nature_reserve,Nature Reserve,12
BENAYEO,WEST WIMMERA,26890,Wimmera Southern Mallee,community,community_centre,Community Centre,2
BENAYEO,WEST WIMMERA,26890,Wimmera Southern Mallee,recreation,nature_reserve,Nature Reserve,4
BENAYEO,WEST WIMMERA,26890,Wimmera Southern Mallee,recreation,park,Park,2
BENDIGO,GREATER BENDIGO,22620,Loddon Campaspe,community,community_centre,Community Centre,4
BENDIGO,GREATER BENDIGO,22620,Loddon Campaspe,community,library,Library,2
BENDIGO,GREATER BENDIGO,22620,Loddon Campaspe,community,social_facility,Social Facility,21
BENDIGO,GREATER BENDIGO,22620,Loddon Campaspe,education,college,College,6
BENDIGO,GREATER BENDIGO,22620,Loddon Campaspe,education,kindergarten,Kindergarten,6
BENDIGO,GREATER BENDIGO,22620,Loddon Campaspe,education,school,School,15
BENDIGO,GREATER BENDIGO,22620,Loddon Campaspe,healthcare,clinic,Clinic,12
BENDIGO,GREATER BENDIGO,22620,Loddon Campaspe,healthcare,dentist,Dentist,3
BENDIGO,GREATER BENDIGO,22620,Loddon Campaspe,healthcare,doctor,Doctor,4
BENDIGO,GREATER BENDIGO,22620,Loddon Campaspe,healthcare,hospital,Hospital,7
BENDIGO,GREATER BENDIGO,22620,Loddon Campaspe,healthcare,pharmacy,Pharmacy,7
BENDIGO,GREATER BENDIGO,22620,Loddon Campaspe,public_transport,bus_station,Bus Station,1
BENDIGO,GREATER BENDIGO,22620,Loddon Campaspe,public_transport,bus_stop,Bus Stop,76
BENDIGO,GREATER BENDIGO,22620,Loddon Campaspe,public_transport,platform,Public Transport Platform,4
BENDIGO,GREATER BENDIGO,22620,Loddon Campaspe,public_transport,stop_position,Public Transport Stop Position,10
BENDIGO,GREATER BENDIGO,22620,Loddon Campaspe,public_transport,tram_stop,Tram Stop,5
BENDIGO,GREATER BENDIGO,22620,Loddon Campaspe,recreation,garden,Garden,35
BENDIGO,GREATER BENDIGO,22620,Loddon Campaspe,recreation,park,Park,32
BENDIGO,GREATER BENDIGO,22620,Loddon Campaspe,recreation,playground,Playground,8
BENDIGO,GREATER BENDIGO,22620,Loddon Campaspe,recreation,sports_centre,Sports Centre,16
BENDIGO,GREATER BENDIGO,22620,Loddon Campaspe,shopping,convenience_store,Convenience Store,6
BENDIGO,GREATER BENDIGO,22620,Loddon Campaspe,shopping,supermarket,Supermarket,9
BENDOC,EAST GIPPSLAND,22110,Gippsland,recreation,nature_reserve,Nature Reserve,11
BENGWORDEN,EAST GIPPSLAND,22110,Gippsland,recreation,nature_reserve,Nature Reserve,3
BENLOCH,MACEDON RANGES,24130,Loddon Campaspe,recreation,nature_reserve,Nature Reserve,3
BENNISON,SOUTH GIPPSLAND,26170,Gippsland,recreation,nature_reserve,Nature Reserve,2
BENWERRIN,SURF COAST,26490,Barwon,recreation,nature_reserve,Nature Reserve,2
BEREMBOKE,MOORABOOL,25150,Central Highlands,recreation,nature_reserve,Nature Reserve,2
BEREMBOKE,MOORABOOL,25150,Central Highlands,recreation,park,Park,2
BEREMBOKE,MOORABOOL,25150,Central Highlands,recreation,playground,Playground,4
BERRINGA,GOLDEN PLAINS,22490,Central Highlands,community,community_centre,Community Centre,2
BERRINGA,GOLDEN PLAINS,22490,Central Highlands,recreation,park,Park,2
BERRINGA,GOLDEN PLAINS,22490,Central Highlands,recreation,playground,Playground,1
BERRINGAMA,TOWONG,26670,Ovens Murray,recreation,nature_reserve,Nature Reserve,2
BERRIWILLOCK,BULOKE,21270,Mallee,public_transport,bus_stop,Bus Stop,1
BERRIWILLOCK,BULOKE,21270,Mallee,recreation,garden,Garden,6
BERRIWILLOCK,BULOKE,21270,Mallee,recreation,nature_reserve,Nature Reserve,4
BERRIWILLOCK,BULOKE,21270,Mallee,recreation,park,Park,2
BERRYS CREEK,SOUTH GIPPSLAND,26170,Gippsland,recreation,park,Park,2
BERRYS CREEK,SOUTH GIPPSLAND,26170,Gippsland,recreation,playground,Playground,1
BESSIEBELLE,MOYNE,25490,Great South Coast,community,community_centre,Community Centre,2
BESSIEBELLE,MOYNE,25490,Great South Coast,recreation,nature_reserve,Nature Reserve,7
BESSIEBELLE,MOYNE,25490,Great South Coast,recreation,sports_centre,Sports Centre,2
BET BET,CENTRAL GOLDFIELDS,21670,Loddon Campaspe,recreation,nature_reserve,Nature Reserve,2
BETE BOLONG,EAST GIPPSLAND,22110,Gippsland,recreation,nature_reserve,Nature Reserve,2
BETE BOLONG NORTH,EAST GIPPSLAND,22110,Gippsland,recreation,nature_reserve,Nature Reserve,2
BETHANGA,TOWONG,26670,Ovens Murray,community,town_hall,Town Hall,2
BETHANGA,TOWONG,26670,Ovens Murray,education,school,School,2
BETHANGA,TOWONG,26670,Ovens Murray,recreation,sports_centre,Sports Centre,2
BETHANGA,TOWONG,26670,Ovens Murray,shopping,convenience_store,Convenience Store,2
BETLEY,CENTRAL GOLDFIELDS,21670,Loddon Campaspe,community,town_hall,Town Hall,1
BEULAH,YARRIAMBIACK,27630,Wimmera Southern Mallee,education,school,School,2
BEULAH,YARRIAMBIACK,27630,Wimmera Southern Mallee,healthcare,hospital,Hospital,2
BEULAH,YARRIAMBIACK,27630,Wimmera Southern Mallee,public_transport,bus_stop,Bus Stop,1
BEULAH,YARRIAMBIACK,27630,Wimmera Southern Mallee,public_transport,platform,Public Transport Platform,1
BEULAH,YARRIAMBIACK,27630,Wimmera Southern Mallee,recreation,nature_reserve,Nature Reserve,10
BEULAH,YARRIAMBIACK,27630,Wimmera Southern Mallee,recreation,sports_centre,Sports Centre,4
BEVERFORD,SWAN HILL,26610,Mallee,education,school,School,2
BEVERIDGE,MITCHELL,24850,Goulburn,community,community_centre,Community Centre,6
BEVERIDGE,MITCHELL,24850,Goulburn,community,social_facility,Social Facility,4
BEVERIDGE,MITCHELL,24850,Goulburn,education,childcare,Childcare Centre,4
BEVERIDGE,MITCHELL,24850,Goulburn,education,school,School,4
BEVERIDGE,MITCHELL,24850,Goulburn,public_transport,bus_stop,Bus Stop,14
BEVERIDGE,MITCHELL,24850,Goulburn,public_transport,stop_position,Public Transport Stop Position,2
BEVERIDGE,MITCHELL,24850,Goulburn,recreation,garden,Garden,4
BEVERIDGE,MITCHELL,24850,Goulburn,recreation,park,Park,46
BEVERIDGE,MITCHELL,24850,Goulburn,recreation,playground,Playground,6
BIG DESERT,HINDMARSH,22980,Wimmera Southern Mallee,recreation,garden,Garden,2
BIG DESERT,HINDMARSH,22980,Wimmera Southern Mallee,recreation,nature_reserve,Nature Reserve,10
BIG DESERT,MILDURA,24780,Mallee,recreation,nature_reserve,Nature Reserve,5
BIG DESERT,WEST WIMMERA,26890,Wimmera Southern Mallee,recreation,nature_reserve,Nature Reserve,2
BIG HILL (BENDIGO),GREATER BENDIGO,22620,Loddon Campaspe,education,school,School,2
BIG HILL (BENDIGO),GREATER BENDIGO,22620,Loddon Campaspe,recreation,playground,Playground,2
BINDI,EAST GIPPSLAND,22110,Gippsland,recreation,nature_reserve,Nature Reserve,1
BINGINWARRI,WELLINGTON,26810,Gippsland,recreation,nature_reserve,Nature Reserve,5
BIRCHIP,BULOKE,21270,Mallee,community,community_centre,Community Centre,2
BIRCHIP,BULOKE,21270,Mallee,education,school,School,2
BIRCHIP,BULOKE,21270,Mallee,healthcare,hospital,Hospital,2
BIRCHIP,BULOKE,21270,Mallee,public_transport,bus_stop,Bus Stop,1
BIRCHIP,BULOKE,21270,Mallee,public_transport,stop_position,Public Transport Stop Position,1
BIRCHIP,BULOKE,21270,Mallee,recreation,garden,Garden,104
BIRCHIP,BULOKE,21270,Mallee,recreation,nature_reserve,Nature Reserve,2
BIRCHIP,BULOKE,21270,Mallee,recreation,park,Park,4
BIRCHIP,BULOKE,21270,Mallee,recreation,playground,Playground,6
BIRCHIP,BULOKE,21270,Mallee,recreation,sports_centre,Sports Centre,6
BIRCHIP,BULOKE,21270,Mallee,shopping,supermarket,Supermarket,1
BIRCHIP WEST,BULOKE,21270,Mallee,recreation,nature_reserve,Nature Reserve,6
BIRDWOODTON,MILDURA,24780,Mallee,public_transport,bus_stop,Bus Stop,1
BIRDWOODTON,MILDURA,24780,Mallee,recreation,garden,Garden,19
BIRREGURRA,COLAC OTWAY,21750,Barwon,education,school,School,2
BIRREGURRA,COLAC OTWAY,21750,Barwon,healthcare,doctor,Doctor,1
BIRREGURRA,COLAC OTWAY,21750,Barwon,healthcare,pharmacy,Pharmacy,1
BIRREGURRA,COLAC OTWAY,21750,Barwon,public_transport,bus_stop,Bus Stop,3
BIRREGURRA,COLAC OTWAY,21750,Barwon,public_transport,platform,Public Transport Platform,2
BIRREGURRA,COLAC OTWAY,21750,Barwon,public_transport,railway_station,Railway Station,1
BIRREGURRA,COLAC OTWAY,21750,Barwon,public_transport,stop_position,Public Transport Stop Position,4
BIRREGURRA,COLAC OTWAY,21750,Barwon,recreation,nature_reserve,Nature Reserve,2
BIRREGURRA,COLAC OTWAY,21750,Barwon,recreation,park,Park,2
BIRREGURRA,COLAC OTWAY,21750,Barwon,recreation,sports_centre,Sports Centre,2
BIRREGURRA,COLAC OTWAY,21750,Barwon,shopping,convenience_store,Convenience Store,1
BLACK HILL,BALLARAT,20570,Central Highlands,education,school,School,2
BLACK HILL,BALLARAT,20570,Central Highlands,public_transport,bus_stop,Bus Stop,5
BLACK HILL,BALLARAT,20570,Central Highlands,recreation,nature_reserve,Nature Reserve,2
BLACK HILL,BALLARAT,20570,Central Highlands,recreation,park,Park,26
BLACK HILL,BALLARAT,20570,Central Highlands,recreation,playground,Playground,5
BLACK RANGE (STAWELL),ARARAT,20260,Central Highlands,recreation,nature_reserve,Nature Reserve,3
BLACK RANGE (STAWELL),NORTHERN GRAMPIANS,25810,Wimmera Southern Mallee,recreation,nature_reserve,Nature Reserve,9
BLACKWOOD,MOORABOOL,25150,Central Highlands,recreation,garden,Garden,4
BLACKWOOD,MOORABOOL,25150,Central Highlands,recreation,nature_reserve,Nature Reserve,1
BLACKWOOD,MOORABOOL,25150,Central Highlands,recreation,park,Park,2
BLACKWOOD,MOORABOOL,25150,Central Highlands,shopping,convenience_store,Convenience Store,1
BLAKEVILLE,MOORABOOL,25150,Central Highlands,recreation,nature_reserve,Nature Reserve,3
BLAKEVILLE,MOORABOOL,25150,Central Highlands,recreation,park,Park,2
BLOWHARD,BALLARAT,20570,Central Highlands,education,school,School,2
BLOWHARD,BALLARAT,20570,Central Highlands,recreation,playground,Playground,1
BOCHARA,SOUTHERN GRAMPIANS,26260,Great South Coast,public_transport,platform,Public Transport Platform,1
BOCHARA,SOUTHERN GRAMPIANS,26260,Great South Coast,recreation,nature_reserve,Nature Reserve,4
BOGONG,ALPINE,20110,Ovens Murray,education,school,School,1
BOGONG,ALPINE,20110,Ovens Murray,recreation,playground,Playground,1
BOHO SOUTH,STRATHBOGIE,26430,Goulburn,community,community_centre,Community Centre,1
BOHO SOUTH,STRATHBOGIE,26430,Goulburn,recreation,playground,Playground,2
BOIGBEAT,BULOKE,21270,Mallee,recreation,garden,Garden,4
BOIGBEAT,BULOKE,21270,Mallee,recreation,nature_reserve,Nature Reserve,1
BOINKA,MILDURA,24780,Mallee,recreation,nature_reserve,Nature Reserve,5
BOISDALE,WELLINGTON,26810,Gippsland,education,school,School,2
BOISDALE,WELLINGTON,26810,Gippsland,recreation,park,Park,2
BOISDALE,WELLINGTON,26810,Gippsland,recreation,playground,Playground,1
BOISDALE,WELLINGTON,26810,Gippsland,shopping,convenience_store,Convenience Store,2
BOLANGUM,NORTHERN GRAMPIANS,25810,Wimmera Southern Mallee,recreation,nature_reserve,Nature Reserve,1
BOLINDA,MACEDON RANGES,24130,Loddon Campaspe,education,school,School,2
BOLINDA,MACEDON RANGES,24130,Loddon Campaspe,public_transport,bus_stop,Bus Stop,1
BOLTON,SWAN HILL,26610,Mallee,recreation,nature_reserve,Nature Reserve,5
BOLWARRA,GLENELG,22410,Great South Coast,education,school,School,2
BOLWARRA,GLENELG,22410,Great South Coast,recreation,nature_reserve,Nature Reserve,6
BOLWARRA,GLENELG,22410,Great South Coast,recreation,park,Park,2
BOLWARRAH,MOORABOOL,25150,Central Highlands,recreation,nature_reserve,Nature Reserve,2
BONA VISTA,BAW BAW,20830,Gippsland,education,school,School,2
BONANG,EAST GIPPSLAND,22110,Gippsland,recreation,nature_reserve,Nature Reserve,2
BONEGILLA,WODONGA,27170,Ovens Murray,community,town_hall,Town Hall,2
BONEGILLA,WODONGA,27170,Ovens Murray,recreation,nature_reserve,Nature Reserve,7
BONN,CAMPASPE,21370,Loddon Campaspe,recreation,nature_reserve,Nature Reserve,2
BONNIE DOON,MANSFIELD,24250,Ovens Murray,public_transport,bus_stop,Bus Stop,2
BONNIE DOON,MANSFIELD,24250,Ovens Murray,public_transport,platform,Public Transport Platform,1
BONNIE DOON,MANSFIELD,24250,Ovens Murray,recreation,nature_reserve,Nature Reserve,5
BONNIE DOON,MANSFIELD,24250,Ovens Murray,recreation,park,Park,2
BONNIE DOON,MANSFIELD,24250,Ovens Murray,recreation,playground,Playground,2
BONNIE DOON,MANSFIELD,24250,Ovens Murray,shopping,convenience_store,Convenience Store,1
BONSHAW,BALLARAT,20570,Central Highlands,education,childcare,Childcare Centre,1
BONSHAW,BALLARAT,20570,Central Highlands,recreation,garden,Garden,3
BONSHAW,BALLARAT,20570,Central Highlands,recreation,nature_reserve,Nature Reserve,1
BONSHAW,BALLARAT,20570,Central Highlands,recreation,park,Park,10
BONSHAW,BALLARAT,20570,Central Highlands,recreation,playground,Playground,3
BOOKAAR,CORANGAMITE,21830,Great South Coast,recreation,nature_reserve,Nature Reserve,2
BOOLARONG,SOUTH GIPPSLAND,26170,Gippsland,recreation,nature_reserve,Nature Reserve,2
BOOLARRA,LATROBE,23810,Gippsland,community,town_hall,Town Hall,1
BOOLARRA,LATROBE,23810,Gippsland,education,school,School,2
BOOLARRA,LATROBE,23810,Gippsland,public_transport,bus_stop,Bus Stop,2
BOOLARRA,LATROBE,23810,Gippsland,public_transport,stop_position,Public Transport Stop Position,1
BOOLARRA,LATROBE,23810,Gippsland,recreation,park,Park,5
BOOLARRA,LATROBE,23810,Gippsland,recreation,playground,Playground,2
BOOLARRA,LATROBE,23810,Gippsland,shopping,convenience_store,Convenience Store,1
BOOLITE,YARRIAMBIACK,27630,Wimmera Southern Mallee,community,community_centre,Community Centre,2
BOOLITE,YARRIAMBIACK,27630,Wimmera Southern Mallee,recreation,sports_centre,Sports Centre,2
BOONAH,SURF COAST,26490,Barwon,recreation,nature_reserve,Nature Reserve,2
BOORHAMAN EAST,WANGARATTA,26700,Ovens Murray,recreation,nature_reserve,Nature Reserve,2
BOOROLITE,MANSFIELD,24250,Ovens Murray,recreation,park,Park,2
BOORT,LODDON,23940,Loddon Campaspe,community,community_centre,Community Centre,2
BOORT,LODDON,23940,Loddon Campaspe,community,town_hall,Town Hall,2
BOORT,LODDON,23940,Loddon Campaspe,education,school,School,2
BOORT,LODDON,23940,Loddon Campaspe,healthcare,hospital,Hospital,2
BOORT,LODDON,23940,Loddon Campaspe,healthcare,pharmacy,Pharmacy,1
BOORT,LODDON,23940,Loddon Campaspe,public_transport,bus_stop,Bus Stop,2
BOORT,LODDON,23940,Loddon Campaspe,recreation,nature_reserve,Nature Reserve,9
BOORT,LODDON,23940,Loddon Campaspe,recreation,park,Park,5
BOORT,LODDON,23940,Loddon Campaspe,recreation,playground,Playground,1
BOORT,LODDON,23940,Loddon Campaspe,recreation,sports_centre,Sports Centre,6
BOORT,LODDON,23940,Loddon Campaspe,shopping,supermarket,Supermarket,1
BOOSEY,MOIRA,24900,Goulburn,recreation,nature_reserve,Nature Reserve,1
BORALMA,WANGARATTA,26700,Ovens Murray,recreation,nature_reserve,Nature Reserve,4
BORUNG,LODDON,23940,Loddon Campaspe,public_transport,bus_stop,Bus Stop,2
BORUNG,LODDON,23940,Loddon Campaspe,recreation,nature_reserve,Nature Reserve,7
BOUNDARY BEND,SWAN HILL,26610,Mallee,public_transport,bus_stop,Bus Stop,1
BOUNDARY BEND,SWAN HILL,26610,Mallee,recreation,nature_reserve,Nature Reserve,1
BOUNDARY BEND,SWAN HILL,26610,Mallee,recreation,park,Park,2
BOUNDARY BEND,SWAN HILL,26610,Mallee,recreation,playground,Playground,2
BOWENVALE,CENTRAL GOLDFIELDS,21670,Loddon Campaspe,recreation,nature_reserve,Nature Reserve,2
BOWEYA,BENALLA,21010,Ovens Murray,recreation,nature_reserve,Nature Reserve,4
BOWEYA,WANGARATTA,26700,Ovens Murray,recreation,nature_reserve,Nature Reserve,4
BOWMANS FOREST,WANGARATTA,26700,Ovens Murray,recreation,nature_reserve,Nature Reserve,7
BOWSER,WANGARATTA,26700,Ovens Murray,recreation,nature_reserve,Nature Reserve,1
BOXWOOD,GREATER SHEPPARTON,22830,Goulburn,recreation,nature_reserve,Nature Reserve,2
BRADFORD,MOUNT ALEXANDER,25430,Loddon Campaspe,recreation,nature_reserve,Nature Reserve,2
BRANXHOLME,SOUTHERN GRAMPIANS,26260,Great South Coast,community,community_centre,Community Centre,2
BRANXHOLME,SOUTHERN GRAMPIANS,26260,Great South Coast,education,school,School,2
BRANXHOLME,SOUTHERN GRAMPIANS,26260,Great South Coast,recreation,nature_reserve,Nature Reserve,2
BRANXHOLME,SOUTHERN GRAMPIANS,26260,Great South Coast,recreation,park,Park,2
BRANXHOLME,SOUTHERN GRAMPIANS,26260,Great South Coast,recreation,playground,Playground,1
BREAKAWAY CREEK,GLENELG,22410,Great South Coast,community,community_centre,Community Centre,1
BREAKAWAY CREEK,MOYNE,25490,Great South Coast,recreation,nature_reserve,Nature Reserve,1
BREAKWATER,GREATER GEELONG,22750,Barwon,community,community_centre,Community Centre,2
BREAKWATER,GREATER GEELONG,22750,Barwon,public_transport,bus_stop,Bus Stop,10
BREAKWATER,GREATER GEELONG,22750,Barwon,recreation,garden,Garden,14
BREAKWATER,GREATER GEELONG,22750,Barwon,recreation,park,Park,2
BREAKWATER,GREATER GEELONG,22750,Barwon,recreation,playground,Playground,3
BREAKWATER,GREATER GEELONG,22750,Barwon,recreation,sports_centre,Sports Centre,2
BREAMLEA,GREATER GEELONG,22750,Barwon,recreation,playground,Playground,2
BRENANAH,LODDON,23940,Loddon Campaspe,recreation,nature_reserve,Nature Reserve,3
BRENANAH,LODDON,23940,Loddon Campaspe,recreation,park,Park,2
BRIAGOLONG,WELLINGTON,26810,Gippsland,education,school,School,2
BRIAGOLONG,WELLINGTON,26810,Gippsland,recreation,nature_reserve,Nature Reserve,12
BRIAGOLONG,WELLINGTON,26810,Gippsland,recreation,park,Park,3
BRIAGOLONG,WELLINGTON,26810,Gippsland,recreation,playground,Playground,3
BRIAGOLONG,WELLINGTON,26810,Gippsland,shopping,convenience_store,Convenience Store,2
BRIDGE CREEK,MANSFIELD,24250,Ovens Murray,recreation,nature_reserve,Nature Reserve,12
BRIDGEWATER,LODDON,23940,Loddon Campaspe,recreation,nature_reserve,Nature Reserve,1
BRIDGEWATER,LODDON,23940,Loddon Campaspe,recreation,park,Park,2
BRIDGEWATER NORTH,LODDON,23940,Loddon Campaspe,recreation,nature_reserve,Nature Reserve,2
BRIDGEWATER ON LODDON,LODDON,23940,Loddon Campaspe,education,school,School,2
BRIDGEWATER ON LODDON,LODDON,23940,Loddon Campaspe,public_transport,bus_stop,Bus Stop,2
BRIDGEWATER ON LODDON,LODDON,23940,Loddon Campaspe,recreation,park,Park,6
BRIDGEWATER ON LODDON,LODDON,23940,Loddon Campaspe,shopping,convenience_store,Convenience Store,1
BRIGHT,ALPINE,20110,Ovens Murray,community,library,Library,2
BRIGHT,ALPINE,20110,Ovens Murray,education,kindergarten,Kindergarten,1
BRIGHT,ALPINE,20110,Ovens Murray,education,school,School,2
BRIGHT,ALPINE,20110,Ovens Murray,healthcare,clinic,Clinic,2
BRIGHT,ALPINE,20110,Ovens Murray,healthcare,hospital,Hospital,3
BRIGHT,ALPINE,20110,Ovens Murray,healthcare,pharmacy,Pharmacy,2
BRIGHT,ALPINE,20110,Ovens Murray,public_transport,bus_stop,Bus Stop,2
BRIGHT,ALPINE,20110,Ovens Murray,recreation,garden,Garden,2
BRIGHT,ALPINE,20110,Ovens Murray,recreation,nature_reserve,Nature Reserve,7
BRIGHT,ALPINE,20110,Ovens Murray,recreation,park,Park,22
BRIGHT,ALPINE,20110,Ovens Murray,recreation,playground,Playground,2
BRIGHT,ALPINE,20110,Ovens Murray,recreation,sports_centre,Sports Centre,4
BRIGHT,ALPINE,20110,Ovens Murray,shopping,supermarket,Supermarket,4
BRIM,YARRIAMBIACK,27630,Wimmera Southern Mallee,community,town_hall,Town Hall,1
BRIM,YARRIAMBIACK,27630,Wimmera Southern Mallee,public_transport,bus_stop,Bus Stop,2
BRIM,YARRIAMBIACK,27630,Wimmera Southern Mallee,recreation,park,Park,2
BRIM,YARRIAMBIACK,27630,Wimmera Southern Mallee,shopping,supermarket,Supermarket,1
BRIMBOAL,GLENELG,22410,Great South Coast,recreation,nature_reserve,Nature Reserve,2
BRIMIN,INDIGO,23350,Ovens Murray,recreation,nature_reserve,Nature Reserve,2
BRIMPAEN,HORSHAM,23190,Wimmera Southern Mallee,recreation,nature_reserve,Nature Reserve,3
BRINGALBERT,WEST WIMMERA,26890,Wimmera Southern Mallee,recreation,nature_reserve,Nature Reserve,5
BROADFORD,MITCHELL,24850,Goulburn,community,library,Library,1
BROADFORD,MITCHELL,24850,Goulburn,education,childcare,Childcare Centre,2
BROADFORD,MITCHELL,24850,Goulburn,education,school,School,4
BROADFORD,MITCHELL,24850,Goulburn,healthcare,pharmacy,Pharmacy,1
BROADFORD,MITCHELL,24850,Goulburn,public_transport,platform,Public Transport Platform,4
BROADFORD,MITCHELL,24850,Goulburn,public_transport,railway_station,Railway Station,1
BROADFORD,MITCHELL,24850,Goulburn,public_transport,stop_position,Public Transport Stop Position,2
BROADFORD,MITCHELL,24850,Goulburn,recreation,nature_reserve,Nature Reserve,8
BROADFORD,MITCHELL,24850,Goulburn,recreation,park,Park,23
BROADFORD,MITCHELL,24850,Goulburn,recreation,playground,Playground,2
BROADFORD,MITCHELL,24850,Goulburn,recreation,sports_centre,Sports Centre,2
BROADFORD,MITCHELL,24850,Goulburn,shopping,supermarket,Supermarket,1
BROADLANDS,EAST GIPPSLAND,22110,Gippsland,recreation,nature_reserve,Nature Reserve,1
BRODRIBB RIVER,EAST GIPPSLAND,22110,Gippsland,recreation,nature_reserve,Nature Reserve,3
BROKEN CREEK,BENALLA,21010,Ovens Murray,education,school,School,2
BROKEN CREEK,BENALLA,21010,Ovens Murray,recreation,nature_reserve,Nature Reserve,5
BROMLEY,CENTRAL GOLDFIELDS,21670,Loddon Campaspe,recreation,nature_reserve,Nature Reserve,3
BROOMFIELD,HEPBURN,22910,Central Highlands,recreation,nature_reserve,Nature Reserve,1
BROUGHTON,HINDMARSH,22980,Wimmera Southern Mallee,community,community_centre,Community Centre,4
BROUGHTON,HINDMARSH,22980,Wimmera Southern Mallee,recreation,nature_reserve,Nature Reserve,4
BROWN HILL,BALLARAT,20570,Central Highlands,education,kindergarten,Kindergarten,3
BROWN HILL,BALLARAT,20570,Central Highlands,education,school,School,2
BROWN HILL,BALLARAT,20570,Central Highlands,public_transport,bus_stop,Bus Stop,15
BROWN HILL,BALLARAT,20570,Central Highlands,public_transport,stop_position,Public Transport Stop Position,1
BROWN HILL,BALLARAT,20570,Central Highlands,recreation,park,Park,33
BROWN HILL,BALLARAT,20570,Central Highlands,recreation,playground,Playground,8
BROWN HILL,BALLARAT,20570,Central Highlands,recreation,sports_centre,Sports Centre,1
BROWN HILL,BALLARAT,20570,Central Highlands,shopping,convenience_store,Convenience Store,2
BROWNS PLAINS,INDIGO,23350,Ovens Murray,recreation,nature_reserve,Nature Reserve,3
BRUARONG,INDIGO,23350,Ovens Murray,recreation,nature_reserve,Nature Reserve,1
BRUMBY,EAST GIPPSLAND,22110,Gippsland,recreation,nature_reserve,Nature Reserve,3
BRUTHEN,EAST GIPPSLAND,22110,Gippsland,education,childcare,Childcare Centre,1
BRUTHEN,EAST GIPPSLAND,22110,Gippsland,education,school,School,2
BRUTHEN,EAST GIPPSLAND,22110,Gippsland,public_transport,bus_stop,Bus Stop,2
BRUTHEN,EAST GIPPSLAND,22110,Gippsland,public_transport,platform,Public Transport Platform,1
BRUTHEN,EAST GIPPSLAND,22110,Gippsland,recreation,nature_reserve,Nature Reserve,4
BRUTHEN,EAST GIPPSLAND,22110,Gippsland,recreation,park,Park,8
BRUTHEN,EAST GIPPSLAND,22110,Gippsland,shopping,convenience_store,Convenience Store,2
BUANGOR,ARARAT,20260,Central Highlands,education,school,School,2
BUANGOR,ARARAT,20260,Central Highlands,public_transport,bus_stop,Bus Stop,1
BUCHAN,EAST GIPPSLAND,22110,Gippsland,community,social_facility,Social Facility,1
BUCHAN,EAST GIPPSLAND,22110,Gippsland,education,childcare,Childcare Centre,1
BUCHAN,EAST GIPPSLAND,22110,Gippsland,education,school,School,2
BUCHAN,EAST GIPPSLAND,22110,Gippsland,public_transport,bus_stop,Bus Stop,1
BUCHAN,EAST GIPPSLAND,22110,Gippsland,recreation,nature_reserve,Nature Reserve,14
BUCHAN,EAST GIPPSLAND,22110,Gippsland,recreation,playground,Playground,1
BUCHAN SOUTH,EAST GIPPSLAND,22110,Gippsland,public_transport,bus_stop,Bus Stop,2
BUCHAN SOUTH,EAST GIPPSLAND,22110,Gippsland,recreation,nature_reserve,Nature Reserve,9
BUCHAN SOUTH,EAST GIPPSLAND,22110,Gippsland,recreation,park,Park,3
BUCHAN SOUTH,EAST GIPPSLAND,22110,Gippsland,recreation,sports_centre,Sports Centre,2
BUCKLAND,ALPINE,20110,Ovens Murray,recreation,nature_reserve,Nature Reserve,4
BUCKLEY,SURF COAST,26490,Barwon,recreation,nature_reserve,Nature Reserve,4
BUCKLEY,SURF COAST,26490,Barwon,recreation,park,Park,4
BUCKLEY,SURF COAST,26490,Barwon,recreation,sports_centre,Sports Centre,2
BUCKRABANYULE,BULOKE,21270,Mallee,recreation,nature_reserve,Nature Reserve,4
BUCKRABANYULE,LODDON,23940,Loddon Campaspe,recreation,nature_reserve,Nature Reserve,5
BUDGERUM EAST,GANNAWARRA,22250,Mallee,recreation,nature_reserve,Nature Reserve,2
BUFFALO,SOUTH GIPPSLAND,26170,Gippsland,community,community_centre,Community Centre,2
BUFFALO,SOUTH GIPPSLAND,26170,Gippsland,public_transport,bus_stop,Bus Stop,1
BUFFALO,SOUTH GIPPSLAND,26170,Gippsland,recreation,nature_reserve,Nature Reserve,1
BUFFALO,SOUTH GIPPSLAND,26170,Gippsland,recreation,playground,Playground,1
BUFFALO RIVER,ALPINE,20110,Ovens Murray,recreation,playground,Playground,2
BULART,SOUTHERN GRAMPIANS,26260,Great South Coast,recreation,nature_reserve,Nature Reserve,6
BULDAH,EAST GIPPSLAND,22110,Gippsland,recreation,nature_reserve,Nature Reserve,1
BULGA,SWAN HILL,26610,Mallee,recreation,nature_reserve,Nature Reserve,2
BULLARTO,HEPBURN,22910,Central Highlands,community,town_hall,Town Hall,1
BULLARTO,HEPBURN,22910,Central Highlands,education,school,School,2
BULLARTO,HEPBURN,22910,Central Highlands,public_transport,platform,Public Transport Platform,1
BULLARTO,HEPBURN,22910,Central Highlands,public_transport,railway_station,Railway Station,2
BULLENGAROOK,MACEDON RANGES,24130,Loddon Campaspe,education,school,School,2
BULLENGAROOK,MACEDON RANGES,24130,Loddon Campaspe,recreation,park,Park,2
BULLIOH,TOWONG,26670,Ovens Murray,community,town_hall,Town Hall,2
BULLIOH,TOWONG,26670,Ovens Murray,recreation,nature_reserve,Nature Reserve,3
BULN BULN,BAW BAW,20830,Gippsland,education,school,School,2
BULN BULN,BAW BAW,20830,Gippsland,public_transport,bus_stop,Bus Stop,1
BULN BULN,BAW BAW,20830,Gippsland,recreation,park,Park,2
BULN BULN EAST,BAW BAW,20830,Gippsland,recreation,park,Park,2
BUNBARTHA,GREATER SHEPPARTON,22830,Goulburn,recreation,nature_reserve,Nature Reserve,2
BUNDALAGUAH,WELLINGTON,26810,Gippsland,education,school,School,2
BUNDALONG,MOIRA,24900,Goulburn,recreation,sports_centre,Sports Centre,2
BUNDARA,EAST GIPPSLAND,22110,Gippsland,recreation,nature_reserve,Nature Reserve,1
BUNDING,MOORABOOL,25150,Central Highlands,public_transport,bus_stop,Bus Stop,1
BUNG BONG,CENTRAL GOLDFIELDS,21670,Loddon Campaspe,recreation,nature_reserve,Nature Reserve,2
BUNG BONG,PYRENEES,25990,Central Highlands,recreation,nature_reserve,Nature Reserve,1
BUNGAL,MOORABOOL,25150,Central Highlands,recreation,nature_reserve,Nature Reserve,2
BUNGALALLY,HORSHAM,23190,Wimmera Southern Mallee,recreation,nature_reserve,Nature Reserve,2
BUNGAREE,MOORABOOL,25150,Central Highlands,community,community_centre,Community Centre,2
BUNGAREE,MOORABOOL,25150,Central Highlands,education,school,School,2
BUNGAREE,MOORABOOL,25150,Central Highlands,public_transport,bus_stop,Bus Stop,2
BUNGAREE,MOORABOOL,25150,Central Highlands,recreation,park,Park,2
BUNGAREE,MOORABOOL,25150,Central Highlands,recreation,sports_centre,Sports Centre,2
BUNGAREE,MOORABOOL,25150,Central Highlands,shopping,convenience_store,Convenience Store,1
BUNGEET WEST,BENALLA,21010,Ovens Murray,recreation,nature_reserve,Nature Reserve,4
BUNGIL,TOWONG,26670,Ovens Murray,recreation,nature_reserve,Nature Reserve,3
BUNGULUKE,BULOKE,21270,Mallee,recreation,nature_reserve,Nature Reserve,2
BUNINYONG,BALLARAT,20570,Central Highlands,education,school,School,2
BUNINYONG,BALLARAT,20570,Central Highlands,healthcare,pharmacy,Pharmacy,1
BUNINYONG,BALLARAT,20570,Central Highlands,public_transport,bus_stop,Bus Stop,17
BUNINYONG,BALLARAT,20570,Central Highlands,public_transport,stop_position,Public Transport Stop Position,1
BUNINYONG,BALLARAT,20570,Central Highlands,recreation,garden,Garden,2
BUNINYONG,BALLARAT,20570,Central Highlands,recreation,nature_reserve,Nature Reserve,4
BUNINYONG,BALLARAT,20570,Central Highlands,recreation,park,Park,33
BUNINYONG,BALLARAT,20570,Central Highlands,recreation,playground,Playground,6
BUNINYONG,BALLARAT,20570,Central Highlands,recreation,sports_centre,Sports Centre,2
BUNINYONG,BALLARAT,20570,Central Highlands,shopping,supermarket,Supermarket,1
BUNINYONG,MOORABOOL,25150,Central Highlands,recreation,nature_reserve,Nature Reserve,2
BUNINYONG,MOORABOOL,25150,Central Highlands,recreation,park,Park,2
BUNINYONG,MOORABOOL,25150,Central Highlands,recreation,sports_centre,Sports Centre,2
BURAGWONDUC,WELLINGTON,26810,Gippsland,recreation,nature_reserve,Nature Reserve,1
BURKES BRIDGE,GANNAWARRA,22250,Mallee,recreation,nature_reserve,Nature Reserve,1
BURKES FLAT,LODDON,23940,Loddon Campaspe,recreation,nature_reserve,Nature Reserve,2
BURNEWANG,CAMPASPE,21370,Loddon Campaspe,recreation,nature_reserve,Nature Reserve,2
BURNEWANG,CAMPASPE,21370,Loddon Campaspe,recreation,park,Park,2
BURRAMBOOT,CAMPASPE,21370,Loddon Campaspe,recreation,nature_reserve,Nature Reserve,2
BURRAMINE,MOIRA,24900,Goulburn,recreation,nature_reserve,Nature Reserve,1
BUSHFIELD,WARRNAMBOOL,26730,Great South Coast,recreation,park,Park,2
BUSHFIELD,WARRNAMBOOL,26730,Great South Coast,recreation,playground,Playground,2
BUTCHERS RIDGE,EAST GIPPSLAND,22110,Gippsland,community,community_centre,Community Centre,1
BUTCHERS RIDGE,EAST GIPPSLAND,22110,Gippsland,public_transport,bus_stop,Bus Stop,1
BUTCHERS RIDGE,EAST GIPPSLAND,22110,Gippsland,public_transport,stop_position,Public Transport Stop Position,1
BUTCHERS RIDGE,EAST GIPPSLAND,22110,Gippsland,recreation,park,Park,2
BUXTON,MURRINDINDI,25620,Goulburn,community,community_centre,Community Centre,2
BUXTON,MURRINDINDI,25620,Goulburn,education,school,School,2
BUXTON,MURRINDINDI,25620,Goulburn,public_transport,bus_stop,Bus Stop,2
BUXTON,MURRINDINDI,25620,Goulburn,recreation,nature_reserve,Nature Reserve,4
BUXTON,MURRINDINDI,25620,Goulburn,recreation,park,Park,2
BUXTON,MURRINDINDI,25620,Goulburn,recreation,playground,Playground,4
BYADUK,SOUTHERN GRAMPIANS,26260,Great South Coast,recreation,park,Park,6
BYADUK NORTH,SOUTHERN GRAMPIANS,26260,Great South Coast,recreation,park,Park,1
BYAWATHA,WANGARATTA,26700,Ovens Murray,recreation,nature_reserve,Nature Reserve,2
BYAWATHA,WANGARATTA,26700,Ovens Murray,recreation,sports_centre,Sports Centre,2
BYRNESIDE,GREATER SHEPPARTON,22830,Goulburn,public_transport,bus_stop,Bus Stop,2
BYRNESIDE,GREATER SHEPPARTON,22830,Goulburn,shopping,convenience_store,Convenience Store,2
CABARITA,MILDURA,24780,Mallee,education,school,School,2
CABARITA,MILDURA,24780,Mallee,public_transport,bus_stop,Bus Stop,1
CABARITA,MILDURA,24780,Mallee,recreation,garden,Garden,2
CABBAGE TREE,HEPBURN,22910,Central Highlands,recreation,nature_reserve,Nature Reserve,1
CABBAGE TREE CREEK,EAST GIPPSLAND,22110,Gippsland,recreation,nature_reserve,Nature Reserve,2
CABBAGE TREE CREEK,EAST GIPPSLAND,22110,Gippsland,shopping,convenience_store,Convenience Store,1
CALIFORNIA GULLY,GREATER BENDIGO,22620,Loddon Campaspe,community,community_centre,Community Centre,2
CALIFORNIA GULLY,GREATER BENDIGO,22620,Loddon Campaspe,community,social_facility,Social Facility,2
CALIFORNIA GULLY,GREATER BENDIGO,22620,Loddon Campaspe,education,kindergarten,Kindergarten,2
CALIFORNIA GULLY,GREATER BENDIGO,22620,Loddon Campaspe,education,school,School,2
CALIFORNIA GULLY,GREATER BENDIGO,22620,Loddon Campaspe,public_transport,bus_stop,Bus Stop,24
CALIFORNIA GULLY,GREATER BENDIGO,22620,Loddon Campaspe,recreation,nature_reserve,Nature Reserve,1
CALIFORNIA GULLY,GREATER BENDIGO,22620,Loddon Campaspe,recreation,park,Park,6
CALIFORNIA GULLY,GREATER BENDIGO,22620,Loddon Campaspe,recreation,playground,Playground,4
CALIFORNIA GULLY,GREATER BENDIGO,22620,Loddon Campaspe,recreation,sports_centre,Sports Centre,2
CALIFORNIA GULLY,GREATER BENDIGO,22620,Loddon Campaspe,shopping,convenience_store,Convenience Store,1
CALIVIL,LODDON,23940,Loddon Campaspe,recreation,park,Park,2
CALLAWADDA,NORTHERN GRAMPIANS,25810,Wimmera Southern Mallee,public_transport,bus_stop,Bus Stop,2
CALLIGNEE,LATROBE,23810,Gippsland,recreation,nature_reserve,Nature Reserve,1
CALLIGNEE NORTH,WELLINGTON,26810,Gippsland,recreation,nature_reserve,Nature Reserve,1
CALULU,EAST GIPPSLAND,22110,Gippsland,recreation,park,Park,2
CAMPBELLS BRIDGE,NORTHERN GRAMPIANS,25810,Wimmera Southern Mallee,public_transport,bus_stop,Bus Stop,2
CAMPBELLS BRIDGE,NORTHERN GRAMPIANS,25810,Wimmera Southern Mallee,recreation,nature_reserve,Nature Reserve,3
CAMPBELLS CREEK,MOUNT ALEXANDER,25430,Loddon Campaspe,community,community_centre,Community Centre,2
CAMPBELLS CREEK,MOUNT ALEXANDER,25430,Loddon Campaspe,education,school,School,5
CAMPBELLS CREEK,MOUNT ALEXANDER,25430,Loddon Campaspe,public_transport,bus_stop,Bus Stop,11
CAMPBELLS CREEK,MOUNT ALEXANDER,25430,Loddon Campaspe,recreation,nature_reserve,Nature Reserve,6
CAMPBELLS CREEK,MOUNT ALEXANDER,25430,Loddon Campaspe,recreation,park,Park,6
CAMPBELLS CREEK,MOUNT ALEXANDER,25430,Loddon Campaspe,recreation,playground,Playground,6
CAMPBELLS FOREST,LODDON,23940,Loddon Campaspe,recreation,nature_reserve,Nature Reserve,3
CAMPBELLTOWN,HEPBURN,22910,Central Highlands,community,community_centre,Community Centre,2
CAMPERDOWN,CORANGAMITE,21830,Great South Coast,community,community_centre,Community Centre,2
CAMPERDOWN,CORANGAMITE,21830,Great South Coast,education,school,School,8
CAMPERDOWN,CORANGAMITE,21830,Great South Coast,healthcare,hospital,Hospital,1
CAMPERDOWN,CORANGAMITE,21830,Great South Coast,healthcare,pharmacy,Pharmacy,1
CAMPERDOWN,CORANGAMITE,21830,Great South Coast,public_transport,bus_stop,Bus Stop,4
CAMPERDOWN,CORANGAMITE,21830,Great South Coast,public_transport,platform,Public Transport Platform,3
CAMPERDOWN,CORANGAMITE,21830,Great South Coast,public_transport,railway_station,Railway Station,1
CAMPERDOWN,CORANGAMITE,21830,Great South Coast,public_transport,stop_position,Public Transport Stop Position,3
CAMPERDOWN,CORANGAMITE,21830,Great South Coast,recreation,garden,Garden,2
CAMPERDOWN,CORANGAMITE,21830,Great South Coast,recreation,park,Park,19
CAMPERDOWN,CORANGAMITE,21830,Great South Coast,recreation,playground,Playground,5
CAMPERDOWN,CORANGAMITE,21830,Great South Coast,recreation,sports_centre,Sports Centre,4
CAMPERDOWN,CORANGAMITE,21830,Great South Coast,shopping,convenience_store,Convenience Store,4
CAMPERDOWN,CORANGAMITE,21830,Great South Coast,shopping,supermarket,Supermarket,3
CANADIAN,BALLARAT,20570,Central Highlands,education,school,School,2
CANADIAN,BALLARAT,20570,Central Highlands,public_transport,bus_stop,Bus Stop,6
CANADIAN,BALLARAT,20570,Central Highlands,recreation,park,Park,29
CANADIAN,BALLARAT,20570,Central Highlands,recreation,playground,Playground,10
CANIAMBO,GREATER SHEPPARTON,22830,Goulburn,community,town_hall,Town Hall,1
CANIAMBO,GREATER SHEPPARTON,22830,Goulburn,recreation,nature_reserve,Nature Reserve,9
CANN RIVER,EAST GIPPSLAND,22110,Gippsland,community,community_centre,Community Centre,1
CANN RIVER,EAST GIPPSLAND,22110,Gippsland,education,childcare,Childcare Centre,1
CANN RIVER,EAST GIPPSLAND,22110,Gippsland,education,kindergarten,Kindergarten,1
CANN RIVER,EAST GIPPSLAND,22110,Gippsland,education,school,School,2
CANN RIVER,EAST GIPPSLAND,22110,Gippsland,healthcare,hospital,Hospital,2
CANN RIVER,EAST GIPPSLAND,22110,Gippsland,public_transport,bus_stop,Bus Stop,1
CANN RIVER,EAST GIPPSLAND,22110,Gippsland,recreation,nature_reserve,Nature Reserve,2
CANN RIVER,EAST GIPPSLAND,22110,Gippsland,recreation,park,Park,3
CANN RIVER,EAST GIPPSLAND,22110,Gippsland,recreation,playground,Playground,1
CANN RIVER,EAST GIPPSLAND,22110,Gippsland,shopping,convenience_store,Convenience Store,2
CANNIE,GANNAWARRA,22250,Mallee,recreation,nature_reserve,Nature Reserve,1
CAPE BRIDGEWATER,GLENELG,22410,Great South Coast,recreation,nature_reserve,Nature Reserve,1
CAPE CLEAR,GOLDEN PLAINS,22490,Central Highlands,community,community_centre,Community Centre,2
CAPE CLEAR,GOLDEN PLAINS,22490,Central Highlands,education,school,School,2
CAPE CLEAR,GOLDEN PLAINS,22490,Central Highlands,recreation,park,Park,2
CAPE CLEAR,GOLDEN PLAINS,22490,Central Highlands,recreation,playground,Playground,1
CAPE OTWAY,COLAC OTWAY,21750,Barwon,recreation,nature_reserve,Nature Reserve,4
CAPE OTWAY,COLAC OTWAY,21750,Barwon,recreation,playground,Playground,1
CAPE OTWAY,COLAC OTWAY,21750,Barwon,recreation,sports_centre,Sports Centre,1
CAPE OTWAY,COLAC OTWAY,21750,Barwon,shopping,convenience_store,Convenience Store,1
CAPE PATERSON,BASS COAST,20740,Gippsland,public_transport,bus_stop,Bus Stop,12
CAPE PATERSON,BASS COAST,20740,Gippsland,public_transport,stop_position,Public Transport Stop Position,1
CAPE PATERSON,BASS COAST,20740,Gippsland,recreation,nature_reserve,Nature Reserve,2
CAPE PATERSON,BASS COAST,20740,Gippsland,recreation,park,Park,11
CAPE PATERSON,BASS COAST,20740,Gippsland,recreation,playground,Playground,9
CAPE WOOLAMAI,BASS COAST,20740,Gippsland,public_transport,bus_stop,Bus Stop,5
CAPE WOOLAMAI,BASS COAST,20740,Gippsland,recreation,park,Park,7
CAPE WOOLAMAI,BASS COAST,20740,Gippsland,recreation,playground,Playground,2
CAPE WOOLAMAI,BASS COAST,20740,Gippsland,shopping,convenience_store,Convenience Store,2
CAPELS CROSSING,GANNAWARRA,22250,Mallee,recreation,nature_reserve,Nature Reserve,2
CARAG CARAG,CAMPASPE,21370,Loddon Campaspe,recreation,nature_reserve,Nature Reserve,3
CARAMUT,MOYNE,25490,Great South Coast,community,community_centre,Community Centre,2
CARAMUT,MOYNE,25490,Great South Coast,recreation,park,Park,6
CARAPOOEE,NORTHERN GRAMPIANS,25810,Wimmera Southern Mallee,recreation,nature_reserve,Nature Reserve,9
CARAPOOEE WEST,NORTHERN GRAMPIANS,25810,Wimmera Southern Mallee,recreation,nature_reserve,Nature Reserve,2
CARAPOOK,SOUTHERN GRAMPIANS,26260,Great South Coast,recreation,park,Park,2
CARDIGAN,BALLARAT,20570,Central Highlands,recreation,nature_reserve,Nature Reserve,2
CARDIGAN,BALLARAT,20570,Central Highlands,recreation,park,Park,16
CARDIGAN VILLAGE,BALLARAT,20570,Central Highlands,recreation,park,Park,8
CARDIGAN VILLAGE,BALLARAT,20570,Central Highlands,recreation,playground,Playground,1
CARDROSS,MILDURA,24780,Mallee,education,school,School,2
CARDROSS,MILDURA,24780,Mallee,recreation,nature_reserve,Nature Reserve,6
CARDROSS,MILDURA,24780,Mallee,recreation,park,Park,2
CARDROSS,MILDURA,24780,Mallee,shopping,convenience_store,Convenience Store,1
CARINA,MILDURA,24780,Mallee,recreation,nature_reserve,Nature Reserve,1
CARISBROOK,CENTRAL GOLDFIELDS,21670,Loddon Campaspe,education,school,School,2
CARISBROOK,CENTRAL GOLDFIELDS,21670,Loddon Campaspe,recreation,nature_reserve,Nature Reserve,4
CARISBROOK,CENTRAL GOLDFIELDS,21670,Loddon Campaspe,recreation,park,Park,10
CARISBROOK,CENTRAL GOLDFIELDS,21670,Loddon Campaspe,recreation,playground,Playground,2
CARISBROOK,CENTRAL GOLDFIELDS,21670,Loddon Campaspe,recreation,sports_centre,Sports Centre,2
CARLISLE RIVER,COLAC OTWAY,21750,Barwon,education,school,School,2
CARLISLE RIVER,COLAC OTWAY,21750,Barwon,recreation,nature_reserve,Nature Reserve,2
CARLISLE RIVER,COLAC OTWAY,21750,Barwon,recreation,playground,Playground,2
CARLSRUHE,MACEDON RANGES,24130,Loddon Campaspe,education,school,School,2
CARLSRUHE,MACEDON RANGES,24130,Loddon Campaspe,recreation,nature_reserve,Nature Reserve,4
CARLYLE,INDIGO,23350,Ovens Murray,recreation,nature_reserve,Nature Reserve,2
CARRAJUNG LOWER,WELLINGTON,26810,Gippsland,public_transport,bus_stop,Bus Stop,2
CARRAJUNG LOWER,WELLINGTON,26810,Gippsland,recreation,nature_reserve,Nature Reserve,2
CARWARP,MILDURA,24780,Mallee,recreation,nature_reserve,Nature Reserve,18
CASHMORE,GLENELG,22410,Great South Coast,recreation,nature_reserve,Nature Reserve,2
CASHMORE,GLENELG,22410,Great South Coast,recreation,park,Park,2
CASSILIS,EAST GIPPSLAND,22110,Gippsland,recreation,nature_reserve,Nature Reserve,1
CASTELLA,MURRINDINDI,25620,Goulburn,recreation,nature_reserve,Nature Reserve,2
CASTELLA,MURRINDINDI,25620,Goulburn,recreation,park,Park,2
CASTERTON,GLENELG,22410,Great South Coast,community,community_centre,Community Centre,2
CASTERTON,GLENELG,22410,Great South Coast,community,social_facility,Social Facility,2
CASTERTON,GLENELG,22410,Great South Coast,community,town_hall,Town Hall,1
CASTERTON,GLENELG,22410,Great South Coast,education,kindergarten,Kindergarten,2
CASTERTON,GLENELG,22410,Great South Coast,education,school,School,5
CASTERTON,GLENELG,22410,Great South Coast,healthcare,hospital,Hospital,2
CASTERTON,GLENELG,22410,Great South Coast,recreation,nature_reserve,Nature Reserve,3
CASTERTON,GLENELG,22410,Great South Coast,recreation,park,Park,16
CASTERTON,GLENELG,22410,Great South Coast,recreation,sports_centre,Sports Centre,7
CASTERTON,GLENELG,22410,Great South Coast,shopping,supermarket,Supermarket,2
CASTLEMAINE,MOUNT ALEXANDER,25430,Loddon Campaspe,community,community_centre,Community Centre,6
CASTLEMAINE,MOUNT ALEXANDER,25430,Loddon Campaspe,community,library,Library,2
CASTLEMAINE,MOUNT ALEXANDER,25430,Loddon Campaspe,community,town_hall,Town Hall,2
CASTLEMAINE,MOUNT ALEXANDER,25430,Loddon Campaspe,education,childcare,Childcare Centre,4
CASTLEMAINE,MOUNT ALEXANDER,25430,Loddon Campaspe,education,college,College,2
CASTLEMAINE,MOUNT ALEXANDER,25430,Loddon Campaspe,education,school,School,12
CASTLEMAINE,MOUNT ALEXANDER,25430,Loddon Campaspe,healthcare,clinic,Clinic,2
CASTLEMAINE,MOUNT ALEXANDER,25430,Loddon Campaspe,healthcare,dentist,Dentist,3
CASTLEMAINE,MOUNT ALEXANDER,25430,Loddon Campaspe,healthcare,doctor,Doctor,1
CASTLEMAINE,MOUNT ALEXANDER,25430,Loddon Campaspe,healthcare,hospital,Hospital,3
CASTLEMAINE,MOUNT ALEXANDER,25430,Loddon Campaspe,healthcare,pharmacy,Pharmacy,1
CASTLEMAINE,MOUNT ALEXANDER,25430,Loddon Campaspe,public_transport,bus_station,Bus Station,2
CASTLEMAINE,MOUNT ALEXANDER,25430,Loddon Campaspe,public_transport,bus_stop,Bus Stop,34
CASTLEMAINE,MOUNT ALEXANDER,25430,Loddon Campaspe,public_transport,platform,Public Transport Platform,3
CASTLEMAINE,MOUNT ALEXANDER,25430,Loddon Campaspe,public_transport,railway_station,Railway Station,1
CASTLEMAINE,MOUNT ALEXANDER,25430,Loddon Campaspe,public_transport,stop_position,Public Transport Stop Position,4
CASTLEMAINE,MOUNT ALEXANDER,25430,Loddon Campaspe,recreation,garden,Garden,14
CASTLEMAINE,MOUNT ALEXANDER,25430,Loddon Campaspe,recreation,nature_reserve,Nature Reserve,11
CASTLEMAINE,MOUNT ALEXANDER,25430,Loddon Campaspe,recreation,park,Park,31
CASTLEMAINE,MOUNT ALEXANDER,25430,Loddon Campaspe,recreation,playground,Playground,9
CASTLEMAINE,MOUNT ALEXANDER,25430,Loddon Campaspe,recreation,sports_centre,Sports Centre,4
CASTLEMAINE,MOUNT ALEXANDER,25430,Loddon Campaspe,shopping,convenience_store,Convenience Store,2
CASTLEMAINE,MOUNT ALEXANDER,25430,Loddon Campaspe,shopping,supermarket,Supermarket,6
CATHCART,ARARAT,20260,Central Highlands,recreation,nature_reserve,Nature Reserve,3
CATHCART,ARARAT,20260,Central Highlands,recreation,playground,Playground,1
CATUMNAL,LODDON,23940,Loddon Campaspe,recreation,nature_reserve,Nature Reserve,5
CAVEAT,MURRINDINDI,25620,Goulburn,recreation,nature_reserve,Nature Reserve,3
CAVEAT,MURRINDINDI,25620,Goulburn,recreation,playground,Playground,1
CAVEAT,MURRINDINDI,25620,Goulburn,recreation,sports_centre,Sports Centre,3
CAVENDISH,SOUTHERN GRAMPIANS,26260,Great South Coast,community,community_centre,Community Centre,2
CAVENDISH,SOUTHERN GRAMPIANS,26260,Great South Coast,education,school,School,2
CAVENDISH,SOUTHERN GRAMPIANS,26260,Great South Coast,public_transport,platform,Public Transport Platform,1
CAVENDISH,SOUTHERN GRAMPIANS,26260,Great South Coast,recreation,nature_reserve,Nature Reserve,7
CAVENDISH,SOUTHERN GRAMPIANS,26260,Great South Coast,recreation,park,Park,6
CAVENDISH,SOUTHERN GRAMPIANS,26260,Great South Coast,recreation,playground,Playground,1
CAVENDISH,SOUTHERN GRAMPIANS,26260,Great South Coast,shopping,convenience_store,Convenience Store,1
CERES,GREATER GEELONG,22750,Barwon,community,community_centre,Community Centre,2
CERES,GREATER GEELONG,22750,Barwon,education,school,School,4
CERES,GREATER GEELONG,22750,Barwon,recreation,garden,Garden,4
CERES,GREATER GEELONG,22750,Barwon,recreation,park,Park,4
CERES,GREATER GEELONG,22750,Barwon,recreation,playground,Playground,4
CHANDLERS CREEK,EAST GIPPSLAND,22110,Gippsland,recreation,nature_reserve,Nature Reserve,8
CHARAM,WEST WIMMERA,26890,Wimmera Southern Mallee,recreation,nature_reserve,Nature Reserve,15
CHARLEMONT,GREATER GEELONG,22750,Barwon,community,community_centre,Community Centre,2
CHARLEMONT,GREATER GEELONG,22750,Barwon,community,library,Library,2
CHARLEMONT,GREATER GEELONG,22750,Barwon,education,school,School,4
CHARLEMONT,GREATER GEELONG,22750,Barwon,healthcare,doctor,Doctor,1
CHARLEMONT,GREATER GEELONG,22750,Barwon,healthcare,hospital,Hospital,2
CHARLEMONT,GREATER GEELONG,22750,Barwon,public_transport,bus_stop,Bus Stop,2
CHARLEMONT,GREATER GEELONG,22750,Barwon,recreation,nature_reserve,Nature Reserve,2
CHARLEMONT,GREATER GEELONG,22750,Barwon,recreation,park,Park,52
CHARLEMONT,GREATER GEELONG,22750,Barwon,recreation,playground,Playground,7
CHARLEMONT,GREATER GEELONG,22750,Barwon,shopping,convenience_store,Convenience Store,3
CHARLEROI,INDIGO,23350,Ovens Murray,recreation,nature_reserve,Nature Reserve,2
CHARLTON,BULOKE,21270,Mallee,education,kindergarten,Kindergarten,2
CHARLTON,BULOKE,21270,Mallee,education,school,School,4
CHARLTON,BULOKE,21270,Mallee,healthcare,hospital,Hospital,2
CHARLTON,BULOKE,21270,Mallee,healthcare,pharmacy,Pharmacy,2
CHARLTON,BULOKE,21270,Mallee,public_transport,bus_stop,Bus Stop,1
CHARLTON,BULOKE,21270,Mallee,recreation,garden,Garden,1
CHARLTON,BULOKE,21270,Mallee,recreation,nature_reserve,Nature Reserve,10
CHARLTON,BULOKE,21270,Mallee,recreation,park,Park,14
CHARLTON,BULOKE,21270,Mallee,recreation,playground,Playground,6
CHARLTON,BULOKE,21270,Mallee,recreation,sports_centre,Sports Centre,4
CHARLTON,BULOKE,21270,Mallee,shopping,supermarket,Supermarket,5
CHERRYPOOL,SOUTHERN GRAMPIANS,26260,Great South Coast,recreation,nature_reserve,Nature Reserve,1
CHESHUNT,WANGARATTA,26700,Ovens Murray,public_transport,bus_stop,Bus Stop,1
CHESHUNT,WANGARATTA,26700,Ovens Murray,public_transport,stop_position,Public Transport Stop Position,1
CHESHUNT,WANGARATTA,26700,Ovens Murray,recreation,nature_reserve,Nature Reserve,4
CHESHUNT,WANGARATTA,26700,Ovens Murray,shopping,convenience_store,Convenience Store,1
CHESHUNT SOUTH,WANGARATTA,26700,Ovens Murray,recreation,nature_reserve,Nature Reserve,2
CHESNEY VALE,BENALLA,21010,Ovens Murray,recreation,nature_reserve,Nature Reserve,1
CHETWYND,WEST WIMMERA,26890,Wimmera Southern Mallee,recreation,nature_reserve,Nature Reserve,6
CHETWYND,WEST WIMMERA,26890,Wimmera Southern Mallee,recreation,park,Park,2
CHEWTON,MOUNT ALEXANDER,25430,Loddon Campaspe,education,school,School,2
CHEWTON,MOUNT ALEXANDER,25430,Loddon Campaspe,public_transport,bus_stop,Bus Stop,8
CHEWTON,MOUNT ALEXANDER,25430,Loddon Campaspe,public_transport,stop_position,Public Transport Stop Position,1
CHEWTON,MOUNT ALEXANDER,25430,Loddon Campaspe,recreation,nature_reserve,Nature Reserve,4
CHEWTON,MOUNT ALEXANDER,25430,Loddon Campaspe,recreation,park,Park,2
CHEWTON,MOUNT ALEXANDER,25430,Loddon Campaspe,recreation,sports_centre,Sports Centre,2
CHILLINGOLLAH,SWAN HILL,26610,Mallee,recreation,nature_reserve,Nature Reserve,6
CHILTERN,INDIGO,23350,Ovens Murray,community,community_centre,Community Centre,4
CHILTERN,INDIGO,23350,Ovens Murray,community,library,Library,2
CHILTERN,INDIGO,23350,Ovens Murray,community,town_hall,Town Hall,2
CHILTERN,INDIGO,23350,Ovens Murray,education,childcare,Childcare Centre,2
CHILTERN,INDIGO,23350,Ovens Murray,education,kindergarten,Kindergarten,2
CHILTERN,INDIGO,23350,Ovens Murray,education,school,School,4
CHILTERN,INDIGO,23350,Ovens Murray,healthcare,doctor,Doctor,2
CHILTERN,INDIGO,23350,Ovens Murray,public_transport,bus_stop,Bus Stop,1
CHILTERN,INDIGO,23350,Ovens Murray,public_transport,platform,Public Transport Platform,2
CHILTERN,INDIGO,23350,Ovens Murray,public_transport,railway_station,Railway Station,2
CHILTERN,INDIGO,23350,Ovens Murray,public_transport,stop_position,Public Transport Stop Position,1
CHILTERN,INDIGO,23350,Ovens Murray,recreation,garden,Garden,2
CHILTERN,INDIGO,23350,Ovens Murray,recreation,nature_reserve,Nature Reserve,12
CHILTERN,INDIGO,23350,Ovens Murray,recreation,park,Park,4
CHILTERN,INDIGO,23350,Ovens Murray,recreation,playground,Playground,8
CHILTERN,INDIGO,23350,Ovens Murray,recreation,sports_centre,Sports Centre,2
CHILTERN,INDIGO,23350,Ovens Murray,shopping,supermarket,Supermarket,2
CHILTERN VALLEY,INDIGO,23350,Ovens Murray,recreation,nature_reserve,Nature Reserve,3
CHINANGIN,SWAN HILL,26610,Mallee,recreation,nature_reserve,Nature Reserve,2
CHINKAPOOK,SWAN HILL,26610,Mallee,public_transport,bus_stop,Bus Stop,1
CHINKAPOOK,SWAN HILL,26610,Mallee,recreation,nature_reserve,Nature Reserve,21
CHINTIN,MACEDON RANGES,24130,Loddon Campaspe,recreation,nature_reserve,Nature Reserve,1
CHIRRIP,BULOKE,21270,Mallee,recreation,nature_reserve,Nature Reserve,4
CHURCHILL,LATROBE,23810,Gippsland,community,library,Library,2
CHURCHILL,LATROBE,23810,Gippsland,community,social_facility,Social Facility,1
CHURCHILL,LATROBE,23810,Gippsland,community,town_hall,Town Hall,1
CHURCHILL,LATROBE,23810,Gippsland,education,kindergarten,Kindergarten,2
CHURCHILL,LATROBE,23810,Gippsland,education,school,School,9
CHURCHILL,LATROBE,23810,Gippsland,healthcare,doctor,Doctor,1
CHURCHILL,LATROBE,23810,Gippsland,healthcare,pharmacy,Pharmacy,1
CHURCHILL,LATROBE,23810,Gippsland,public_transport,bus_stop,Bus Stop,29
CHURCHILL,LATROBE,23810,Gippsland,public_transport,stop_position,Public Transport Stop Position,2
CHURCHILL,LATROBE,23810,Gippsland,recreation,park,Park,42
CHURCHILL,LATROBE,23810,Gippsland,recreation,playground,Playground,8
CHURCHILL,LATROBE,23810,Gippsland,recreation,sports_centre,Sports Centre,2
CHURCHILL,LATROBE,23810,Gippsland,shopping,convenience_store,Convenience Store,3
CHURCHILL,LATROBE,23810,Gippsland,shopping,supermarket,Supermarket,2
CHURCHILL ISLAND,BASS COAST,20740,Gippsland,recreation,park,Park,2
CHUTE,PYRENEES,25990,Central Highlands,recreation,nature_reserve,Nature Reserve,8
CLARENDON,MOORABOOL,25150,Central Highlands,recreation,park,Park,2
CLARENDON,MOORABOOL,25150,Central Highlands,recreation,sports_centre,Sports Centre,2
CLARKEFIELD,MACEDON RANGES,24130,Loddon Campaspe,public_transport,bus_stop,Bus Stop,1
CLARKEFIELD,MACEDON RANGES,24130,Loddon Campaspe,public_transport,railway_station,Railway Station,1
CLARKEFIELD,MACEDON RANGES,24130,Loddon Campaspe,recreation,sports_centre,Sports Centre,2
CLARKES HILL,MOORABOOL,25150,Central Highlands,education,school,School,2
CLEAR LAKE,HORSHAM,23190,Wimmera Southern Mallee,recreation,nature_reserve,Nature Reserve,3
CLIFTON CREEK,EAST GIPPSLAND,22110,Gippsland,education,school,School,2
CLIFTON CREEK,EAST GIPPSLAND,22110,Gippsland,recreation,nature_reserve,Nature Reserve,2
CLIFTON SPRINGS,GREATER GEELONG,22750,Barwon,education,school,School,2
CLIFTON SPRINGS,GREATER GEELONG,22750,Barwon,public_transport,bus_stop,Bus Stop,1
CLIFTON SPRINGS,GREATER GEELONG,22750,Barwon,recreation,park,Park,28
CLIFTON SPRINGS,GREATER GEELONG,22750,Barwon,recreation,playground,Playground,11
CLONBINANE,MITCHELL,24850,Goulburn,recreation,nature_reserve,Nature Reserve,7
CLUB TERRACE,EAST GIPPSLAND,22110,Gippsland,recreation,nature_reserve,Nature Reserve,10
CLUNES,HEPBURN,22910,Central Highlands,community,community_centre,Community Centre,4
CLUNES,HEPBURN,22910,Central Highlands,community,town_hall,Town Hall,2
CLUNES,HEPBURN,22910,Central Highlands,education,kindergarten,Kindergarten,1
CLUNES,HEPBURN,22910,Central Highlands,education,school,School,2
CLUNES,HEPBURN,22910,Central Highlands,healthcare,pharmacy,Pharmacy,1
CLUNES,HEPBURN,22910,Central Highlands,public_transport,platform,Public Transport Platform,1
CLUNES,HEPBURN,22910,Central Highlands,public_transport,railway_station,Railway Station,1
CLUNES,HEPBURN,22910,Central Highlands,public_transport,stop_position,Public Transport Stop Position,2
CLUNES,HEPBURN,22910,Central Highlands,recreation,nature_reserve,Nature Reserve,5
CLUNES,HEPBURN,22910,Central Highlands,recreation,park,Park,14
CLUNES,HEPBURN,22910,Central Highlands,recreation,playground,Playground,4
CLUNES,HEPBURN,22910,Central Highlands,recreation,sports_centre,Sports Centre,2
CLUNES,HEPBURN,22910,Central Highlands,shopping,supermarket,Supermarket,2
CLYDEBANK,WELLINGTON,26810,Gippsland,recreation,nature_reserve,Nature Reserve,1
CLYDESDALE,HEPBURN,22910,Central Highlands,recreation,nature_reserve,Nature Reserve,4
COALVILLE,BAW BAW,20830,Gippsland,recreation,nature_reserve,Nature Reserve,3
COALVILLE,BAW BAW,20830,Gippsland,recreation,park,Park,2
COBAINS,WELLINGTON,26810,Gippsland,education,school,School,2
COBAINS,WELLINGTON,26810,Gippsland,recreation,nature_reserve,Nature Reserve,4
COBBANNAH,EAST GIPPSLAND,22110,Gippsland,recreation,nature_reserve,Nature Reserve,1
COBBERAS,EAST GIPPSLAND,22110,Gippsland,recreation,nature_reserve,Nature Reserve,3
COBDEN,CORANGAMITE,21830,Great South Coast,education,school,School,6
COBDEN,CORANGAMITE,21830,Great South Coast,healthcare,hospital,Hospital,2
COBDEN,CORANGAMITE,21830,Great South Coast,public_transport,bus_stop,Bus Stop,5
COBDEN,CORANGAMITE,21830,Great South Coast,recreation,park,Park,18
COBDEN,CORANGAMITE,21830,Great South Coast,recreation,playground,Playground,1
COBDEN,CORANGAMITE,21830,Great South Coast,shopping,supermarket,Supermarket,1
COBRAM,MOIRA,24900,Goulburn,education,school,School,10
COBRAM,MOIRA,24900,Goulburn,healthcare,hospital,Hospital,2
COBRAM,MOIRA,24900,Goulburn,healthcare,pharmacy,Pharmacy,1
COBRAM,MOIRA,24900,Goulburn,public_transport,bus_stop,Bus Stop,1
COBRAM,MOIRA,24900,Goulburn,public_transport,platform,Public Transport Platform,2
COBRAM,MOIRA,24900,Goulburn,recreation,garden,Garden,2
COBRAM,MOIRA,24900,Goulburn,recreation,nature_reserve,Nature Reserve,1
COBRAM,MOIRA,24900,Goulburn,recreation,park,Park,15
COBRAM,MOIRA,24900,Goulburn,recreation,playground,Playground,3
COBRAM,MOIRA,24900,Goulburn,recreation,sports_centre,Sports Centre,6
COBRAM,MOIRA,24900,Goulburn,shopping,convenience_store,Convenience Store,4
COBRAM,MOIRA,24900,Goulburn,shopping,supermarket,Supermarket,5
COBRAM EAST,MOIRA,24900,Goulburn,recreation,nature_reserve,Nature Reserve,1
COBRICO,CORANGAMITE,21830,Great South Coast,recreation,nature_reserve,Nature Reserve,2
COBRICO,CORANGAMITE,21830,Great South Coast,recreation,park,Park,2
COBUNGRA,EAST GIPPSLAND,22110,Gippsland,public_transport,bus_stop,Bus Stop,2
COBUNGRA,EAST GIPPSLAND,22110,Gippsland,recreation,nature_reserve,Nature Reserve,4
COCAMBA,SWAN HILL,26610,Mallee,recreation,nature_reserve,Nature Reserve,5
COCHRANES CREEK,LODDON,23940,Loddon Campaspe,recreation,nature_reserve,Nature Reserve,1
CODRINGTON,MOYNE,25490,Great South Coast,education,childcare,Childcare Centre,1
COHUNA,GANNAWARRA,22250,Mallee,community,community_centre,Community Centre,2
COHUNA,GANNAWARRA,22250,Mallee,education,school,School,6
COHUNA,GANNAWARRA,22250,Mallee,healthcare,hospital,Hospital,2
COHUNA,GANNAWARRA,22250,Mallee,public_transport,bus_stop,Bus Stop,1
COHUNA,GANNAWARRA,22250,Mallee,public_transport,stop_position,Public Transport Stop Position,1
COHUNA,GANNAWARRA,22250,Mallee,recreation,garden,Garden,2
COHUNA,GANNAWARRA,22250,Mallee,recreation,nature_reserve,Nature Reserve,3
COHUNA,GANNAWARRA,22250,Mallee,recreation,park,Park,5
COHUNA,GANNAWARRA,22250,Mallee,recreation,playground,Playground,8
COHUNA,GANNAWARRA,22250,Mallee,recreation,sports_centre,Sports Centre,2
COHUNA,GANNAWARRA,22250,Mallee,shopping,supermarket,Supermarket,1
COIMADAI,MOORABOOL,25150,Central Highlands,education,school,School,2
COIMADAI,MOORABOOL,25150,Central Highlands,recreation,nature_reserve,Nature Reserve,1
COIMADAI,MOORABOOL,25150,Central Highlands,recreation,park,Park,2
COIMADAI,MOORABOOL,25150,Central Highlands,recreation,playground,Playground,2
COKUM,BULOKE,21270,Mallee,recreation,garden,Garden,2
COKUM,BULOKE,21270,Mallee,recreation,nature_reserve,Nature Reserve,2
COLAC,COLAC OTWAY,21750,Barwon,community,community_centre,Community Centre,6
COLAC,COLAC OTWAY,21750,Barwon,community,library,Library,2
COLAC,COLAC OTWAY,21750,Barwon,community,social_facility,Social Facility,6
COLAC,COLAC OTWAY,21750,Barwon,education,childcare,Childcare Centre,2
COLAC,COLAC OTWAY,21750,Barwon,education,kindergarten,Kindergarten,4
COLAC,COLAC OTWAY,21750,Barwon,education,school,School,16
COLAC,COLAC OTWAY,21750,Barwon,healthcare,clinic,Clinic,2
COLAC,COLAC OTWAY,21750,Barwon,healthcare,dentist,Dentist,2
COLAC,COLAC OTWAY,21750,Barwon,healthcare,doctor,Doctor,2
COLAC,COLAC OTWAY,21750,Barwon,healthcare,hospital,Hospital,2
COLAC,COLAC OTWAY,21750,Barwon,healthcare,pharmacy,Pharmacy,2
COLAC,COLAC OTWAY,21750,Barwon,public_transport,bus_stop,Bus Stop,56
COLAC,COLAC OTWAY,21750,Barwon,public_transport,platform,Public Transport Platform,2
COLAC,COLAC OTWAY,21750,Barwon,public_transport,railway_station,Railway Station,1
COLAC,COLAC OTWAY,21750,Barwon,public_transport,stop_position,Public Transport Stop Position,7
COLAC,COLAC OTWAY,21750,Barwon,recreation,garden,Garden,2
COLAC,COLAC OTWAY,21750,Barwon,recreation,nature_reserve,Nature Reserve,2
COLAC,COLAC OTWAY,21750,Barwon,recreation,park,Park,26
COLAC,COLAC OTWAY,21750,Barwon,recreation,playground,Playground,20
COLAC,COLAC OTWAY,21750,Barwon,recreation,sports_centre,Sports Centre,8
COLAC,COLAC OTWAY,21750,Barwon,shopping,convenience_store,Convenience Store,8
COLAC,COLAC OTWAY,21750,Barwon,shopping,supermarket,Supermarket,6
COLAC COLAC,TOWONG,26670,Ovens Murray,recreation,nature_reserve,Nature Reserve,3
COLAC EAST,COLAC OTWAY,21750,Barwon,shopping,convenience_store,Convenience Store,4
COLAC WEST,COLAC OTWAY,21750,Barwon,public_transport,bus_stop,Bus Stop,1
COLAC WEST,COLAC OTWAY,21750,Barwon,recreation,playground,Playground,2
COLAC WEST,COLAC OTWAY,21750,Barwon,recreation,sports_centre,Sports Centre,2
COLBINABBIN,CAMPASPE,21370,Loddon Campaspe,community,community_centre,Community Centre,2
COLBINABBIN,CAMPASPE,21370,Loddon Campaspe,education,school,School,2
COLBINABBIN,CAMPASPE,21370,Loddon Campaspe,public_transport,bus_stop,Bus Stop,2
COLBINABBIN,CAMPASPE,21370,Loddon Campaspe,recreation,nature_reserve,Nature Reserve,2
COLBINABBIN,CAMPASPE,21370,Loddon Campaspe,recreation,park,Park,4
COLBINABBIN,CAMPASPE,21370,Loddon Campaspe,recreation,playground,Playground,2
COLBINABBIN,CAMPASPE,21370,Loddon Campaspe,shopping,convenience_store,Convenience Store,2
COLERAINE,SOUTHERN GRAMPIANS,26260,Great South Coast,community,community_centre,Community Centre,9
COLERAINE,SOUTHERN GRAMPIANS,26260,Great South Coast,education,school,School,4
COLERAINE,SOUTHERN GRAMPIANS,26260,Great South Coast,healthcare,hospital,Hospital,2
COLERAINE,SOUTHERN GRAMPIANS,26260,Great South Coast,public_transport,bus_stop,Bus Stop,1
COLERAINE,SOUTHERN GRAMPIANS,26260,Great South Coast,recreation,garden,Garden,2
COLERAINE,SOUTHERN GRAMPIANS,26260,Great South Coast,recreation,nature_reserve,Nature Reserve,2
COLERAINE,SOUTHERN GRAMPIANS,26260,Great South Coast,recreation,park,Park,9
COLERAINE,SOUTHERN GRAMPIANS,26260,Great South Coast,recreation,playground,Playground,6
COLERAINE,SOUTHERN GRAMPIANS,26260,Great South Coast,recreation,sports_centre,Sports Centre,6
COLERAINE,SOUTHERN GRAMPIANS,26260,Great South Coast,shopping,convenience_store,Convenience Store,2
COLERAINE,SOUTHERN GRAMPIANS,26260,Great South Coast,shopping,supermarket,Supermarket,1
COMBIENBAR,EAST GIPPSLAND,22110,Gippsland,recreation,nature_reserve,Nature Reserve,1
CONCONGELLA,NORTHERN GRAMPIANS,25810,Wimmera Southern Mallee,education,school,School,2
CONCONGELLA,NORTHERN GRAMPIANS,25810,Wimmera Southern Mallee,recreation,nature_reserve,Nature Reserve,15
CONDAH,GLENELG,22410,Great South Coast,community,community_centre,Community Centre,2
CONDAH,GLENELG,22410,Great South Coast,recreation,nature_reserve,Nature Reserve,4
CONGUPNA,GREATER SHEPPARTON,22830,Goulburn,education,school,School,2
CONGUPNA,GREATER SHEPPARTON,22830,Goulburn,public_transport,bus_stop,Bus Stop,1
CONGUPNA,GREATER SHEPPARTON,22830,Goulburn,recreation,nature_reserve,Nature Reserve,4
CONNEWARRE,GREATER GEELONG,22750,Barwon,public_transport,bus_stop,Bus Stop,2
CONNEWARRE,GREATER GEELONG,22750,Barwon,recreation,nature_reserve,Nature Reserve,2
CONNEWARRE,SURF COAST,26490,Barwon,public_transport,bus_stop,Bus Stop,2
CONNEWARRE,SURF COAST,26490,Barwon,recreation,nature_reserve,Nature Reserve,2
CONNEWARRE,SURF COAST,26490,Barwon,recreation,playground,Playground,1
CONNEWIRRICOO,WEST WIMMERA,26890,Wimmera Southern Mallee,community,community_centre,Community Centre,1
CONNEWIRRICOO,WEST WIMMERA,26890,Wimmera Southern Mallee,recreation,nature_reserve,Nature Reserve,5
COOMOORA,HEPBURN,22910,Central Highlands,recreation,nature_reserve,Nature Reserve,2
COONGULLA,WELLINGTON,26810,Gippsland,recreation,playground,Playground,1
COONOOER BRIDGE,BULOKE,21270,Mallee,community,community_centre,Community Centre,2
COONOOER BRIDGE,NORTHERN GRAMPIANS,25810,Wimmera Southern Mallee,recreation,nature_reserve,Nature Reserve,4
COORIEMUNGLE,CORANGAMITE,21830,Great South Coast,education,school,School,2
COORIEMUNGLE,CORANGAMITE,21830,Great South Coast,recreation,nature_reserve,Nature Reserve,3
COPE COPE,BULOKE,21270,Mallee,recreation,nature_reserve,Nature Reserve,1
CORACK,BULOKE,21270,Mallee,recreation,nature_reserve,Nature Reserve,6
CORACK EAST,BULOKE,21270,Mallee,community,community_centre,Community Centre,2
CORACK EAST,BULOKE,21270,Mallee,recreation,garden,Garden,2
CORACK EAST,BULOKE,21270,Mallee,recreation,nature_reserve,Nature Reserve,2
CORACK EAST,BULOKE,21270,Mallee,recreation,park,Park,2
CORAGULAC,COLAC OTWAY,21750,Barwon,education,school,School,2
CORAGULAC,COLAC OTWAY,21750,Barwon,public_transport,bus_stop,Bus Stop,2
CORAL BANK,ALPINE,20110,Ovens Murray,recreation,nature_reserve,Nature Reserve,2
CORINDHAP,GOLDEN PLAINS,22490,Central Highlands,community,community_centre,Community Centre,2
CORINDHAP,GOLDEN PLAINS,22490,Central Highlands,recreation,nature_reserve,Nature Reserve,1
CORINELLA,BASS COAST,20740,Gippsland,community,community_centre,Community Centre,4
CORINELLA,BASS COAST,20740,Gippsland,education,school,School,2
CORINELLA,BASS COAST,20740,Gippsland,public_transport,bus_stop,Bus Stop,9
CORINELLA,BASS COAST,20740,Gippsland,recreation,nature_reserve,Nature Reserve,2
CORINELLA,BASS COAST,20740,Gippsland,recreation,park,Park,22
CORINELLA,BASS COAST,20740,Gippsland,recreation,playground,Playground,2
CORINELLA,BASS COAST,20740,Gippsland,shopping,convenience_store,Convenience Store,2
CORIO,GREATER GEELONG,22750,Barwon,community,community_centre,Community Centre,10
CORIO,GREATER GEELONG,22750,Barwon,community,library,Library,2
CORIO,GREATER GEELONG,22750,Barwon,community,social_facility,Social Facility,2
CORIO,GREATER GEELONG,22750,Barwon,education,college,College,2
CORIO,GREATER GEELONG,22750,Barwon,education,kindergarten,Kindergarten,8
CORIO,GREATER GEELONG,22750,Barwon,education,school,School,12
CORIO,GREATER GEELONG,22750,Barwon,healthcare,dentist,Dentist,4
CORIO,GREATER GEELONG,22750,Barwon,healthcare,pharmacy,Pharmacy,3
CORIO,GREATER GEELONG,22750,Barwon,public_transport,bus_stop,Bus Stop,63
CORIO,GREATER GEELONG,22750,Barwon,public_transport,platform,Public Transport Platform,4
CORIO,GREATER GEELONG,22750,Barwon,public_transport,railway_station,Railway Station,1
CORIO,GREATER GEELONG,22750,Barwon,public_transport,stop_position,Public Transport Stop Position,24
CORIO,GREATER GEELONG,22750,Barwon,recreation,garden,Garden,104
CORIO,GREATER GEELONG,22750,Barwon,recreation,nature_reserve,Nature Reserve,3
CORIO,GREATER GEELONG,22750,Barwon,recreation,park,Park,74
CORIO,GREATER GEELONG,22750,Barwon,recreation,playground,Playground,43
CORIO,GREATER GEELONG,22750,Barwon,recreation,sports_centre,Sports Centre,4
CORIO,GREATER GEELONG,22750,Barwon,shopping,convenience_store,Convenience Store,14
CORIO,GREATER GEELONG,22750,Barwon,shopping,supermarket,Supermarket,4
CORNDALE,GLENELG,22410,Great South Coast,recreation,nature_reserve,Nature Reserve,1
CORNISHTOWN,INDIGO,23350,Ovens Murray,recreation,nature_reserve,Nature Reserve,6
CORNISHTOWN,INDIGO,23350,Ovens Murray,recreation,sports_centre,Sports Centre,2
CORONET BAY,BASS COAST,20740,Gippsland,healthcare,pharmacy,Pharmacy,1
CORONET BAY,BASS COAST,20740,Gippsland,public_transport,bus_stop,Bus Stop,8
CORONET BAY,BASS COAST,20740,Gippsland,public_transport,stop_position,Public Transport Stop Position,1
CORONET BAY,BASS COAST,20740,Gippsland,recreation,nature_reserve,Nature Reserve,2
CORONET BAY,BASS COAST,20740,Gippsland,recreation,park,Park,9
CORONET BAY,BASS COAST,20740,Gippsland,recreation,playground,Playground,2
CORONET BAY,BASS COAST,20740,Gippsland,shopping,convenience_store,Convenience Store,2
COROP,CAMPASPE,21370,Loddon Campaspe,public_transport,bus_stop,Bus Stop,1
COROP,CAMPASPE,21370,Loddon Campaspe,recreation,nature_reserve,Nature Reserve,5
COROROOKE,COLAC OTWAY,21750,Barwon,public_transport,bus_stop,Bus Stop,2
COROROOKE,COLAC OTWAY,21750,Barwon,recreation,sports_centre,Sports Centre,2
CORRINGLE,EAST GIPPSLAND,22110,Gippsland,recreation,nature_reserve,Nature Reserve,2
CORRYONG,TOWONG,26670,Ovens Murray,community,community_centre,Community Centre,3
CORRYONG,TOWONG,26670,Ovens Murray,community,library,Library,1
CORRYONG,TOWONG,26670,Ovens Murray,education,school,School,4
CORRYONG,TOWONG,26670,Ovens Murray,healthcare,hospital,Hospital,2
CORRYONG,TOWONG,26670,Ovens Murray,healthcare,pharmacy,Pharmacy,1
CORRYONG,TOWONG,26670,Ovens Murray,recreation,nature_reserve,Nature Reserve,2
CORRYONG,TOWONG,26670,Ovens Murray,recreation,park,Park,8
CORRYONG,TOWONG,26670,Ovens Murray,shopping,supermarket,Supermarket,1
CORUNNUN,COLAC OTWAY,21750,Barwon,public_transport,bus_stop,Bus Stop,1
COSGROVE,GREATER SHEPPARTON,22830,Goulburn,recreation,nature_reserve,Nature Reserve,4
COSGROVE SOUTH,GREATER SHEPPARTON,22830,Goulburn,recreation,nature_reserve,Nature Reserve,6
COSTERFIELD,GREATER BENDIGO,22620,Loddon Campaspe,community,town_hall,Town Hall,2
COSTERFIELD,GREATER BENDIGO,22620,Loddon Campaspe,recreation,nature_reserve,Nature Reserve,2
COWANGIE,MILDURA,24780,Mallee,community,community_centre,Community Centre,1
COWANGIE,MILDURA,24780,Mallee,recreation,garden,Garden,2
COWANGIE,MILDURA,24780,Mallee,recreation,nature_reserve,Nature Reserve,8
COWES,BASS COAST,20740,Gippsland,community,community_centre,Community Centre,4
COWES,BASS COAST,20740,Gippsland,community,library,Library,1
COWES,BASS COAST,20740,Gippsland,community,social_facility,Social Facility,5
COWES,BASS COAST,20740,Gippsland,education,childcare,Childcare Centre,1
COWES,BASS COAST,20740,Gippsland,education,school,School,4
COWES,BASS COAST,20740,Gippsland,healthcare,dentist,Dentist,7
COWES,BASS COAST,20740,Gippsland,healthcare,doctor,Doctor,1
COWES,BASS COAST,20740,Gippsland,healthcare,hospital,Hospital,1
COWES,BASS COAST,20740,Gippsland,healthcare,pharmacy,Pharmacy,3
COWES,BASS COAST,20740,Gippsland,public_transport,bus_stop,Bus Stop,23
COWES,BASS COAST,20740,Gippsland,public_transport,stop_position,Public Transport Stop Position,2
COWES,BASS COAST,20740,Gippsland,recreation,garden,Garden,2
COWES,BASS COAST,20740,Gippsland,recreation,park,Park,48
COWES,BASS COAST,20740,Gippsland,recreation,playground,Playground,8
COWES,BASS COAST,20740,Gippsland,recreation,sports_centre,Sports Centre,6
COWES,BASS COAST,20740,Gippsland,shopping,convenience_store,Convenience Store,3
COWES,BASS COAST,20740,Gippsland,shopping,supermarket,Supermarket,7
COWWARR,WELLINGTON,26810,Gippsland,community,town_hall,Town Hall,1
COWWARR,WELLINGTON,26810,Gippsland,education,school,School,2
COWWARR,WELLINGTON,26810,Gippsland,public_transport,bus_stop,Bus Stop,2
COWWARR,WELLINGTON,26810,Gippsland,public_transport,platform,Public Transport Platform,1
COWWARR,WELLINGTON,26810,Gippsland,recreation,park,Park,2
COWWARR,WELLINGTON,26810,Gippsland,recreation,playground,Playground,1
COWWARR,WELLINGTON,26810,Gippsland,shopping,convenience_store,Convenience Store,1
CREEK JUNCTION,BENALLA,21010,Ovens Murray,recreation,nature_reserve,Nature Reserve,2
CREIGHTONS CREEK,STRATHBOGIE,26430,Goulburn,recreation,nature_reserve,Nature Reserve,4
CRESSY,COLAC OTWAY,21750,Barwon,recreation,nature_reserve,Nature Reserve,2
CRESSY,COLAC OTWAY,21750,Barwon,recreation,park,Park,4
CRESSY,COLAC OTWAY,21750,Barwon,recreation,playground,Playground,2
CRESSY,COLAC OTWAY,21750,Barwon,recreation,sports_centre,Sports Centre,2
CRESWICK,HEPBURN,22910,Central Highlands,community,community_centre,Community Centre,2
CRESWICK,HEPBURN,22910,Central Highlands,community,library,Library,3
CRESWICK,HEPBURN,22910,Central Highlands,community,town_hall,Town Hall,1
CRESWICK,HEPBURN,22910,Central Highlands,education,school,School,5
CRESWICK,HEPBURN,22910,Central Highlands,healthcare,hospital,Hospital,3
CRESWICK,HEPBURN,22910,Central Highlands,public_transport,bus_stop,Bus Stop,27
CRESWICK,HEPBURN,22910,Central Highlands,public_transport,platform,Public Transport Platform,1
CRESWICK,HEPBURN,22910,Central Highlands,public_transport,railway_station,Railway Station,1
CRESWICK,HEPBURN,22910,Central Highlands,public_transport,stop_position,Public Transport Stop Position,5
CRESWICK,HEPBURN,22910,Central Highlands,recreation,nature_reserve,Nature Reserve,7
CRESWICK,HEPBURN,22910,Central Highlands,recreation,park,Park,23
CRESWICK,HEPBURN,22910,Central Highlands,recreation,playground,Playground,4
CRESWICK,HEPBURN,22910,Central Highlands,recreation,sports_centre,Sports Centre,4
CRESWICK,HEPBURN,22910,Central Highlands,shopping,convenience_store,Convenience Store,2
CRESWICK,HEPBURN,22910,Central Highlands,shopping,supermarket,Supermarket,1
CROSSLEY,MOYNE,25490,Great South Coast,community,community_centre,Community Centre,1
CROSSLEY,MOYNE,25490,Great South Coast,public_transport,bus_stop,Bus Stop,4
CROSSOVER,BAW BAW,20830,Gippsland,recreation,nature_reserve,Nature Reserve,2
CROWLANDS,NORTHERN GRAMPIANS,25810,Wimmera Southern Mallee,recreation,nature_reserve,Nature Reserve,2
CROWLANDS,PYRENEES,25990,Central Highlands,public_transport,bus_stop,Bus Stop,2
CROWLANDS,PYRENEES,25990,Central Highlands,recreation,park,Park,2
CROXTON EAST,SOUTHERN GRAMPIANS,26260,Great South Coast,recreation,nature_reserve,Nature Reserve,4
CRYMELON,YARRIAMBIACK,27630,Wimmera Southern Mallee,recreation,nature_reserve,Nature Reserve,4
CUDGEE,MOYNE,25490,Great South Coast,education,school,School,2
CUDGEE,MOYNE,25490,Great South Coast,recreation,nature_reserve,Nature Reserve,1
CUDGEWA,TOWONG,26670,Ovens Murray,recreation,nature_reserve,Nature Reserve,4
CULGOA,BULOKE,21270,Mallee,community,community_centre,Community Centre,2
CULGOA,BULOKE,21270,Mallee,public_transport,bus_stop,Bus Stop,1
CULGOA,BULOKE,21270,Mallee,recreation,garden,Garden,12
CULGOA,BULOKE,21270,Mallee,recreation,nature_reserve,Nature Reserve,5
CULGOA,BULOKE,21270,Mallee,recreation,park,Park,2
CULGOA,BULOKE,21270,Mallee,recreation,playground,Playground,1
CULGOA,BULOKE,21270,Mallee,recreation,sports_centre,Sports Centre,4
CULGOA,BULOKE,21270,Mallee,shopping,convenience_store,Convenience Store,1
CULLULLERAINE,MILDURA,24780,Mallee,recreation,playground,Playground,2
CULLULLERAINE,MILDURA,24780,Mallee,shopping,convenience_store,Convenience Store,2
CUNDARE,COLAC OTWAY,21750,Barwon,recreation,nature_reserve,Nature Reserve,1
CURDIEVALE,CORANGAMITE,21830,Great South Coast,recreation,nature_reserve,Nature Reserve,2
CURLEWIS,GREATER GEELONG,22750,Barwon,education,kindergarten,Kindergarten,2
CURLEWIS,GREATER GEELONG,22750,Barwon,public_transport,bus_stop,Bus Stop,6
CURLEWIS,GREATER GEELONG,22750,Barwon,recreation,park,Park,30
CURLEWIS,GREATER GEELONG,22750,Barwon,recreation,playground,Playground,3
CURLEWIS,GREATER GEELONG,22750,Barwon,shopping,supermarket,Supermarket,1
CURYO,BULOKE,21270,Mallee,recreation,nature_reserve,Nature Reserve,3
DAISY HILL,CENTRAL GOLDFIELDS,21670,Loddon Campaspe,recreation,nature_reserve,Nature Reserve,2
DALYENONG,NORTHERN GRAMPIANS,25810,Wimmera Southern Mallee,recreation,nature_reserve,Nature Reserve,7
DALYSTON,BASS COAST,20740,Gippsland,community,community_centre,Community Centre,2
DALYSTON,BASS COAST,20740,Gippsland,education,school,School,2
DALYSTON,BASS COAST,20740,Gippsland,public_transport,bus_stop,Bus Stop,2
DALYSTON,BASS COAST,20740,Gippsland,recreation,nature_reserve,Nature Reserve,2
DALYSTON,BASS COAST,20740,Gippsland,recreation,park,Park,2
DALYSTON,BASS COAST,20740,Gippsland,recreation,playground,Playground,2
DALYSTON,BASS COAST,20740,Gippsland,shopping,convenience_store,Convenience Store,2
DANDONGADALE,ALPINE,20110,Ovens Murray,recreation,nature_reserve,Nature Reserve,2
DARGO,ALPINE,20110,Ovens Murray,recreation,nature_reserve,Nature Reserve,4
DARGO,WELLINGTON,26810,Gippsland,community,community_centre,Community Centre,2
DARGO,WELLINGTON,26810,Gippsland,recreation,garden,Garden,2
DARGO,WELLINGTON,26810,Gippsland,recreation,nature_reserve,Nature Reserve,11
DARGO,WELLINGTON,26810,Gippsland,recreation,park,Park,4
DARGO,WELLINGTON,26810,Gippsland,recreation,playground,Playground,1
DARGO,WELLINGTON,26810,Gippsland,shopping,supermarket,Supermarket,1
DARLEY,MOORABOOL,25150,Central Highlands,community,social_facility,Social Facility,2
DARLEY,MOORABOOL,25150,Central Highlands,community,town_hall,Town Hall,1
DARLEY,MOORABOOL,25150,Central Highlands,education,school,School,4
DARLEY,MOORABOOL,25150,Central Highlands,public_transport,bus_stop,Bus Stop,6
DARLEY,MOORABOOL,25150,Central Highlands,recreation,garden,Garden,2
DARLEY,MOORABOOL,25150,Central Highlands,recreation,nature_reserve,Nature Reserve,2
DARLEY,MOORABOOL,25150,Central Highlands,recreation,park,Park,42
DARLEY,MOORABOOL,25150,Central Highlands,recreation,playground,Playground,18
DARLEY,MOORABOOL,25150,Central Highlands,shopping,supermarket,Supermarket,1
DARLIMURLA,SOUTH GIPPSLAND,26170,Gippsland,recreation,nature_reserve,Nature Reserve,2
DARLINGTON,MOYNE,25490,Great South Coast,recreation,nature_reserve,Nature Reserve,4
DARNUM,BAW BAW,20830,Gippsland,education,school,School,2
DARNUM,BAW BAW,20830,Gippsland,recreation,park,Park,4
DARNUM,BAW BAW,20830,Gippsland,recreation,playground,Playground,3
DARNUM,BAW BAW,20830,Gippsland,shopping,convenience_store,Convenience Store,1
DARRAWEIT GUIM,MACEDON RANGES,24130,Loddon Campaspe,education,school,School,2
DARRAWEIT GUIM,MACEDON RANGES,24130,Loddon Campaspe,recreation,nature_reserve,Nature Reserve,4
DARRIMAN,WELLINGTON,26810,Gippsland,recreation,nature_reserve,Nature Reserve,10
DARTMOOR,GLENELG,22410,Great South Coast,education,school,School,2
DARTMOOR,GLENELG,22410,Great South Coast,healthcare,hospital,Hospital,2
DARTMOOR,GLENELG,22410,Great South Coast,recreation,nature_reserve,Nature Reserve,18
DARTMOOR,GLENELG,22410,Great South Coast,recreation,park,Park,8
DARTMOOR,GLENELG,22410,Great South Coast,shopping,convenience_store,Convenience Store,1
DARTMOUTH,EAST GIPPSLAND,22110,Gippsland,recreation,nature_reserve,Nature Reserve,2
DARTMOUTH,TOWONG,26670,Ovens Murray,recreation,nature_reserve,Nature Reserve,6
DAYLESFORD,HEPBURN,22910,Central Highlands,community,community_centre,Community Centre,1
DAYLESFORD,HEPBURN,22910,Central Highlands,community,library,Library,1
DAYLESFORD,HEPBURN,22910,Central Highlands,education,school,School,8
DAYLESFORD,HEPBURN,22910,Central Highlands,healthcare,hospital,Hospital,2
DAYLESFORD,HEPBURN,22910,Central Highlands,healthcare,pharmacy,Pharmacy,1
DAYLESFORD,HEPBURN,22910,Central Highlands,public_transport,bus_stop,Bus Stop,3
DAYLESFORD,HEPBURN,22910,Central Highlands,public_transport,platform,Public Transport Platform,1
DAYLESFORD,HEPBURN,22910,Central Highlands,public_transport,station,Public Transport Station,2
DAYLESFORD,HEPBURN,22910,Central Highlands,public_transport,stop_position,Public Transport Stop Position,1
DAYLESFORD,HEPBURN,22910,Central Highlands,recreation,garden,Garden,3
DAYLESFORD,HEPBURN,22910,Central Highlands,recreation,park,Park,16
DAYLESFORD,HEPBURN,22910,Central Highlands,recreation,playground,Playground,4
DAYLESFORD,HEPBURN,22910,Central Highlands,recreation,sports_centre,Sports Centre,2
DAYLESFORD,HEPBURN,22910,Central Highlands,shopping,convenience_store,Convenience Store,4
DAYLESFORD,HEPBURN,22910,Central Highlands,shopping,supermarket,Supermarket,3
DEAN,HEPBURN,22910,Central Highlands,recreation,park,Park,2
DEANS MARSH,SURF COAST,26490,Barwon,community,community_centre,Community Centre,1
DEANS MARSH,SURF COAST,26490,Barwon,education,school,School,2
DEANS MARSH,SURF COAST,26490,Barwon,recreation,nature_reserve,Nature Reserve,2
DEANS MARSH,SURF COAST,26490,Barwon,recreation,park,Park,2
DEANS MARSH,SURF COAST,26490,Barwon,recreation,sports_centre,Sports Centre,2
DEANS MARSH,SURF COAST,26490,Barwon,shopping,convenience_store,Convenience Store,1
DEDDICK VALLEY,EAST GIPPSLAND,22110,Gippsland,recreation,nature_reserve,Nature Reserve,9
DEDERANG,ALPINE,20110,Ovens Murray,education,school,School,2
DEDERANG,ALPINE,20110,Ovens Murray,public_transport,bus_stop,Bus Stop,1
DEDERANG,ALPINE,20110,Ovens Murray,recreation,nature_reserve,Nature Reserve,2
DEDERANG,ALPINE,20110,Ovens Murray,shopping,convenience_store,Convenience Store,2
DEEP LEAD,NORTHERN GRAMPIANS,25810,Wimmera Southern Mallee,recreation,nature_reserve,Nature Reserve,22
DELACOMBE,BALLARAT,20570,Central Highlands,community,social_facility,Social Facility,4
DELACOMBE,BALLARAT,20570,Central Highlands,education,kindergarten,Kindergarten,4
DELACOMBE,BALLARAT,20570,Central Highlands,education,school,School,6
DELACOMBE,BALLARAT,20570,Central Highlands,healthcare,clinic,Clinic,1
DELACOMBE,BALLARAT,20570,Central Highlands,healthcare,pharmacy,Pharmacy,1
DELACOMBE,BALLARAT,20570,Central Highlands,public_transport,bus_stop,Bus Stop,22
DELACOMBE,BALLARAT,20570,Central Highlands,public_transport,stop_position,Public Transport Stop Position,1
DELACOMBE,BALLARAT,20570,Central Highlands,recreation,garden,Garden,12
DELACOMBE,BALLARAT,20570,Central Highlands,recreation,park,Park,44
DELACOMBE,BALLARAT,20570,Central Highlands,recreation,playground,Playground,15
DELACOMBE,BALLARAT,20570,Central Highlands,shopping,convenience_store,Convenience Store,5
DELACOMBE,BALLARAT,20570,Central Highlands,shopping,supermarket,Supermarket,1
DENNINGTON,WARRNAMBOOL,26730,Great South Coast,education,school,School,2
DENNINGTON,WARRNAMBOOL,26730,Great South Coast,public_transport,bus_stop,Bus Stop,10
DENNINGTON,WARRNAMBOOL,26730,Great South Coast,public_transport,stop_position,Public Transport Stop Position,1
DENNINGTON,WARRNAMBOOL,26730,Great South Coast,recreation,park,Park,10
DENNINGTON,WARRNAMBOOL,26730,Great South Coast,recreation,playground,Playground,2
DENNINGTON,WARRNAMBOOL,26730,Great South Coast,shopping,convenience_store,Convenience Store,2
DENNINGTON,WARRNAMBOOL,26730,Great South Coast,shopping,supermarket,Supermarket,1
DENVER,HEPBURN,22910,Central Highlands,recreation,nature_reserve,Nature Reserve,6
DERBY,LODDON,23940,Loddon Campaspe,community,community_centre,Community Centre,2
DERBY,LODDON,23940,Loddon Campaspe,recreation,nature_reserve,Nature Reserve,4
DEREEL,GOLDEN PLAINS,22490,Central Highlands,recreation,nature_reserve,Nature Reserve,12
DEREEL,GOLDEN PLAINS,22490,Central Highlands,recreation,park,Park,2
DERGHOLM,WEST WIMMERA,26890,Wimmera Southern Mallee,recreation,nature_reserve,Nature Reserve,5
DERGHOLM,WEST WIMMERA,26890,Wimmera Southern Mallee,recreation,park,Park,2
DERRINAL,GREATER BENDIGO,22620,Loddon Campaspe,public_transport,bus_stop,Bus Stop,2
DERRINAL,GREATER BENDIGO,22620,Loddon Campaspe,recreation,nature_reserve,Nature Reserve,2
DERRINALLUM,CORANGAMITE,21830,Great South Coast,community,community_centre,Community Centre,2
DERRINALLUM,CORANGAMITE,21830,Great South Coast,community,library,Library,2
DERRINALLUM,CORANGAMITE,21830,Great South Coast,education,childcare,Childcare Centre,2
DERRINALLUM,CORANGAMITE,21830,Great South Coast,education,kindergarten,Kindergarten,4
DERRINALLUM,CORANGAMITE,21830,Great South Coast,education,school,School,2
DERRINALLUM,CORANGAMITE,21830,Great South Coast,public_transport,platform,Public Transport Platform,1
DERRINALLUM,CORANGAMITE,21830,Great South Coast,recreation,nature_reserve,Nature Reserve,2
DERRINALLUM,CORANGAMITE,21830,Great South Coast,recreation,park,Park,4
DERRINALLUM,CORANGAMITE,21830,Great South Coast,recreation,sports_centre,Sports Centre,2
DERRINALLUM,CORANGAMITE,21830,Great South Coast,shopping,supermarket,Supermarket,2
DEVENISH,BENALLA,21010,Ovens Murray,education,school,School,2
DEVON NORTH,WELLINGTON,26810,Gippsland,recreation,nature_reserve,Nature Reserve,5
DHURRINGILE,GREATER SHEPPARTON,22830,Goulburn,education,school,School,2
DHURRINGILE,GREATER SHEPPARTON,22830,Goulburn,recreation,nature_reserve,Nature Reserve,2
DIGBY,GLENELG,22410,Great South Coast,community,community_centre,Community Centre,2
DIGBY,GLENELG,22410,Great South Coast,recreation,nature_reserve,Nature Reserve,8
DIGBY,GLENELG,22410,Great South Coast,recreation,park,Park,6
DIMBOOLA,HINDMARSH,22980,Wimmera Southern Mallee,community,library,Library,2
DIMBOOLA,HINDMARSH,22980,Wimmera Southern Mallee,education,kindergarten,Kindergarten,1
DIMBOOLA,HINDMARSH,22980,Wimmera Southern Mallee,education,school,School,5
DIMBOOLA,HINDMARSH,22980,Wimmera Southern Mallee,healthcare,hospital,Hospital,1
DIMBOOLA,HINDMARSH,22980,Wimmera Southern Mallee,healthcare,pharmacy,Pharmacy,1
DIMBOOLA,HINDMARSH,22980,Wimmera Southern Mallee,public_transport,bus_stop,Bus Stop,2
DIMBOOLA,HINDMARSH,22980,Wimmera Southern Mallee,public_transport,railway_station,Railway Station,1
DIMBOOLA,HINDMARSH,22980,Wimmera Southern Mallee,recreation,garden,Garden,4
DIMBOOLA,HINDMARSH,22980,Wimmera Southern Mallee,recreation,nature_reserve,Nature Reserve,20
DIMBOOLA,HINDMARSH,22980,Wimmera Southern Mallee,recreation,park,Park,12
DIMBOOLA,HINDMARSH,22980,Wimmera Southern Mallee,recreation,playground,Playground,2
DIMBOOLA,HINDMARSH,22980,Wimmera Southern Mallee,recreation,sports_centre,Sports Centre,4
DIMBOOLA,HINDMARSH,22980,Wimmera Southern Mallee,shopping,supermarket,Supermarket,1
DINGEE,LODDON,23940,Loddon Campaspe,community,community_centre,Community Centre,2
DINGEE,LODDON,23940,Loddon Campaspe,education,school,School,2
DINGEE,LODDON,23940,Loddon Campaspe,public_transport,bus_stop,Bus Stop,1
DINGEE,LODDON,23940,Loddon Campaspe,public_transport,platform,Public Transport Platform,1
DINGEE,LODDON,23940,Loddon Campaspe,public_transport,railway_station,Railway Station,1
DINGEE,LODDON,23940,Loddon Campaspe,recreation,nature_reserve,Nature Reserve,4
DINGEE,LODDON,23940,Loddon Campaspe,recreation,park,Park,4
DINGWALL,GANNAWARRA,22250,Mallee,recreation,nature_reserve,Nature Reserve,3
DINNER PLAIN,ALPINE,20110,Ovens Murray,education,school,School,4
DINNER PLAIN,ALPINE,20110,Ovens Murray,public_transport,bus_stop,Bus Stop,6
DINNER PLAIN,ALPINE,20110,Ovens Murray,recreation,nature_reserve,Nature Reserve,2
DINNER PLAIN,ALPINE,20110,Ovens Murray,recreation,park,Park,2
DINNER PLAIN,ALPINE,20110,Ovens Murray,recreation,playground,Playground,1
DIXIE,CORANGAMITE,21830,Great South Coast,recreation,park,Park,2
DONALD,BULOKE,21270,Mallee,community,social_facility,Social Facility,2
DONALD,BULOKE,21270,Mallee,education,school,School,6
DONALD,BULOKE,21270,Mallee,healthcare,hospital,Hospital,2
DONALD,BULOKE,21270,Mallee,public_transport,bus_stop,Bus Stop,1
DONALD,BULOKE,21270,Mallee,recreation,nature_reserve,Nature Reserve,6
DONALD,BULOKE,21270,Mallee,recreation,park,Park,18
DONALD,BULOKE,21270,Mallee,recreation,playground,Playground,3
DONALD,BULOKE,21270,Mallee,recreation,sports_centre,Sports Centre,6
DONALD,BULOKE,21270,Mallee,shopping,supermarket,Supermarket,1
DOOEN,HORSHAM,23190,Wimmera Southern Mallee,public_transport,bus_stop,Bus Stop,3
DOOEN,HORSHAM,23190,Wimmera Southern Mallee,recreation,nature_reserve,Nature Reserve,4
DOOEN,HORSHAM,23190,Wimmera Southern Mallee,recreation,sports_centre,Sports Centre,1
DOOKIE,GREATER SHEPPARTON,22830,Goulburn,education,school,School,2
DOOKIE,GREATER SHEPPARTON,22830,Goulburn,public_transport,railway_station,Railway Station,1
DOOKIE,GREATER SHEPPARTON,22830,Goulburn,recreation,garden,Garden,2
DOOKIE,GREATER SHEPPARTON,22830,Goulburn,recreation,park,Park,2
DOOKIE,GREATER SHEPPARTON,22830,Goulburn,recreation,sports_centre,Sports Centre,2
DOOKIE,GREATER SHEPPARTON,22830,Goulburn,shopping,convenience_store,Convenience Store,1
DOOKIE COLLEGE,GREATER SHEPPARTON,22830,Goulburn,education,college,College,2
DOOKIE COLLEGE,GREATER SHEPPARTON,22830,Goulburn,education,school,School,2
DOOKIE COLLEGE,GREATER SHEPPARTON,22830,Goulburn,recreation,park,Park,2
DORODONG,WEST WIMMERA,26890,Wimmera Southern Mallee,recreation,nature_reserve,Nature Reserve,9
DOUBLE BRIDGES,EAST GIPPSLAND,22110,Gippsland,recreation,nature_reserve,Nature Reserve,1
DOUGLAS,WEST WIMMERA,26890,Wimmera Southern Mallee,community,community_centre,Community Centre,2
DOUGLAS,WEST WIMMERA,26890,Wimmera Southern Mallee,recreation,nature_reserve,Nature Reserve,16
DREEITE,COLAC OTWAY,21750,Barwon,recreation,nature_reserve,Nature Reserve,2
DRIK DRIK,GLENELG,22410,Great South Coast,recreation,nature_reserve,Nature Reserve,6
DROPMORE,MURRINDINDI,25620,Goulburn,recreation,nature_reserve,Nature Reserve,2
DROUIN,BAW BAW,20830,Gippsland,community,community_centre,Community Centre,3
DROUIN,BAW BAW,20830,Gippsland,community,library,Library,2
DROUIN,BAW BAW,20830,Gippsland,community,social_facility,Social Facility,2
DROUIN,BAW BAW,20830,Gippsland,community,town_hall,Town Hall,1
DROUIN,BAW BAW,20830,Gippsland,education,kindergarten,Kindergarten,2
DROUIN,BAW BAW,20830,Gippsland,education,school,School,8
DROUIN,BAW BAW,20830,Gippsland,healthcare,clinic,Clinic,2
DROUIN,BAW BAW,20830,Gippsland,healthcare,doctor,Doctor,4
DROUIN,BAW BAW,20830,Gippsland,healthcare,pharmacy,Pharmacy,2
DROUIN,BAW BAW,20830,Gippsland,public_transport,bus_stop,Bus Stop,50
DROUIN,BAW BAW,20830,Gippsland,public_transport,railway_station,Railway Station,1
DROUIN,BAW BAW,20830,Gippsland,public_transport,stop_position,Public Transport Stop Position,4
DROUIN,BAW BAW,20830,Gippsland,recreation,garden,Garden,48
DROUIN,BAW BAW,20830,Gippsland,recreation,nature_reserve,Nature Reserve,5
DROUIN,BAW BAW,20830,Gippsland,recreation,park,Park,86
DROUIN,BAW BAW,20830,Gippsland,recreation,playground,Playground,40
DROUIN,BAW BAW,20830,Gippsland,recreation,sports_centre,Sports Centre,8
DROUIN,BAW BAW,20830,Gippsland,shopping,convenience_store,Convenience Store,2
DROUIN,BAW BAW,20830,Gippsland,shopping,supermarket,Supermarket,4
DROUIN SOUTH,BAW BAW,20830,Gippsland,community,community_centre,Community Centre,2
DROUIN SOUTH,BAW BAW,20830,Gippsland,education,school,School,2
DROUIN SOUTH,BAW BAW,20830,Gippsland,public_transport,bus_stop,Bus Stop,1
DROUIN WEST,BAW BAW,20830,Gippsland,education,school,School,2
DROUIN WEST,BAW BAW,20830,Gippsland,recreation,nature_reserve,Nature Reserve,3
DRUMBORG,GLENELG,22410,Great South Coast,community,community_centre,Community Centre,2
DRUMBORG,GLENELG,22410,Great South Coast,recreation,nature_reserve,Nature Reserve,4
DRUMBORG,GLENELG,22410,Great South Coast,recreation,park,Park,2
DRUMCONDRA,GREATER GEELONG,22750,Barwon,public_transport,bus_stop,Bus Stop,4
DRUMCONDRA,GREATER GEELONG,22750,Barwon,recreation,park,Park,2
DRUMMARTIN,GREATER BENDIGO,22620,Loddon Campaspe,recreation,nature_reserve,Nature Reserve,2
DRUMMOND,HEPBURN,22910,Central Highlands,education,school,School,2
DRUMMOND,HEPBURN,22910,Central Highlands,recreation,nature_reserve,Nature Reserve,6
DRUMMOND,MACEDON RANGES,24130,Loddon Campaspe,recreation,nature_reserve,Nature Reserve,3
DRUMMOND NORTH,HEPBURN,22910,Central Highlands,recreation,nature_reserve,Nature Reserve,1
DRUNG,HORSHAM,23190,Wimmera Southern Mallee,recreation,park,Park,2
DRYSDALE,GREATER GEELONG,22750,Barwon,community,community_centre,Community Centre,2
DRYSDALE,GREATER GEELONG,22750,Barwon,community,library,Library,2
DRYSDALE,GREATER GEELONG,22750,Barwon,community,social_facility,Social Facility,2
DRYSDALE,GREATER GEELONG,22750,Barwon,education,school,School,10
DRYSDALE,GREATER GEELONG,22750,Barwon,healthcare,clinic,Clinic,1
DRYSDALE,GREATER GEELONG,22750,Barwon,public_transport,bus_stop,Bus Stop,38
DRYSDALE,GREATER GEELONG,22750,Barwon,public_transport,platform,Public Transport Platform,15
DRYSDALE,GREATER GEELONG,22750,Barwon,public_transport,railway_halt,Railway Halt,1
DRYSDALE,GREATER GEELONG,22750,Barwon,public_transport,stop_position,Public Transport Stop Position,16
DRYSDALE,GREATER GEELONG,22750,Barwon,recreation,garden,Garden,2
DRYSDALE,GREATER GEELONG,22750,Barwon,recreation,nature_reserve,Nature Reserve,6
DRYSDALE,GREATER GEELONG,22750,Barwon,recreation,park,Park,14
DRYSDALE,GREATER GEELONG,22750,Barwon,recreation,playground,Playground,9
DRYSDALE,GREATER GEELONG,22750,Barwon,recreation,sports_centre,Sports Centre,4
DRYSDALE,GREATER GEELONG,22750,Barwon,shopping,convenience_store,Convenience Store,3
DRYSDALE,GREATER GEELONG,22750,Barwon,shopping,supermarket,Supermarket,6
DUCHEMBEGARRA,HORSHAM,23190,Wimmera Southern Mallee,recreation,nature_reserve,Nature Reserve,3
DUMBALK,SOUTH GIPPSLAND,26170,Gippsland,recreation,park,Park,2
DUMBALK,SOUTH GIPPSLAND,26170,Gippsland,shopping,convenience_store,Convenience Store,1
DUNACH,CENTRAL GOLDFIELDS,21670,Loddon Campaspe,recreation,nature_reserve,Nature Reserve,1
DUNACH,CENTRAL GOLDFIELDS,21670,Loddon Campaspe,recreation,park,Park,2
DUNDONNELL,MOYNE,25490,Great South Coast,community,community_centre,Community Centre,2
DUNDONNELL,MOYNE,25490,Great South Coast,recreation,nature_reserve,Nature Reserve,2
DUNDONNELL,MOYNE,25490,Great South Coast,recreation,park,Park,2
DUNKELD,SOUTHERN GRAMPIANS,26260,Great South Coast,education,school,School,2
DUNKELD,SOUTHERN GRAMPIANS,26260,Great South Coast,healthcare,pharmacy,Pharmacy,1
DUNKELD,SOUTHERN GRAMPIANS,26260,Great South Coast,public_transport,bus_stop,Bus Stop,2
DUNKELD,SOUTHERN GRAMPIANS,26260,Great South Coast,recreation,garden,Garden,2
DUNKELD,SOUTHERN GRAMPIANS,26260,Great South Coast,recreation,nature_reserve,Nature Reserve,2
DUNKELD,SOUTHERN GRAMPIANS,26260,Great South Coast,recreation,park,Park,4
DUNKELD,SOUTHERN GRAMPIANS,26260,Great South Coast,recreation,playground,Playground,1
DUNKELD,SOUTHERN GRAMPIANS,26260,Great South Coast,shopping,convenience_store,Convenience Store,1
DUNLUCE,CENTRAL GOLDFIELDS,21670,Loddon Campaspe,recreation,nature_reserve,Nature Reserve,8
DUNNSTOWN,MOORABOOL,25150,Central Highlands,education,school,School,2
DUNNSTOWN,MOORABOOL,25150,Central Highlands,public_transport,bus_stop,Bus Stop,2
DUNNSTOWN,MOORABOOL,25150,Central Highlands,recreation,nature_reserve,Nature Reserve,2
DUNNSTOWN,MOORABOOL,25150,Central Highlands,recreation,playground,Playground,2
DUNOLLY,CENTRAL GOLDFIELDS,21670,Loddon Campaspe,community,town_hall,Town Hall,2
DUNOLLY,CENTRAL GOLDFIELDS,21670,Loddon Campaspe,education,school,School,2
DUNOLLY,CENTRAL GOLDFIELDS,21670,Loddon Campaspe,healthcare,hospital,Hospital,2
DUNOLLY,CENTRAL GOLDFIELDS,21670,Loddon Campaspe,healthcare,pharmacy,Pharmacy,1
DUNOLLY,CENTRAL GOLDFIELDS,21670,Loddon Campaspe,public_transport,bus_stop,Bus Stop,2
DUNOLLY,CENTRAL GOLDFIELDS,21670,Loddon Campaspe,public_transport,stop_position,Public Transport Stop Position,2
DUNOLLY,CENTRAL GOLDFIELDS,21670,Loddon Campaspe,recreation,nature_reserve,Nature Reserve,5
DUNOLLY,CENTRAL GOLDFIELDS,21670,Loddon Campaspe,recreation,park,Park,4
DUNOLLY,CENTRAL GOLDFIELDS,21670,Loddon Campaspe,recreation,sports_centre,Sports Centre,4
DUNOLLY,CENTRAL GOLDFIELDS,21670,Loddon Campaspe,shopping,supermarket,Supermarket,1
DUNOLLY,LODDON,23940,Loddon Campaspe,recreation,nature_reserve,Nature Reserve,2
DUNROBIN,GLENELG,22410,Great South Coast,community,community_centre,Community Centre,2
DURHAM LEAD,BALLARAT,20570,Central Highlands,recreation,nature_reserve,Nature Reserve,2
DURHAM OX,LODDON,23940,Loddon Campaspe,community,community_centre,Community Centre,1
DURHAM OX,LODDON,23940,Loddon Campaspe,public_transport,bus_stop,Bus Stop,1
DURHAM OX,LODDON,23940,Loddon Campaspe,recreation,park,Park,2
DUTSON,WELLINGTON,26810,Gippsland,recreation,nature_reserve,Nature Reserve,4
DUTSON DOWNS,WELLINGTON,26810,Gippsland,recreation,nature_reserve,Nature Reserve,2
DUVERNEY,CORANGAMITE,21830,Great South Coast,recreation,nature_reserve,Nature Reserve,2
EAGLE POINT,EAST GIPPSLAND,22110,Gippsland,education,school,School,2
EAGLE POINT,EAST GIPPSLAND,22110,Gippsland,recreation,nature_reserve,Nature Reserve,6
EAGLE POINT,EAST GIPPSLAND,22110,Gippsland,recreation,park,Park,2
EAGLE POINT,EAST GIPPSLAND,22110,Gippsland,recreation,playground,Playground,1
EAGLEHAWK,GREATER BENDIGO,22620,Loddon Campaspe,community,town_hall,Town Hall,2
EAGLEHAWK,GREATER BENDIGO,22620,Loddon Campaspe,education,kindergarten,Kindergarten,2
EAGLEHAWK,GREATER BENDIGO,22620,Loddon Campaspe,education,school,School,6
EAGLEHAWK,GREATER BENDIGO,22620,Loddon Campaspe,healthcare,doctor,Doctor,3
EAGLEHAWK,GREATER BENDIGO,22620,Loddon Campaspe,healthcare,pharmacy,Pharmacy,2
EAGLEHAWK,GREATER BENDIGO,22620,Loddon Campaspe,public_transport,bus_stop,Bus Stop,47
EAGLEHAWK,GREATER BENDIGO,22620,Loddon Campaspe,public_transport,platform,Public Transport Platform,1
EAGLEHAWK,GREATER BENDIGO,22620,Loddon Campaspe,public_transport,railway_station,Railway Station,1
EAGLEHAWK,GREATER BENDIGO,22620,Loddon Campaspe,public_transport,stop_position,Public Transport Stop Position,1
EAGLEHAWK,GREATER BENDIGO,22620,Loddon Campaspe,recreation,garden,Garden,16
EAGLEHAWK,GREATER BENDIGO,22620,Loddon Campaspe,recreation,nature_reserve,Nature Reserve,2
EAGLEHAWK,GREATER BENDIGO,22620,Loddon Campaspe,recreation,park,Park,18
EAGLEHAWK,GREATER BENDIGO,22620,Loddon Campaspe,recreation,playground,Playground,14
EAGLEHAWK,GREATER BENDIGO,22620,Loddon Campaspe,recreation,sports_centre,Sports Centre,14
EAGLEHAWK,GREATER BENDIGO,22620,Loddon Campaspe,shopping,convenience_store,Convenience Store,2
EAGLEHAWK,GREATER BENDIGO,22620,Loddon Campaspe,shopping,supermarket,Supermarket,4
EARLSTON,STRATHBOGIE,26430,Goulburn,recreation,nature_reserve,Nature Reserve,1
EAST BAIRNSDALE,EAST GIPPSLAND,22110,Gippsland,education,kindergarten,Kindergarten,1
EAST BAIRNSDALE,EAST GIPPSLAND,22110,Gippsland,public_transport,bus_stop,Bus Stop,3
EAST BAIRNSDALE,EAST GIPPSLAND,22110,Gippsland,recreation,nature_reserve,Nature Reserve,1
EAST BAIRNSDALE,EAST GIPPSLAND,22110,Gippsland,recreation,park,Park,2
EAST BAIRNSDALE,EAST GIPPSLAND,22110,Gippsland,recreation,sports_centre,Sports Centre,1
EAST BENDIGO,GREATER BENDIGO,22620,Loddon Campaspe,public_transport,bus_stop,Bus Stop,25
EAST BENDIGO,GREATER BENDIGO,22620,Loddon Campaspe,public_transport,stop_position,Public Transport Stop Position,1
EAST BENDIGO,GREATER BENDIGO,22620,Loddon Campaspe,recreation,garden,Garden,1
EAST BENDIGO,GREATER BENDIGO,22620,Loddon Campaspe,recreation,nature_reserve,Nature Reserve,6
EAST BENDIGO,GREATER BENDIGO,22620,Loddon Campaspe,recreation,park,Park,4
EAST BENDIGO,GREATER BENDIGO,22620,Loddon Campaspe,recreation,sports_centre,Sports Centre,2
EAST BENDIGO,GREATER BENDIGO,22620,Loddon Campaspe,shopping,convenience_store,Convenience Store,1
EAST BENDIGO,GREATER BENDIGO,22620,Loddon Campaspe,shopping,supermarket,Supermarket,1
EAST GEELONG,GREATER GEELONG,22750,Barwon,education,school,School,1
EAST GEELONG,GREATER GEELONG,22750,Barwon,healthcare,pharmacy,Pharmacy,1
EAST GEELONG,GREATER GEELONG,22750,Barwon,public_transport,bus_stop,Bus Stop,17
EAST GEELONG,GREATER GEELONG,22750,Barwon,public_transport,stop_position,Public Transport Stop Position,10
EAST GEELONG,GREATER GEELONG,22750,Barwon,recreation,garden,Garden,8
EAST GEELONG,GREATER GEELONG,22750,Barwon,recreation,park,Park,6
EAST GEELONG,GREATER GEELONG,22750,Barwon,recreation,playground,Playground,2
EAST GEELONG,GREATER GEELONG,22750,Barwon,shopping,supermarket,Supermarket,2
EAST SALE,WELLINGTON,26810,Gippsland,healthcare,clinic,Clinic,2
EAST SALE,WELLINGTON,26810,Gippsland,recreation,park,Park,4
EAST WANGARATTA,WANGARATTA,26700,Ovens Murray,recreation,nature_reserve,Nature Reserve,1
EASTERN VIEW,SURF COAST,26490,Barwon,public_transport,bus_stop,Bus Stop,2
EASTVILLE,MOUNT ALEXANDER,25430,Loddon Campaspe,recreation,nature_reserve,Nature Reserve,2
EASTWOOD,EAST GIPPSLAND,22110,Gippsland,education,school,School,2
EASTWOOD,EAST GIPPSLAND,22110,Gippsland,healthcare,pharmacy,Pharmacy,1
EASTWOOD,EAST GIPPSLAND,22110,Gippsland,public_transport,bus_stop,Bus Stop,4
EASTWOOD,EAST GIPPSLAND,22110,Gippsland,recreation,park,Park,16
EASTWOOD,EAST GIPPSLAND,22110,Gippsland,recreation,playground,Playground,1
EASTWOOD,EAST GIPPSLAND,22110,Gippsland,shopping,supermarket,Supermarket,1
EBDEN,WODONGA,27170,Ovens Murray,recreation,park,Park,3
EBDEN,WODONGA,27170,Ovens Murray,recreation,playground,Playground,5
EBDEN,WODONGA,27170,Ovens Murray,shopping,convenience_store,Convenience Store,1
ECHUCA,CAMPASPE,21370,Loddon Campaspe,community,library,Library,1
ECHUCA,CAMPASPE,21370,Loddon Campaspe,education,kindergarten,Kindergarten,3
ECHUCA,CAMPASPE,21370,Loddon Campaspe,education,school,School,16
ECHUCA,CAMPASPE,21370,Loddon Campaspe,healthcare,hospital,Hospital,2
ECHUCA,CAMPASPE,21370,Loddon Campaspe,healthcare,pharmacy,Pharmacy,2
ECHUCA,CAMPASPE,21370,Loddon Campaspe,public_transport,bus_stop,Bus Stop,65
ECHUCA,CAMPASPE,21370,Loddon Campaspe,public_transport,platform,Public Transport Platform,3
ECHUCA,CAMPASPE,21370,Loddon Campaspe,public_transport,railway_station,Railway Station,1
ECHUCA,CAMPASPE,21370,Loddon Campaspe,public_transport,station,Public Transport Station,2
ECHUCA,CAMPASPE,21370,Loddon Campaspe,public_transport,stop_position,Public Transport Stop Position,5
ECHUCA,CAMPASPE,21370,Loddon Campaspe,recreation,park,Park,22
ECHUCA,CAMPASPE,21370,Loddon Campaspe,recreation,playground,Playground,10
ECHUCA,CAMPASPE,21370,Loddon Campaspe,recreation,sports_centre,Sports Centre,10
ECHUCA,CAMPASPE,21370,Loddon Campaspe,shopping,convenience_store,Convenience Store,8
ECHUCA,CAMPASPE,21370,Loddon Campaspe,shopping,supermarket,Supermarket,8
ECHUCA VILLAGE,CAMPASPE,21370,Loddon Campaspe,recreation,nature_reserve,Nature Reserve,1
ECHUCA WEST,CAMPASPE,21370,Loddon Campaspe,recreation,nature_reserve,Nature Reserve,4
ECHUCA WEST,CAMPASPE,21370,Loddon Campaspe,recreation,park,Park,2
ECKLIN SOUTH,CORANGAMITE,21830,Great South Coast,recreation,nature_reserve,Nature Reserve,2
EDDINGTON,LODDON,23940,Loddon Campaspe,community,community_centre,Community Centre,2
EDDINGTON,LODDON,23940,Loddon Campaspe,recreation,nature_reserve,Nature Reserve,4
EDDINGTON,LODDON,23940,Loddon Campaspe,recreation,sports_centre,Sports Centre,2
EDENHOPE,WEST WIMMERA,26890,Wimmera Southern Mallee,community,community_centre,Community Centre,1
EDENHOPE,WEST WIMMERA,26890,Wimmera Southern Mallee,community,library,Library,1
EDENHOPE,WEST WIMMERA,26890,Wimmera Southern Mallee,education,school,School,4
EDENHOPE,WEST WIMMERA,26890,Wimmera Southern Mallee,healthcare,hospital,Hospital,2
EDENHOPE,WEST WIMMERA,26890,Wimmera Southern Mallee,healthcare,pharmacy,Pharmacy,1
EDENHOPE,WEST WIMMERA,26890,Wimmera Southern Mallee,public_transport,bus_stop,Bus Stop,1
EDENHOPE,WEST WIMMERA,26890,Wimmera Southern Mallee,recreation,nature_reserve,Nature Reserve,29
EDENHOPE,WEST WIMMERA,26890,Wimmera Southern Mallee,recreation,park,Park,4
EDENHOPE,WEST WIMMERA,26890,Wimmera Southern Mallee,recreation,playground,Playground,3
EDENHOPE,WEST WIMMERA,26890,Wimmera Southern Mallee,recreation,sports_centre,Sports Centre,4
EDENHOPE,WEST WIMMERA,26890,Wimmera Southern Mallee,shopping,supermarket,Supermarket,1
EDI,WANGARATTA,26700,Ovens Murray,public_transport,bus_stop,Bus Stop,1
EDI UPPER,WANGARATTA,26700,Ovens Murray,education,school,School,2
EGANSTOWN,HEPBURN,22910,Central Highlands,recreation,nature_reserve,Nature Reserve,4
EILDON,MURRINDINDI,25620,Goulburn,community,social_facility,Social Facility,2
EILDON,MURRINDINDI,25620,Goulburn,education,school,School,2
EILDON,MURRINDINDI,25620,Goulburn,healthcare,clinic,Clinic,2
EILDON,MURRINDINDI,25620,Goulburn,public_transport,bus_stop,Bus Stop,3
EILDON,MURRINDINDI,25620,Goulburn,public_transport,stop_position,Public Transport Stop Position,2
EILDON,MURRINDINDI,25620,Goulburn,recreation,garden,Garden,2
EILDON,MURRINDINDI,25620,Goulburn,recreation,nature_reserve,Nature Reserve,8
EILDON,MURRINDINDI,25620,Goulburn,recreation,park,Park,8
EILDON,MURRINDINDI,25620,Goulburn,recreation,playground,Playground,4
EILDON,MURRINDINDI,25620,Goulburn,recreation,sports_centre,Sports Centre,2
EILDON,MURRINDINDI,25620,Goulburn,shopping,supermarket,Supermarket,1
ELAINE,MOORABOOL,25150,Central Highlands,public_transport,bus_stop,Bus Stop,1
ELAINE,MOORABOOL,25150,Central Highlands,recreation,nature_reserve,Nature Reserve,2
ELAINE,MOORABOOL,25150,Central Highlands,recreation,park,Park,2
ELAINE,MOORABOOL,25150,Central Highlands,shopping,convenience_store,Convenience Store,2
ELDORADO,WANGARATTA,26700,Ovens Murray,recreation,nature_reserve,Nature Reserve,6
ELDORADO,WANGARATTA,26700,Ovens Murray,recreation,park,Park,4
ELDORADO,WANGARATTA,26700,Ovens Murray,recreation,playground,Playground,2
ELDORADO,WANGARATTA,26700,Ovens Murray,shopping,convenience_store,Convenience Store,2
ELINGAMITE NORTH,CORANGAMITE,21830,Great South Coast,recreation,nature_reserve,Nature Reserve,2
ELLERSLIE,MOYNE,25490,Great South Coast,public_transport,bus_stop,Bus Stop,1
ELLERSLIE,MOYNE,25490,Great South Coast,recreation,park,Park,2
ELLIMINYT,COLAC OTWAY,21750,Barwon,community,community_centre,Community Centre,2
ELLIMINYT,COLAC OTWAY,21750,Barwon,education,kindergarten,Kindergarten,2
ELLIMINYT,COLAC OTWAY,21750,Barwon,education,school,School,4
ELLIMINYT,COLAC OTWAY,21750,Barwon,public_transport,bus_stop,Bus Stop,17
ELLIMINYT,COLAC OTWAY,21750,Barwon,public_transport,stop_position,Public Transport Stop Position,1
ELLIMINYT,COLAC OTWAY,21750,Barwon,recreation,park,Park,8
ELLIMINYT,COLAC OTWAY,21750,Barwon,recreation,playground,Playground,2
ELLIMINYT,COLAC OTWAY,21750,Barwon,recreation,sports_centre,Sports Centre,6
ELLIMINYT,COLAC OTWAY,21750,Barwon,shopping,convenience_store,Convenience Store,2
ELLINBANK,BAW BAW,20830,Gippsland,community,community_centre,Community Centre,2
ELLINBANK,BAW BAW,20830,Gippsland,education,school,School,2
ELMHURST,ARARAT,20260,Central Highlands,healthcare,clinic,Clinic,1
ELMHURST,ARARAT,20260,Central Highlands,public_transport,bus_stop,Bus Stop,1
ELMHURST,ARARAT,20260,Central Highlands,recreation,nature_reserve,Nature Reserve,2
ELMHURST,ARARAT,20260,Central Highlands,recreation,park,Park,2
ELMHURST,ARARAT,20260,Central Highlands,shopping,supermarket,Supermarket,1
ELMHURST,PYRENEES,25990,Central Highlands,recreation,nature_reserve,Nature Reserve,4
ELMORE,GREATER BENDIGO,22620,Loddon Campaspe,community,community_centre,Community Centre,4
ELMORE,GREATER BENDIGO,22620,Loddon Campaspe,education,kindergarten,Kindergarten,2
ELMORE,GREATER BENDIGO,22620,Loddon Campaspe,education,school,School,4
ELMORE,GREATER BENDIGO,22620,Loddon Campaspe,healthcare,pharmacy,Pharmacy,1
ELMORE,GREATER BENDIGO,22620,Loddon Campaspe,public_transport,platform,Public Transport Platform,1
ELMORE,GREATER BENDIGO,22620,Loddon Campaspe,public_transport,railway_station,Railway Station,1
ELMORE,GREATER BENDIGO,22620,Loddon Campaspe,recreation,nature_reserve,Nature Reserve,2
ELMORE,GREATER BENDIGO,22620,Loddon Campaspe,recreation,park,Park,2
ELMORE,GREATER BENDIGO,22620,Loddon Campaspe,recreation,playground,Playground,1
ELMORE,GREATER BENDIGO,22620,Loddon Campaspe,shopping,supermarket,Supermarket,1
ELPHINSTONE,MOUNT ALEXANDER,25430,Loddon Campaspe,education,school,School,2
ELPHINSTONE,MOUNT ALEXANDER,25430,Loddon Campaspe,public_transport,bus_stop,Bus Stop,1
ELPHINSTONE,MOUNT ALEXANDER,25430,Loddon Campaspe,recreation,park,Park,4
ELPHINSTONE,MOUNT ALEXANDER,25430,Loddon Campaspe,recreation,playground,Playground,1
EMU,NORTHERN GRAMPIANS,25810,Wimmera Southern Mallee,public_transport,bus_stop,Bus Stop,2
EMU,NORTHERN GRAMPIANS,25810,Wimmera Southern Mallee,recreation,nature_reserve,Nature Reserve,5
EMU CREEK,GREATER BENDIGO,22620,Loddon Campaspe,recreation,nature_reserve,Nature Reserve,4
ENFIELD,GOLDEN PLAINS,22490,Central Highlands,public_transport,bus_stop,Bus Stop,1
ENFIELD,GOLDEN PLAINS,22490,Central Highlands,recreation,nature_reserve,Nature Reserve,2
ENOCHS POINT,MANSFIELD,24250,Ovens Murray,recreation,nature_reserve,Nature Reserve,2
ENSAY,EAST GIPPSLAND,22110,Gippsland,community,community_centre,Community Centre,1
ENSAY,EAST GIPPSLAND,22110,Gippsland,public_transport,bus_stop,Bus Stop,1
ENSAY,EAST GIPPSLAND,22110,Gippsland,recreation,playground,Playground,1
ENSAY,EAST GIPPSLAND,22110,Gippsland,shopping,convenience_store,Convenience Store,1
EPPALOCK,GREATER BENDIGO,22620,Loddon Campaspe,recreation,nature_reserve,Nature Reserve,8
EPSOM,GREATER BENDIGO,22620,Loddon Campaspe,education,childcare,Childcare Centre,2
EPSOM,GREATER BENDIGO,22620,Loddon Campaspe,education,kindergarten,Kindergarten,5
EPSOM,GREATER BENDIGO,22620,Loddon Campaspe,education,school,School,2
EPSOM,GREATER BENDIGO,22620,Loddon Campaspe,healthcare,clinic,Clinic,1
EPSOM,GREATER BENDIGO,22620,Loddon Campaspe,healthcare,doctor,Doctor,1
EPSOM,GREATER BENDIGO,22620,Loddon Campaspe,healthcare,pharmacy,Pharmacy,1
EPSOM,GREATER BENDIGO,22620,Loddon Campaspe,public_transport,bus_stop,Bus Stop,41
EPSOM,GREATER BENDIGO,22620,Loddon Campaspe,public_transport,platform,Public Transport Platform,1
EPSOM,GREATER BENDIGO,22620,Loddon Campaspe,public_transport,railway_station,Railway Station,1
EPSOM,GREATER BENDIGO,22620,Loddon Campaspe,public_transport,stop_position,Public Transport Stop Position,1
EPSOM,GREATER BENDIGO,22620,Loddon Campaspe,recreation,park,Park,20
EPSOM,GREATER BENDIGO,22620,Loddon Campaspe,recreation,playground,Playground,7
EPSOM,GREATER BENDIGO,22620,Loddon Campaspe,recreation,sports_centre,Sports Centre,2
EPSOM,GREATER BENDIGO,22620,Loddon Campaspe,shopping,convenience_store,Convenience Store,3
EPSOM,GREATER BENDIGO,22620,Loddon Campaspe,shopping,supermarket,Supermarket,2
ERICA,BAW BAW,20830,Gippsland,education,kindergarten,Kindergarten,2
ERICA,BAW BAW,20830,Gippsland,healthcare,clinic,Clinic,2
ERICA,BAW BAW,20830,Gippsland,recreation,park,Park,4
ERICA,BAW BAW,20830,Gippsland,recreation,playground,Playground,2
ERICA,BAW BAW,20830,Gippsland,shopping,convenience_store,Convenience Store,1
ERRINUNDRA,EAST GIPPSLAND,22110,Gippsland,recreation,nature_reserve,Nature Reserve,2
ESKDALE,TOWONG,26670,Ovens Murray,community,community_centre,Community Centre,2
ESKDALE,TOWONG,26670,Ovens Murray,education,school,School,2
ESKDALE,TOWONG,26670,Ovens Murray,recreation,nature_reserve,Nature Reserve,4
ESKDALE,TOWONG,26670,Ovens Murray,recreation,sports_centre,Sports Centre,4
ESKDALE,TOWONG,26670,Ovens Murray,shopping,supermarket,Supermarket,1
ESMOND,MOIRA,24900,Goulburn,recreation,nature_reserve,Nature Reserve,1
EURACK,COLAC OTWAY,21750,Barwon,recreation,sports_centre,Sports Centre,2
EUREKA,BALLARAT,20570,Central Highlands,public_transport,bus_stop,Bus Stop,6
EUREKA,BALLARAT,20570,Central Highlands,recreation,park,Park,9
EUREKA,BALLARAT,20570,Central Highlands,recreation,playground,Playground,3
EUROA,STRATHBOGIE,26430,Goulburn,community,library,Library,1
EUROA,STRATHBOGIE,26430,Goulburn,community,town_hall,Town Hall,1
EUROA,STRATHBOGIE,26430,Goulburn,education,kindergarten,Kindergarten,4
EUROA,STRATHBOGIE,26430,Goulburn,education,school,School,6
EUROA,STRATHBOGIE,26430,Goulburn,healthcare,doctor,Doctor,1
EUROA,STRATHBOGIE,26430,Goulburn,healthcare,hospital,Hospital,2
EUROA,STRATHBOGIE,26430,Goulburn,healthcare,pharmacy,Pharmacy,1
EUROA,STRATHBOGIE,26430,Goulburn,public_transport,bus_stop,Bus Stop,5
EUROA,STRATHBOGIE,26430,Goulburn,public_transport,platform,Public Transport Platform,1
EUROA,STRATHBOGIE,26430,Goulburn,public_transport,railway_station,Railway Station,3
EUROA,STRATHBOGIE,26430,Goulburn,public_transport,stop_position,Public Transport Stop Position,1
EUROA,STRATHBOGIE,26430,Goulburn,recreation,nature_reserve,Nature Reserve,7
EUROA,STRATHBOGIE,26430,Goulburn,recreation,park,Park,12
EUROA,STRATHBOGIE,26430,Goulburn,recreation,playground,Playground,9
EUROA,STRATHBOGIE,26430,Goulburn,recreation,sports_centre,Sports Centre,5
EUROA,STRATHBOGIE,26430,Goulburn,shopping,convenience_store,Convenience Store,4
EUROA,STRATHBOGIE,26430,Goulburn,shopping,supermarket,Supermarket,1
EUROBIN,ALPINE,20110,Ovens Murray,recreation,nature_reserve,Nature Reserve,2
EVANSFORD,PYRENEES,25990,Central Highlands,community,community_centre,Community Centre,2
EVANSFORD,PYRENEES,25990,Central Highlands,recreation,park,Park,2
EVERSLEY,ARARAT,20260,Central Highlands,recreation,nature_reserve,Nature Reserve,2
EVERTON,WANGARATTA,26700,Ovens Murray,education,school,School,2
EVERTON,WANGARATTA,26700,Ovens Murray,public_transport,bus_stop,Bus Stop,2
EVERTON,WANGARATTA,26700,Ovens Murray,recreation,nature_reserve,Nature Reserve,4
EVERTON,WANGARATTA,26700,Ovens Murray,recreation,sports_centre,Sports Centre,2
EVERTON,WANGARATTA,26700,Ovens Murray,shopping,convenience_store,Convenience Store,2
EVERTON UPPER,WANGARATTA,26700,Ovens Murray,public_transport,platform,Public Transport Platform,1
EVERTON UPPER,WANGARATTA,26700,Ovens Murray,recreation,nature_reserve,Nature Reserve,9
FAIRHAVEN,SURF COAST,26490,Barwon,public_transport,bus_stop,Bus Stop,2
FAIRLEY,GANNAWARRA,22250,Mallee,recreation,nature_reserve,Nature Reserve,2
FAIRY DELL (BAIRNSDALE),EAST GIPPSLAND,22110,Gippsland,recreation,nature_reserve,Nature Reserve,2
FAIRY DELL (BAIRNSDALE),EAST GIPPSLAND,22110,Gippsland,recreation,park,Park,2
FALLS CREEK,FALLS CREEK ALPINE RESORT (UNINC),29399,Ovens Murray,education,school,School,2
FALLS CREEK,FALLS CREEK ALPINE RESORT (UNINC),29399,Ovens Murray,healthcare,clinic,Clinic,1
FALLS CREEK,FALLS CREEK ALPINE RESORT (UNINC),29399,Ovens Murray,public_transport,bus_station,Bus Station,1
FALLS CREEK,FALLS CREEK ALPINE RESORT (UNINC),29399,Ovens Murray,public_transport,bus_stop,Bus Stop,1
FALLS CREEK,FALLS CREEK ALPINE RESORT (UNINC),29399,Ovens Murray,public_transport,station,Public Transport Station,17
FALLS CREEK,FALLS CREEK ALPINE RESORT (UNINC),29399,Ovens Murray,recreation,park,Park,2
FALLS CREEK,FALLS CREEK ALPINE RESORT (UNINC),29399,Ovens Murray,recreation,playground,Playground,2
FALLS CREEK,FALLS CREEK ALPINE RESORT (UNINC),29399,Ovens Murray,recreation,sports_centre,Sports Centre,1
FALLS CREEK,FALLS CREEK ALPINE RESORT (UNINC),29399,Ovens Murray,shopping,supermarket,Supermarket,1
FAWCETT,MURRINDINDI,25620,Goulburn,community,library,Library,2
FAWCETT,MURRINDINDI,25620,Goulburn,public_transport,bus_stop,Bus Stop,1
FENTONS CREEK,LODDON,23940,Loddon Campaspe,recreation,nature_reserve,Nature Reserve,2
FERNBANK,EAST GIPPSLAND,22110,Gippsland,recreation,nature_reserve,Nature Reserve,5
FERNBANK,EAST GIPPSLAND,22110,Gippsland,shopping,convenience_store,Convenience Store,1
FIERY FLAT,LODDON,23940,Loddon Campaspe,recreation,nature_reserve,Nature Reserve,2
FISH CREEK,SOUTH GIPPSLAND,26170,Gippsland,community,community_centre,Community Centre,1
FISH CREEK,SOUTH GIPPSLAND,26170,Gippsland,education,school,School,2
FISH CREEK,SOUTH GIPPSLAND,26170,Gippsland,recreation,nature_reserve,Nature Reserve,2
FISH CREEK,SOUTH GIPPSLAND,26170,Gippsland,recreation,park,Park,5
FISH CREEK,SOUTH GIPPSLAND,26170,Gippsland,recreation,playground,Playground,2
FISH CREEK,SOUTH GIPPSLAND,26170,Gippsland,recreation,sports_centre,Sports Centre,2
FISKVILLE,MOORABOOL,25150,Central Highlands,recreation,sports_centre,Sports Centre,2
FLORA HILL,GREATER BENDIGO,22620,Loddon Campaspe,community,social_facility,Social Facility,2
FLORA HILL,GREATER BENDIGO,22620,Loddon Campaspe,education,kindergarten,Kindergarten,4
FLORA HILL,GREATER BENDIGO,22620,Loddon Campaspe,education,school,School,2
FLORA HILL,GREATER BENDIGO,22620,Loddon Campaspe,healthcare,clinic,Clinic,1
FLORA HILL,GREATER BENDIGO,22620,Loddon Campaspe,healthcare,doctor,Doctor,2
FLORA HILL,GREATER BENDIGO,22620,Loddon Campaspe,healthcare,pharmacy,Pharmacy,2
FLORA HILL,GREATER BENDIGO,22620,Loddon Campaspe,public_transport,bus_stop,Bus Stop,28
FLORA HILL,GREATER BENDIGO,22620,Loddon Campaspe,public_transport,stop_position,Public Transport Stop Position,1
FLORA HILL,GREATER BENDIGO,22620,Loddon Campaspe,recreation,garden,Garden,2
FLORA HILL,GREATER BENDIGO,22620,Loddon Campaspe,recreation,nature_reserve,Nature Reserve,1
FLORA HILL,GREATER BENDIGO,22620,Loddon Campaspe,recreation,park,Park,8
FLORA HILL,GREATER BENDIGO,22620,Loddon Campaspe,recreation,playground,Playground,8
FLORA HILL,GREATER BENDIGO,22620,Loddon Campaspe,recreation,sports_centre,Sports Centre,4
FLOWERDALE,MURRINDINDI,25620,Goulburn,education,school,School,2
FLOWERDALE,MURRINDINDI,25620,Goulburn,public_transport,bus_stop,Bus Stop,6
FLOWERDALE,MURRINDINDI,25620,Goulburn,recreation,nature_reserve,Nature Reserve,8
FLOWERDALE,MURRINDINDI,25620,Goulburn,recreation,park,Park,4
FORGE CREEK,EAST GIPPSLAND,22110,Gippsland,recreation,nature_reserve,Nature Reserve,3
FORREST,COLAC OTWAY,21750,Barwon,education,school,School,2
FORREST,COLAC OTWAY,21750,Barwon,public_transport,bus_stop,Bus Stop,2
FORREST,COLAC OTWAY,21750,Barwon,recreation,park,Park,8
FORREST,COLAC OTWAY,21750,Barwon,recreation,playground,Playground,2
FORREST,COLAC OTWAY,21750,Barwon,recreation,sports_centre,Sports Centre,2
FORREST,COLAC OTWAY,21750,Barwon,shopping,convenience_store,Convenience Store,2
FOSTER,SOUTH GIPPSLAND,26170,Gippsland,community,community_centre,Community Centre,2
FOSTER,SOUTH GIPPSLAND,26170,Gippsland,community,library,Library,1
FOSTER,SOUTH GIPPSLAND,26170,Gippsland,community,town_hall,Town Hall,1
FOSTER,SOUTH GIPPSLAND,26170,Gippsland,education,childcare,Childcare Centre,2
FOSTER,SOUTH GIPPSLAND,26170,Gippsland,education,school,School,6
FOSTER,SOUTH GIPPSLAND,26170,Gippsland,healthcare,dentist,Dentist,2
FOSTER,SOUTH GIPPSLAND,26170,Gippsland,healthcare,hospital,Hospital,2
FOSTER,SOUTH GIPPSLAND,26170,Gippsland,healthcare,pharmacy,Pharmacy,1
FOSTER,SOUTH GIPPSLAND,26170,Gippsland,public_transport,bus_stop,Bus Stop,1
FOSTER,SOUTH GIPPSLAND,26170,Gippsland,recreation,garden,Garden,14
FOSTER,SOUTH GIPPSLAND,26170,Gippsland,recreation,nature_reserve,Nature Reserve,8
FOSTER,SOUTH GIPPSLAND,26170,Gippsland,recreation,park,Park,2
FOSTER,SOUTH GIPPSLAND,26170,Gippsland,recreation,playground,Playground,6
FOSTER,SOUTH GIPPSLAND,26170,Gippsland,shopping,supermarket,Supermarket,4
FOSTERVILLE,GREATER BENDIGO,22620,Loddon Campaspe,recreation,nature_reserve,Nature Reserve,4
FRAMLINGHAM,MOYNE,25490,Great South Coast,healthcare,doctor,Doctor,2
FRAMLINGHAM,MOYNE,25490,Great South Coast,recreation,nature_reserve,Nature Reserve,4
FRAMLINGHAM,MOYNE,25490,Great South Coast,recreation,park,Park,2
FRANKLINFORD,HEPBURN,22910,Central Highlands,recreation,nature_reserve,Nature Reserve,2
FREEBURGH,ALPINE,20110,Ovens Murray,community,town_hall,Town Hall,1
FREEBURGH,ALPINE,20110,Ovens Murray,public_transport,bus_stop,Bus Stop,2
FREEBURGH,ALPINE,20110,Ovens Murray,recreation,garden,Garden,2
FREEBURGH,ALPINE,20110,Ovens Murray,recreation,nature_reserve,Nature Reserve,2
FRENCHMANS,PYRENEES,25990,Central Highlands,recreation,nature_reserve,Nature Reserve,4
FRESHWATER CREEK,SURF COAST,26490,Barwon,community,town_hall,Town Hall,2
FRESHWATER CREEK,SURF COAST,26490,Barwon,education,school,School,2
FRESHWATER CREEK,SURF COAST,26490,Barwon,recreation,playground,Playground,4
FRYERSTOWN,MOUNT ALEXANDER,25430,Loddon Campaspe,community,community_centre,Community Centre,2
FRYERSTOWN,MOUNT ALEXANDER,25430,Loddon Campaspe,recreation,nature_reserve,Nature Reserve,1
FRYERSTOWN,MOUNT ALEXANDER,25430,Loddon Campaspe,recreation,park,Park,6
FRYERSTOWN,MOUNT ALEXANDER,25430,Loddon Campaspe,recreation,playground,Playground,1
FUMINA,BAW BAW,20830,Gippsland,recreation,nature_reserve,Nature Reserve,2
FUMINA SOUTH,BAW BAW,20830,Gippsland,recreation,nature_reserve,Nature Reserve,2
FYANS CREEK,NORTHERN GRAMPIANS,25810,Wimmera Southern Mallee,recreation,nature_reserve,Nature Reserve,2
FYANSFORD,GREATER GEELONG,22750,Barwon,public_transport,bus_stop,Bus Stop,1
FYANSFORD,GREATER GEELONG,22750,Barwon,recreation,park,Park,9
FYANSFORD,GREATER GEELONG,22750,Barwon,recreation,playground,Playground,5
GAPSTED,ALPINE,20110,Ovens Murray,community,town_hall,Town Hall,2
GARIBALDI,GOLDEN PLAINS,22490,Central Highlands,recreation,park,Park,2
GARVOC,MOYNE,25490,Great South Coast,community,community_centre,Community Centre,2
GARVOC,MOYNE,25490,Great South Coast,recreation,park,Park,4
GARVOC,MOYNE,25490,Great South Coast,recreation,playground,Playground,2
GATEWAY ISLAND,WODONGA,27170,Ovens Murray,public_transport,bus_stop,Bus Stop,2
GATEWAY ISLAND,WODONGA,27170,Ovens Murray,recreation,park,Park,4
GATEWAY ISLAND,WODONGA,27170,Ovens Murray,recreation,playground,Playground,1
GATUM,SOUTHERN GRAMPIANS,26260,Great South Coast,recreation,nature_reserve,Nature Reserve,2
GEELONG,GREATER GEELONG,22750,Barwon,community,community_centre,Community Centre,2
GEELONG,GREATER GEELONG,22750,Barwon,community,library,Library,3
GEELONG,GREATER GEELONG,22750,Barwon,community,social_facility,Social Facility,19
GEELONG,GREATER GEELONG,22750,Barwon,community,town_hall,Town Hall,2
GEELONG,GREATER GEELONG,22750,Barwon,education,college,College,8
GEELONG,GREATER GEELONG,22750,Barwon,education,kindergarten,Kindergarten,2
GEELONG,GREATER GEELONG,22750,Barwon,education,school,School,8
GEELONG,GREATER GEELONG,22750,Barwon,healthcare,clinic,Clinic,4
GEELONG,GREATER GEELONG,22750,Barwon,healthcare,dentist,Dentist,23
GEELONG,GREATER GEELONG,22750,Barwon,healthcare,doctor,Doctor,5
GEELONG,GREATER GEELONG,22750,Barwon,healthcare,hospital,Hospital,6
GEELONG,GREATER GEELONG,22750,Barwon,healthcare,pharmacy,Pharmacy,7
GEELONG,GREATER GEELONG,22750,Barwon,public_transport,bus_station,Bus Station,2
GEELONG,GREATER GEELONG,22750,Barwon,public_transport,bus_stop,Bus Stop,40
GEELONG,GREATER GEELONG,22750,Barwon,public_transport,platform,Public Transport Platform,5
GEELONG,GREATER GEELONG,22750,Barwon,public_transport,railway_station,Railway Station,1
GEELONG,GREATER GEELONG,22750,Barwon,public_transport,stop_position,Public Transport Stop Position,28
GEELONG,GREATER GEELONG,22750,Barwon,recreation,garden,Garden,43
GEELONG,GREATER GEELONG,22750,Barwon,recreation,park,Park,28
GEELONG,GREATER GEELONG,22750,Barwon,recreation,playground,Playground,22
GEELONG,GREATER GEELONG,22750,Barwon,recreation,sports_centre,Sports Centre,3
GEELONG,GREATER GEELONG,22750,Barwon,shopping,convenience_store,Convenience Store,6
GEELONG,GREATER GEELONG,22750,Barwon,shopping,supermarket,Supermarket,1
GEELONG WEST,GREATER GEELONG,22750,Barwon,community,community_centre,Community Centre,6
GEELONG WEST,GREATER GEELONG,22750,Barwon,community,library,Library,2
GEELONG WEST,GREATER GEELONG,22750,Barwon,community,social_facility,Social Facility,8
GEELONG WEST,GREATER GEELONG,22750,Barwon,community,town_hall,Town Hall,2
GEELONG WEST,GREATER GEELONG,22750,Barwon,education,kindergarten,Kindergarten,4
GEELONG WEST,GREATER GEELONG,22750,Barwon,education,school,School,4
GEELONG WEST,GREATER GEELONG,22750,Barwon,healthcare,clinic,Clinic,2
GEELONG WEST,GREATER GEELONG,22750,Barwon,healthcare,dentist,Dentist,8
GEELONG WEST,GREATER GEELONG,22750,Barwon,healthcare,doctor,Doctor,2
GEELONG WEST,GREATER GEELONG,22750,Barwon,healthcare,pharmacy,Pharmacy,10
GEELONG WEST,GREATER GEELONG,22750,Barwon,public_transport,bus_stop,Bus Stop,31
GEELONG WEST,GREATER GEELONG,22750,Barwon,public_transport,stop_position,Public Transport Stop Position,15
GEELONG WEST,GREATER GEELONG,22750,Barwon,recreation,garden,Garden,44
GEELONG WEST,GREATER GEELONG,22750,Barwon,recreation,park,Park,14
GEELONG WEST,GREATER GEELONG,22750,Barwon,recreation,playground,Playground,13
GEELONG WEST,GREATER GEELONG,22750,Barwon,recreation,sports_centre,Sports Centre,4
GEELONG WEST,GREATER GEELONG,22750,Barwon,shopping,convenience_store,Convenience Store,6
GEELONG WEST,GREATER GEELONG,22750,Barwon,shopping,supermarket,Supermarket,7
GELANTIPY,EAST GIPPSLAND,22110,Gippsland,recreation,nature_reserve,Nature Reserve,3
GELLIBRAND,COLAC OTWAY,21750,Barwon,recreation,garden,Garden,2
GELLIBRAND,COLAC OTWAY,21750,Barwon,recreation,nature_reserve,Nature Reserve,1
GELLIBRAND,COLAC OTWAY,21750,Barwon,recreation,park,Park,2
GELLIBRAND,COLAC OTWAY,21750,Barwon,recreation,playground,Playground,2
GELLIBRAND,COLAC OTWAY,21750,Barwon,recreation,sports_centre,Sports Centre,2
GELLIBRAND LOWER,CORANGAMITE,21830,Great South Coast,recreation,nature_reserve,Nature Reserve,1
GENOA,EAST GIPPSLAND,22110,Gippsland,community,community_centre,Community Centre,2
GENOA,EAST GIPPSLAND,22110,Gippsland,public_transport,bus_stop,Bus Stop,1
GENOA,EAST GIPPSLAND,22110,Gippsland,public_transport,stop_position,Public Transport Stop Position,1
GENOA,EAST GIPPSLAND,22110,Gippsland,recreation,garden,Garden,8
GENOA,EAST GIPPSLAND,22110,Gippsland,recreation,nature_reserve,Nature Reserve,3
GENOA,EAST GIPPSLAND,22110,Gippsland,recreation,playground,Playground,1
GENTLE ANNIE,BAW BAW,20830,Gippsland,recreation,nature_reserve,Nature Reserve,6
GENTLE ANNIE,BAW BAW,20830,Gippsland,recreation,park,Park,2
GERAHMIN,SWAN HILL,26610,Mallee,recreation,nature_reserve,Nature Reserve,7
GERANG GERUNG,HINDMARSH,22980,Wimmera Southern Mallee,recreation,nature_reserve,Nature Reserve,10
GERANGAMETE,COLAC OTWAY,21750,Barwon,recreation,nature_reserve,Nature Reserve,1
GERANGAMETE,COLAC OTWAY,21750,Barwon,recreation,sports_centre,Sports Centre,2
GERMANTOWN,ALPINE,20110,Ovens Murray,recreation,nature_reserve,Nature Reserve,3
GHERANG,SURF COAST,26490,Barwon,recreation,nature_reserve,Nature Reserve,1
GHERINGHAP,GOLDEN PLAINS,22490,Central Highlands,public_transport,bus_stop,Bus Stop,2
GHERINGHAP,GOLDEN PLAINS,22490,Central Highlands,shopping,convenience_store,Convenience Store,2
GHIN GHIN,MURRINDINDI,25620,Goulburn,recreation,nature_reserve,Nature Reserve,4
GIFFARD,WELLINGTON,26810,Gippsland,recreation,nature_reserve,Nature Reserve,8
GIL GIL,BULOKE,21270,Mallee,recreation,nature_reserve,Nature Reserve,4
GILLUM,WELLINGTON,26810,Gippsland,recreation,nature_reserve,Nature Reserve,1
GIPSY POINT,EAST GIPPSLAND,22110,Gippsland,public_transport,bus_stop,Bus Stop,1
GIRGARRE,CAMPASPE,21370,Loddon Campaspe,education,school,School,2
GIRGARRE,CAMPASPE,21370,Loddon Campaspe,public_transport,bus_stop,Bus Stop,2
GISBORNE,MACEDON RANGES,24130,Loddon Campaspe,community,library,Library,1
GISBORNE,MACEDON RANGES,24130,Loddon Campaspe,education,kindergarten,Kindergarten,3
GISBORNE,MACEDON RANGES,24130,Loddon Campaspe,education,school,School,8
GISBORNE,MACEDON RANGES,24130,Loddon Campaspe,healthcare,clinic,Clinic,1
GISBORNE,MACEDON RANGES,24130,Loddon Campaspe,healthcare,pharmacy,Pharmacy,2
GISBORNE,MACEDON RANGES,24130,Loddon Campaspe,public_transport,bus_stop,Bus Stop,1
GISBORNE,MACEDON RANGES,24130,Loddon Campaspe,recreation,nature_reserve,Nature Reserve,4
GISBORNE,MACEDON RANGES,24130,Loddon Campaspe,recreation,park,Park,30
GISBORNE,MACEDON RANGES,24130,Loddon Campaspe,recreation,playground,Playground,8
GISBORNE,MACEDON RANGES,24130,Loddon Campaspe,recreation,sports_centre,Sports Centre,3
GISBORNE,MACEDON RANGES,24130,Loddon Campaspe,shopping,convenience_store,Convenience Store,4
GISBORNE,MACEDON RANGES,24130,Loddon Campaspe,shopping,supermarket,Supermarket,6
GISBORNE SOUTH,MACEDON RANGES,24130,Loddon Campaspe,recreation,park,Park,4
GLEN FORBES,BASS COAST,20740,Gippsland,public_transport,bus_stop,Bus Stop,2
GLEN FORBES,BASS COAST,20740,Gippsland,recreation,nature_reserve,Nature Reserve,2
GLEN FORBES,BASS COAST,20740,Gippsland,recreation,sports_centre,Sports Centre,2
GLEN PARK,MOORABOOL,25150,Central Highlands,education,school,School,2
GLEN VALLEY,EAST GIPPSLAND,22110,Gippsland,recreation,nature_reserve,Nature Reserve,2
GLENAIRE,COLAC OTWAY,21750,Barwon,recreation,nature_reserve,Nature Reserve,5
GLENALBYN,LODDON,23940,Loddon Campaspe,recreation,nature_reserve,Nature Reserve,4
GLENAROUA,MITCHELL,24850,Goulburn,recreation,nature_reserve,Nature Reserve,10
GLENBURN,MURRINDINDI,25620,Goulburn,community,town_hall,Town Hall,1
GLENBURN,MURRINDINDI,25620,Goulburn,public_transport,bus_stop,Bus Stop,1
GLENBURN,MURRINDINDI,25620,Goulburn,recreation,nature_reserve,Nature Reserve,2
GLENBURN,MURRINDINDI,25620,Goulburn,recreation,playground,Playground,1
GLENFYNE,CORANGAMITE,21830,Great South Coast,community,town_hall,Town Hall,2
GLENGARRY,LATROBE,23810,Gippsland,community,community_centre,Community Centre,2
GLENGARRY,LATROBE,23810,Gippsland,education,school,School,2
GLENGARRY,LATROBE,23810,Gippsland,public_transport,bus_stop,Bus Stop,1
GLENGARRY,LATROBE,23810,Gippsland,public_transport,platform,Public Transport Platform,2
GLENGARRY,LATROBE,23810,Gippsland,recreation,park,Park,10
GLENGARRY,LATROBE,23810,Gippsland,recreation,playground,Playground,2
GLENGARRY,LATROBE,23810,Gippsland,shopping,supermarket,Supermarket,2
GLENGARRY NORTH,LATROBE,23810,Gippsland,recreation,nature_reserve,Nature Reserve,1
GLENGOWER,HEPBURN,22910,Central Highlands,recreation,nature_reserve,Nature Reserve,2
GLENHOPE,MITCHELL,24850,Goulburn,recreation,nature_reserve,Nature Reserve,4
GLENISLA,NORTHERN GRAMPIANS,25810,Wimmera Southern Mallee,recreation,nature_reserve,Nature Reserve,2
GLENISLA,SOUTHERN GRAMPIANS,26260,Great South Coast,recreation,nature_reserve,Nature Reserve,6
GLENLEE,HINDMARSH,22980,Wimmera Southern Mallee,recreation,nature_reserve,Nature Reserve,9
GLENLYON,HEPBURN,22910,Central Highlands,recreation,nature_reserve,Nature Reserve,8
GLENMAGGIE,WELLINGTON,26810,Gippsland,recreation,garden,Garden,1
GLENMAGGIE,WELLINGTON,26810,Gippsland,recreation,nature_reserve,Nature Reserve,6
GLENORCHY,NORTHERN GRAMPIANS,25810,Wimmera Southern Mallee,recreation,nature_reserve,Nature Reserve,9
GLENORCHY,NORTHERN GRAMPIANS,25810,Wimmera Southern Mallee,recreation,playground,Playground,2
GLENORMISTON NORTH,CORANGAMITE,21830,Great South Coast,recreation,nature_reserve,Nature Reserve,2
GLENORMISTON SOUTH,CORANGAMITE,21830,Great South Coast,education,school,School,4
GLENROWAN,WANGARATTA,26700,Ovens Murray,community,town_hall,Town Hall,1
GLENROWAN,WANGARATTA,26700,Ovens Murray,education,kindergarten,Kindergarten,2
GLENROWAN,WANGARATTA,26700,Ovens Murray,education,school,School,2
GLENROWAN,WANGARATTA,26700,Ovens Murray,healthcare,pharmacy,Pharmacy,1
GLENROWAN,WANGARATTA,26700,Ovens Murray,public_transport,bus_stop,Bus Stop,2
GLENROWAN,WANGARATTA,26700,Ovens Murray,public_transport,platform,Public Transport Platform,1
GLENROWAN,WANGARATTA,26700,Ovens Murray,public_transport,stop_position,Public Transport Stop Position,1
GLENROWAN,WANGARATTA,26700,Ovens Murray,recreation,nature_reserve,Nature Reserve,8
GLENROWAN,WANGARATTA,26700,Ovens Murray,recreation,park,Park,4
GLENROWAN,WANGARATTA,26700,Ovens Murray,recreation,playground,Playground,2
GLENROWAN,WANGARATTA,26700,Ovens Murray,recreation,sports_centre,Sports Centre,2
GLENROWAN WEST,BENALLA,21010,Ovens Murray,recreation,nature_reserve,Nature Reserve,2
GLENTHOMPSON,ARARAT,20260,Central Highlands,recreation,nature_reserve,Nature Reserve,5
GLENTHOMPSON,SOUTHERN GRAMPIANS,26260,Great South Coast,community,community_centre,Community Centre,1
GLENTHOMPSON,SOUTHERN GRAMPIANS,26260,Great South Coast,public_transport,bus_stop,Bus Stop,2
GLENTHOMPSON,SOUTHERN GRAMPIANS,26260,Great South Coast,public_transport,railway_station,Railway Station,1
GLENTHOMPSON,SOUTHERN GRAMPIANS,26260,Great South Coast,recreation,park,Park,2
GLENTHOMPSON,SOUTHERN GRAMPIANS,26260,Great South Coast,recreation,playground,Playground,2
GLENTHOMPSON,SOUTHERN GRAMPIANS,26260,Great South Coast,recreation,sports_centre,Sports Centre,2
GNARWARRE,SURF COAST,26490,Barwon,recreation,garden,Garden,2
GOBARUP,CAMPASPE,21370,Loddon Campaspe,recreation,nature_reserve,Nature Reserve,7
GOBUR,MURRINDINDI,25620,Goulburn,recreation,nature_reserve,Nature Reserve,11
GOBUR,MURRINDINDI,25620,Goulburn,recreation,park,Park,2
GOLDEN BEACH,WELLINGTON,26810,Gippsland,public_transport,bus_stop,Bus Stop,1
GOLDEN BEACH,WELLINGTON,26810,Gippsland,recreation,park,Park,4
GOLDEN BEACH,WELLINGTON,26810,Gippsland,recreation,playground,Playground,1
GOLDEN BEACH,WELLINGTON,26810,Gippsland,shopping,convenience_store,Convenience Store,1
GOLDEN GULLY,GREATER BENDIGO,22620,Loddon Campaspe,recreation,sports_centre,Sports Centre,1
GOLDEN POINT (BALLARAT),BALLARAT,20570,Central Highlands,community,library,Library,2
GOLDEN POINT (BALLARAT),BALLARAT,20570,Central Highlands,healthcare,pharmacy,Pharmacy,3
GOLDEN POINT (BALLARAT),BALLARAT,20570,Central Highlands,public_transport,bus_stop,Bus Stop,24
GOLDEN POINT (BALLARAT),BALLARAT,20570,Central Highlands,recreation,garden,Garden,19
GOLDEN POINT (BALLARAT),BALLARAT,20570,Central Highlands,recreation,park,Park,20
GOLDEN POINT (BALLARAT),BALLARAT,20570,Central Highlands,recreation,playground,Playground,10
GOLDEN POINT (BALLARAT),BALLARAT,20570,Central Highlands,recreation,sports_centre,Sports Centre,5
GOLDEN POINT (BALLARAT),BALLARAT,20570,Central Highlands,shopping,convenience_store,Convenience Store,4
GOLDEN POINT (CASTLEMAINE),MOUNT ALEXANDER,25430,Loddon Campaspe,public_transport,bus_stop,Bus Stop,1
GOLDEN POINT (CASTLEMAINE),MOUNT ALEXANDER,25430,Loddon Campaspe,public_transport,stop_position,Public Transport Stop Position,1
GOLDEN POINT (CASTLEMAINE),MOUNT ALEXANDER,25430,Loddon Campaspe,recreation,nature_reserve,Nature Reserve,2
GOLDEN SQUARE,GREATER BENDIGO,22620,Loddon Campaspe,community,community_centre,Community Centre,4
GOLDEN SQUARE,GREATER BENDIGO,22620,Loddon Campaspe,community,social_facility,Social Facility,7
GOLDEN SQUARE,GREATER BENDIGO,22620,Loddon Campaspe,education,kindergarten,Kindergarten,2
GOLDEN SQUARE,GREATER BENDIGO,22620,Loddon Campaspe,education,school,School,4
GOLDEN SQUARE,GREATER BENDIGO,22620,Loddon Campaspe,healthcare,clinic,Clinic,3
GOLDEN SQUARE,GREATER BENDIGO,22620,Loddon Campaspe,healthcare,hospital,Hospital,4
GOLDEN SQUARE,GREATER BENDIGO,22620,Loddon Campaspe,healthcare,pharmacy,Pharmacy,2
GOLDEN SQUARE,GREATER BENDIGO,22620,Loddon Campaspe,public_transport,bus_stop,Bus Stop,65
GOLDEN SQUARE,GREATER BENDIGO,22620,Loddon Campaspe,public_transport,stop_position,Public Transport Stop Position,1
GOLDEN SQUARE,GREATER BENDIGO,22620,Loddon Campaspe,recreation,garden,Garden,8
GOLDEN SQUARE,GREATER BENDIGO,22620,Loddon Campaspe,recreation,nature_reserve,Nature Reserve,8
GOLDEN SQUARE,GREATER BENDIGO,22620,Loddon Campaspe,recreation,park,Park,16
GOLDEN SQUARE,GREATER BENDIGO,22620,Loddon Campaspe,recreation,playground,Playground,9
GOLDEN SQUARE,GREATER BENDIGO,22620,Loddon Campaspe,shopping,convenience_store,Convenience Store,10
GOLDEN SQUARE,GREATER BENDIGO,22620,Loddon Campaspe,shopping,supermarket,Supermarket,2
GOLDIE,MACEDON RANGES,24130,Loddon Campaspe,recreation,nature_reserve,Nature Reserve,1
GONG GONG,BALLARAT,20570,Central Highlands,recreation,park,Park,7
GOOMALIBEE,BENALLA,21010,Ovens Murray,recreation,nature_reserve,Nature Reserve,8
GOON NURE,EAST GIPPSLAND,22110,Gippsland,recreation,nature_reserve,Nature Reserve,5
GOONGERAH,EAST GIPPSLAND,22110,Gippsland,recreation,nature_reserve,Nature Reserve,3
GOORAM,STRATHBOGIE,26430,Goulburn,recreation,nature_reserve,Nature Reserve,4
GOORAMADDA,INDIGO,23350,Ovens Murray,recreation,nature_reserve,Nature Reserve,2
GOORAMBAT,BENALLA,21010,Ovens Murray,recreation,nature_reserve,Nature Reserve,2
GOORAMBAT,BENALLA,21010,Ovens Murray,recreation,park,Park,2
GOORNONG,GREATER BENDIGO,22620,Loddon Campaspe,community,community_centre,Community Centre,1
GOORNONG,GREATER BENDIGO,22620,Loddon Campaspe,education,school,School,2
GOORNONG,GREATER BENDIGO,22620,Loddon Campaspe,public_transport,bus_stop,Bus Stop,2
GOORNONG,GREATER BENDIGO,22620,Loddon Campaspe,public_transport,platform,Public Transport Platform,1
GOORNONG,GREATER BENDIGO,22620,Loddon Campaspe,public_transport,railway_station,Railway Station,1
GOORNONG,GREATER BENDIGO,22620,Loddon Campaspe,recreation,nature_reserve,Nature Reserve,9
GOORNONG,GREATER BENDIGO,22620,Loddon Campaspe,recreation,sports_centre,Sports Centre,1
GOORNONG,GREATER BENDIGO,22620,Loddon Campaspe,shopping,convenience_store,Convenience Store,1
GORAE,GLENELG,22410,Great South Coast,recreation,nature_reserve,Nature Reserve,3
GORAE WEST,GLENELG,22410,Great South Coast,community,community_centre,Community Centre,2
GORAE WEST,GLENELG,22410,Great South Coast,recreation,park,Park,2
GORDON,MOORABOOL,25150,Central Highlands,education,school,School,4
GORDON,MOORABOOL,25150,Central Highlands,public_transport,bus_stop,Bus Stop,6
GORDON,MOORABOOL,25150,Central Highlands,recreation,nature_reserve,Nature Reserve,4
GORDON,MOORABOOL,25150,Central Highlands,recreation,park,Park,2
GORDON,MOORABOOL,25150,Central Highlands,recreation,playground,Playground,2
GORMANDALE,WELLINGTON,26810,Gippsland,education,school,School,2
GORMANDALE,WELLINGTON,26810,Gippsland,public_transport,bus_stop,Bus Stop,1
GORMANDALE,WELLINGTON,26810,Gippsland,recreation,nature_reserve,Nature Reserve,1
GORMANDALE,WELLINGTON,26810,Gippsland,recreation,playground,Playground,1
GORMANDALE,WELLINGTON,26810,Gippsland,shopping,convenience_store,Convenience Store,1
GOROKE,WEST WIMMERA,26890,Wimmera Southern Mallee,community,community_centre,Community Centre,4
GOROKE,WEST WIMMERA,26890,Wimmera Southern Mallee,community,library,Library,1
GOROKE,WEST WIMMERA,26890,Wimmera Southern Mallee,education,school,School,2
GOROKE,WEST WIMMERA,26890,Wimmera Southern Mallee,healthcare,hospital,Hospital,2
GOROKE,WEST WIMMERA,26890,Wimmera Southern Mallee,public_transport,bus_stop,Bus Stop,1
GOROKE,WEST WIMMERA,26890,Wimmera Southern Mallee,recreation,nature_reserve,Nature Reserve,18
GOROKE,WEST WIMMERA,26890,Wimmera Southern Mallee,recreation,park,Park,2
GOROKE,WEST WIMMERA,26890,Wimmera Southern Mallee,recreation,playground,Playground,2
GOROKE,WEST WIMMERA,26890,Wimmera Southern Mallee,recreation,sports_centre,Sports Centre,2
GOROKE,WEST WIMMERA,26890,Wimmera Southern Mallee,shopping,convenience_store,Convenience Store,1
GOSCHEN,SWAN HILL,26610,Mallee,recreation,nature_reserve,Nature Reserve,7
GOUGHS BAY,MANSFIELD,24250,Ovens Murray,recreation,nature_reserve,Nature Reserve,2
GOUGHS BAY,MANSFIELD,24250,Ovens Murray,recreation,park,Park,2
GOULBURN WEIR,STRATHBOGIE,26430,Goulburn,recreation,nature_reserve,Nature Reserve,2
GOULBURN WEIR,STRATHBOGIE,26430,Goulburn,recreation,playground,Playground,2
GOWANGARDIE,GREATER SHEPPARTON,22830,Goulburn,recreation,nature_reserve,Nature Reserve,7
GOWER,MOUNT ALEXANDER,25430,Loddon Campaspe,recreation,nature_reserve,Nature Reserve,2
GOWER,MOUNT ALEXANDER,25430,Loddon Campaspe,recreation,sports_centre,Sports Centre,2
GRAHAMVALE,GREATER SHEPPARTON,22830,Goulburn,education,school,School,2
GRAHAMVALE,GREATER SHEPPARTON,22830,Goulburn,recreation,park,Park,2
GRAMPIANS,SOUTHERN GRAMPIANS,26260,Great South Coast,recreation,nature_reserve,Nature Reserve,4
GRAND RIDGE,LATROBE,23810,Gippsland,recreation,nature_reserve,Nature Reserve,5
GRANTVILLE,BASS COAST,20740,Gippsland,public_transport,bus_stop,Bus Stop,5
GRANTVILLE,BASS COAST,20740,Gippsland,public_transport,stop_position,Public Transport Stop Position,1
GRANTVILLE,BASS COAST,20740,Gippsland,recreation,nature_reserve,Nature Reserve,7
GRANTVILLE,BASS COAST,20740,Gippsland,recreation,park,Park,8
GRANTVILLE,BASS COAST,20740,Gippsland,recreation,playground,Playground,2
GRANTVILLE,BASS COAST,20740,Gippsland,shopping,convenience_store,Convenience Store,1
GRANTVILLE,BASS COAST,20740,Gippsland,shopping,supermarket,Supermarket,1
GRANYA,TOWONG,26670,Ovens Murray,community,town_hall,Town Hall,2
GRANYA,TOWONG,26670,Ovens Murray,recreation,nature_reserve,Nature Reserve,2
GRANYA,TOWONG,26670,Ovens Murray,recreation,park,Park,4
GRASS FLAT,HORSHAM,23190,Wimmera Southern Mallee,recreation,nature_reserve,Nature Reserve,2
GRASSDALE,GLENELG,22410,Great South Coast,recreation,nature_reserve,Nature Reserve,1
GRASSMERE,MOYNE,25490,Great South Coast,community,town_hall,Town Hall,2
GRASSMERE,MOYNE,25490,Great South Coast,education,school,School,2
GRASSMERE,MOYNE,25490,Great South Coast,recreation,garden,Garden,2
GRASSMERE,MOYNE,25490,Great South Coast,recreation,park,Park,4
GRAYS BRIDGE,NORTHERN GRAMPIANS,25810,Wimmera Southern Mallee,recreation,nature_reserve,Nature Reserve,2
GRE GRE NORTH,NORTHERN GRAMPIANS,25810,Wimmera Southern Mallee,recreation,nature_reserve,Nature Reserve,2
GREAT WESTERN,ARARAT,20260,Central Highlands,recreation,nature_reserve,Nature Reserve,3
GREAT WESTERN,NORTHERN GRAMPIANS,25810,Wimmera Southern Mallee,education,school,School,2
GREAT WESTERN,NORTHERN GRAMPIANS,25810,Wimmera Southern Mallee,public_transport,bus_stop,Bus Stop,2
GREAT WESTERN,NORTHERN GRAMPIANS,25810,Wimmera Southern Mallee,recreation,nature_reserve,Nature Reserve,11
GREAT WESTERN,NORTHERN GRAMPIANS,25810,Wimmera Southern Mallee,recreation,park,Park,2
GREAT WESTERN,NORTHERN GRAMPIANS,25810,Wimmera Southern Mallee,recreation,playground,Playground,2
GREAT WESTERN,NORTHERN GRAMPIANS,25810,Wimmera Southern Mallee,shopping,convenience_store,Convenience Store,2
GREDGWIN,GANNAWARRA,22250,Mallee,recreation,nature_reserve,Nature Reserve,2
GREDGWIN,LODDON,23940,Loddon Campaspe,public_transport,bus_stop,Bus Stop,2
GREDGWIN,LODDON,23940,Loddon Campaspe,recreation,nature_reserve,Nature Reserve,2
GREENDALE,MOORABOOL,25150,Central Highlands,recreation,park,Park,2
GREENHILL,MACEDON RANGES,24130,Loddon Campaspe,recreation,nature_reserve,Nature Reserve,2
GREENS CREEK,NORTHERN GRAMPIANS,25810,Wimmera Southern Mallee,recreation,nature_reserve,Nature Reserve,15
GREENWALD,GLENELG,22410,Great South Coast,recreation,nature_reserve,Nature Reserve,4
GRENVILLE,GOLDEN PLAINS,22490,Central Highlands,recreation,park,Park,2
GRENVILLE,GOLDEN PLAINS,22490,Central Highlands,recreation,playground,Playground,2
GRENVILLE,GOLDEN PLAINS,22490,Central Highlands,recreation,sports_centre,Sports Centre,2
GRETA SOUTH,WANGARATTA,26700,Ovens Murray,education,school,School,4
GRETA SOUTH,WANGARATTA,26700,Ovens Murray,recreation,nature_reserve,Nature Reserve,1
GRETA SOUTH,WANGARATTA,26700,Ovens Murray,recreation,park,Park,2
GRINGEGALGONA,SOUTHERN GRAMPIANS,26260,Great South Coast,community,community_centre,Community Centre,2
GROVEDALE,GREATER GEELONG,22750,Barwon,community,community_centre,Community Centre,1
GROVEDALE,GREATER GEELONG,22750,Barwon,community,library,Library,2
GROVEDALE,GREATER GEELONG,22750,Barwon,community,social_facility,Social Facility,9
GROVEDALE,GREATER GEELONG,22750,Barwon,education,kindergarten,Kindergarten,12
GROVEDALE,GREATER GEELONG,22750,Barwon,education,school,School,10
GROVEDALE,GREATER GEELONG,22750,Barwon,healthcare,clinic,Clinic,1
GROVEDALE,GREATER GEELONG,22750,Barwon,healthcare,dentist,Dentist,3
GROVEDALE,GREATER GEELONG,22750,Barwon,healthcare,doctor,Doctor,3
GROVEDALE,GREATER GEELONG,22750,Barwon,healthcare,pharmacy,Pharmacy,4
GROVEDALE,GREATER GEELONG,22750,Barwon,public_transport,bus_stop,Bus Stop,23
GROVEDALE,GREATER GEELONG,22750,Barwon,public_transport,stop_position,Public Transport Stop Position,3
GROVEDALE,GREATER GEELONG,22750,Barwon,recreation,garden,Garden,4
GROVEDALE,GREATER GEELONG,22750,Barwon,recreation,park,Park,18
GROVEDALE,GREATER GEELONG,22750,Barwon,recreation,playground,Playground,19
GROVEDALE,GREATER GEELONG,22750,Barwon,recreation,sports_centre,Sports Centre,8
GROVEDALE,GREATER GEELONG,22750,Barwon,shopping,convenience_store,Convenience Store,7
GROVEDALE,GREATER GEELONG,22750,Barwon,shopping,supermarket,Supermarket,9
GUILDFORD,HEPBURN,22910,Central Highlands,recreation,nature_reserve,Nature Reserve,4
GUILDFORD,MOUNT ALEXANDER,25430,Loddon Campaspe,community,town_hall,Town Hall,2
GUILDFORD,MOUNT ALEXANDER,25430,Loddon Campaspe,education,school,School,2
GUILDFORD,MOUNT ALEXANDER,25430,Loddon Campaspe,recreation,nature_reserve,Nature Reserve,4
GUILDFORD,MOUNT ALEXANDER,25430,Loddon Campaspe,recreation,park,Park,4
GUNBOWER,CAMPASPE,21370,Loddon Campaspe,education,kindergarten,Kindergarten,2
GUNBOWER,CAMPASPE,21370,Loddon Campaspe,education,school,School,2
GUNBOWER,CAMPASPE,21370,Loddon Campaspe,public_transport,bus_stop,Bus Stop,2
GUNBOWER,CAMPASPE,21370,Loddon Campaspe,public_transport,stop_position,Public Transport Stop Position,1
GUNBOWER,CAMPASPE,21370,Loddon Campaspe,recreation,park,Park,32
GUNBOWER,CAMPASPE,21370,Loddon Campaspe,recreation,sports_centre,Sports Centre,2
GUNDOWRING,INDIGO,23350,Ovens Murray,recreation,nature_reserve,Nature Reserve,6
GUYS FOREST,TOWONG,26670,Ovens Murray,recreation,nature_reserve,Nature Reserve,4
GYMBOWEN,WEST WIMMERA,26890,Wimmera Southern Mallee,community,community_centre,Community Centre,2
GYMBOWEN,WEST WIMMERA,26890,Wimmera Southern Mallee,public_transport,bus_stop,Bus Stop,1
GYMBOWEN,WEST WIMMERA,26890,Wimmera Southern Mallee,recreation,nature_reserve,Nature Reserve,8
HADDON,GOLDEN PLAINS,22490,Central Highlands,community,community_centre,Community Centre,2
HADDON,GOLDEN PLAINS,22490,Central Highlands,education,school,School,2
HADDON,GOLDEN PLAINS,22490,Central Highlands,recreation,nature_reserve,Nature Reserve,2
HADDON,GOLDEN PLAINS,22490,Central Highlands,recreation,park,Park,4
HADDON,GOLDEN PLAINS,22490,Central Highlands,recreation,playground,Playground,2
HADDON,GOLDEN PLAINS,22490,Central Highlands,recreation,sports_centre,Sports Centre,2
HALLORA,BAW BAW,20830,Gippsland,community,community_centre,Community Centre,2
HALLORA,BAW BAW,20830,Gippsland,education,school,School,2
HALLORA,BAW BAW,20830,Gippsland,recreation,sports_centre,Sports Centre,2
HALLS GAP,NORTHERN GRAMPIANS,25810,Wimmera Southern Mallee,education,school,School,2
HALLS GAP,NORTHERN GRAMPIANS,25810,Wimmera Southern Mallee,healthcare,doctor,Doctor,1
HALLS GAP,NORTHERN GRAMPIANS,25810,Wimmera Southern Mallee,public_transport,bus_stop,Bus Stop,4
HALLS GAP,NORTHERN GRAMPIANS,25810,Wimmera Southern Mallee,recreation,garden,Garden,2
HALLS GAP,NORTHERN GRAMPIANS,25810,Wimmera Southern Mallee,recreation,nature_reserve,Nature Reserve,1
HALLS GAP,NORTHERN GRAMPIANS,25810,Wimmera Southern Mallee,recreation,park,Park,3
HALLS GAP,NORTHERN GRAMPIANS,25810,Wimmera Southern Mallee,recreation,playground,Playground,6
HALLS GAP,NORTHERN GRAMPIANS,25810,Wimmera Southern Mallee,recreation,sports_centre,Sports Centre,2
HALLS GAP,NORTHERN GRAMPIANS,25810,Wimmera Southern Mallee,shopping,convenience_store,Convenience Store,2
HALLS GAP,NORTHERN GRAMPIANS,25810,Wimmera Southern Mallee,shopping,supermarket,Supermarket,1
HALLSTON,SOUTH GIPPSLAND,26170,Gippsland,community,community_centre,Community Centre,2
HALLSTON,SOUTH GIPPSLAND,26170,Gippsland,recreation,nature_reserve,Nature Reserve,1
HALLSTON,SOUTH GIPPSLAND,26170,Gippsland,recreation,sports_centre,Sports Centre,2
HAMILTON,SOUTHERN GRAMPIANS,26260,Great South Coast,community,community_centre,Community Centre,2
HAMILTON,SOUTHERN GRAMPIANS,26260,Great South Coast,community,library,Library,1
HAMILTON,SOUTHERN GRAMPIANS,26260,Great South Coast,community,social_facility,Social Facility,3
HAMILTON,SOUTHERN GRAMPIANS,26260,Great South Coast,education,college,College,4
HAMILTON,SOUTHERN GRAMPIANS,26260,Great South Coast,education,kindergarten,Kindergarten,3
HAMILTON,SOUTHERN GRAMPIANS,26260,Great South Coast,education,school,School,22
HAMILTON,SOUTHERN GRAMPIANS,26260,Great South Coast,healthcare,dentist,Dentist,1
HAMILTON,SOUTHERN GRAMPIANS,26260,Great South Coast,healthcare,hospital,Hospital,2
HAMILTON,SOUTHERN GRAMPIANS,26260,Great South Coast,healthcare,pharmacy,Pharmacy,3
HAMILTON,SOUTHERN GRAMPIANS,26260,Great South Coast,public_transport,bus_stop,Bus Stop,74
HAMILTON,SOUTHERN GRAMPIANS,26260,Great South Coast,public_transport,railway_station,Railway Station,2
HAMILTON,SOUTHERN GRAMPIANS,26260,Great South Coast,public_transport,stop_position,Public Transport Stop Position,1
HAMILTON,SOUTHERN GRAMPIANS,26260,Great South Coast,recreation,garden,Garden,20
HAMILTON,SOUTHERN GRAMPIANS,26260,Great South Coast,recreation,nature_reserve,Nature Reserve,6
HAMILTON,SOUTHERN GRAMPIANS,26260,Great South Coast,recreation,park,Park,46
HAMILTON,SOUTHERN GRAMPIANS,26260,Great South Coast,recreation,playground,Playground,26
HAMILTON,SOUTHERN GRAMPIANS,26260,Great South Coast,recreation,sports_centre,Sports Centre,16
HAMILTON,SOUTHERN GRAMPIANS,26260,Great South Coast,shopping,convenience_store,Convenience Store,3
HAMILTON,SOUTHERN GRAMPIANS,26260,Great South Coast,shopping,supermarket,Supermarket,6
HAMLYN HEIGHTS,GREATER GEELONG,22750,Barwon,community,community_centre,Community Centre,1
HAMLYN HEIGHTS,GREATER GEELONG,22750,Barwon,community,library,Library,1
HAMLYN HEIGHTS,GREATER GEELONG,22750,Barwon,community,social_facility,Social Facility,2
HAMLYN HEIGHTS,GREATER GEELONG,22750,Barwon,education,school,School,8
HAMLYN HEIGHTS,GREATER GEELONG,22750,Barwon,healthcare,pharmacy,Pharmacy,2
HAMLYN HEIGHTS,GREATER GEELONG,22750,Barwon,public_transport,bus_stop,Bus Stop,10
HAMLYN HEIGHTS,GREATER GEELONG,22750,Barwon,public_transport,stop_position,Public Transport Stop Position,2
HAMLYN HEIGHTS,GREATER GEELONG,22750,Barwon,recreation,garden,Garden,2
HAMLYN HEIGHTS,GREATER GEELONG,22750,Barwon,recreation,park,Park,18
HAMLYN HEIGHTS,GREATER GEELONG,22750,Barwon,recreation,playground,Playground,14
HAMLYN HEIGHTS,GREATER GEELONG,22750,Barwon,recreation,sports_centre,Sports Centre,3
HAMLYN HEIGHTS,GREATER GEELONG,22750,Barwon,shopping,convenience_store,Convenience Store,2
HANSONVILLE,WANGARATTA,26700,Ovens Murray,recreation,nature_reserve,Nature Reserve,2
HAPPY VALLEY (BALLARAT),GOLDEN PLAINS,22490,Central Highlands,recreation,nature_reserve,Nature Reserve,3
HAPPY VALLEY (ROBINVALE),SWAN HILL,26610,Mallee,recreation,nature_reserve,Nature Reserve,3
HARCOURT,MOUNT ALEXANDER,25430,Loddon Campaspe,community,town_hall,Town Hall,2
HARCOURT,MOUNT ALEXANDER,25430,Loddon Campaspe,education,school,School,2
HARCOURT,MOUNT ALEXANDER,25430,Loddon Campaspe,public_transport,bus_stop,Bus Stop,4
HARCOURT,MOUNT ALEXANDER,25430,Loddon Campaspe,public_transport,platform,Public Transport Platform,2
HARCOURT,MOUNT ALEXANDER,25430,Loddon Campaspe,public_transport,stop_position,Public Transport Stop Position,1
HARCOURT,MOUNT ALEXANDER,25430,Loddon Campaspe,recreation,nature_reserve,Nature Reserve,2
HARCOURT,MOUNT ALEXANDER,25430,Loddon Campaspe,recreation,park,Park,8
HARCOURT,MOUNT ALEXANDER,25430,Loddon Campaspe,recreation,sports_centre,Sports Centre,2
HARCOURT NORTH,MOUNT ALEXANDER,25430,Loddon Campaspe,recreation,nature_reserve,Nature Reserve,2
HARCOURT NORTH,MOUNT ALEXANDER,25430,Loddon Campaspe,recreation,park,Park,3
HARCOURT NORTH,MOUNT ALEXANDER,25430,Loddon Campaspe,recreation,sports_centre,Sports Centre,1
HARMERS HAVEN,BASS COAST,20740,Gippsland,recreation,park,Park,2
HARRIETVILLE,ALPINE,20110,Ovens Murray,community,community_centre,Community Centre,2
HARRIETVILLE,ALPINE,20110,Ovens Murray,education,school,School,2
HARRIETVILLE,ALPINE,20110,Ovens Murray,public_transport,bus_stop,Bus Stop,2
HARRIETVILLE,ALPINE,20110,Ovens Murray,recreation,park,Park,6
HARRIETVILLE,ALPINE,20110,Ovens Murray,recreation,playground,Playground,2
HARRIETVILLE,ALPINE,20110,Ovens Murray,recreation,sports_centre,Sports Centre,2
HARRIETVILLE,ALPINE,20110,Ovens Murray,shopping,convenience_store,Convenience Store,1
HARROW,WEST WIMMERA,26890,Wimmera Southern Mallee,community,community_centre,Community Centre,2
HARROW,WEST WIMMERA,26890,Wimmera Southern Mallee,recreation,nature_reserve,Nature Reserve,16
HARROW,WEST WIMMERA,26890,Wimmera Southern Mallee,recreation,park,Park,4
HARSTON,GREATER SHEPPARTON,22830,Goulburn,education,school,School,2
HATTAH,MILDURA,24780,Mallee,public_transport,bus_stop,Bus Stop,1
HATTAH,MILDURA,24780,Mallee,recreation,nature_reserve,Nature Reserve,8
HATTAH,MILDURA,24780,Mallee,shopping,convenience_store,Convenience Store,2
HAVELOCK,CENTRAL GOLDFIELDS,21670,Loddon Campaspe,recreation,nature_reserve,Nature Reserve,3
HAVEN,HORSHAM,23190,Wimmera Southern Mallee,education,school,School,2
HAVEN,HORSHAM,23190,Wimmera Southern Mallee,public_transport,bus_stop,Bus Stop,6
HAVEN,HORSHAM,23190,Wimmera Southern Mallee,public_transport,stop_position,Public Transport Stop Position,1
HAVEN,HORSHAM,23190,Wimmera Southern Mallee,recreation,nature_reserve,Nature Reserve,2
HAVEN,HORSHAM,23190,Wimmera Southern Mallee,recreation,park,Park,6
HAVEN,HORSHAM,23190,Wimmera Southern Mallee,recreation,playground,Playground,1
HAWKESDALE,MOYNE,25490,Great South Coast,education,school,School,2
HAWKESDALE,MOYNE,25490,Great South Coast,recreation,park,Park,2
HAWKESDALE,MOYNE,25490,Great South Coast,recreation,sports_centre,Sports Centre,2
HAWKESDALE,MOYNE,25490,Great South Coast,shopping,convenience_store,Convenience Store,1
HAWKHURST,WELLINGTON,26810,Gippsland,recreation,nature_reserve,Nature Reserve,1
HAZEL PARK,SOUTH GIPPSLAND,26170,Gippsland,recreation,nature_reserve,Nature Reserve,3
HAZELWOOD,LATROBE,23810,Gippsland,recreation,sports_centre,Sports Centre,2
HAZELWOOD NORTH,LATROBE,23810,Gippsland,education,school,School,2
HAZELWOOD NORTH,LATROBE,23810,Gippsland,public_transport,bus_stop,Bus Stop,4
HAZELWOOD NORTH,LATROBE,23810,Gippsland,recreation,park,Park,2
HAZELWOOD SOUTH,LATROBE,23810,Gippsland,recreation,nature_reserve,Nature Reserve,1
HEATHCOTE,GREATER BENDIGO,22620,Loddon Campaspe,community,community_centre,Community Centre,1
HEATHCOTE,GREATER BENDIGO,22620,Loddon Campaspe,community,library,Library,1
HEATHCOTE,GREATER BENDIGO,22620,Loddon Campaspe,education,childcare,Childcare Centre,1
HEATHCOTE,GREATER BENDIGO,22620,Loddon Campaspe,education,kindergarten,Kindergarten,2
HEATHCOTE,GREATER BENDIGO,22620,Loddon Campaspe,education,school,School,4
HEATHCOTE,GREATER BENDIGO,22620,Loddon Campaspe,healthcare,clinic,Clinic,1
HEATHCOTE,GREATER BENDIGO,22620,Loddon Campaspe,healthcare,dentist,Dentist,1
HEATHCOTE,GREATER BENDIGO,22620,Loddon Campaspe,healthcare,hospital,Hospital,2
HEATHCOTE,GREATER BENDIGO,22620,Loddon Campaspe,healthcare,pharmacy,Pharmacy,1
HEATHCOTE,GREATER BENDIGO,22620,Loddon Campaspe,public_transport,bus_stop,Bus Stop,8
HEATHCOTE,GREATER BENDIGO,22620,Loddon Campaspe,recreation,nature_reserve,Nature Reserve,12
HEATHCOTE,GREATER BENDIGO,22620,Loddon Campaspe,recreation,park,Park,6
HEATHCOTE,GREATER BENDIGO,22620,Loddon Campaspe,recreation,playground,Playground,1
HEATHCOTE,GREATER BENDIGO,22620,Loddon Campaspe,recreation,sports_centre,Sports Centre,1
HEATHCOTE,GREATER BENDIGO,22620,Loddon Campaspe,shopping,convenience_store,Convenience Store,4
HEATHCOTE,GREATER BENDIGO,22620,Loddon Campaspe,shopping,supermarket,Supermarket,1
HEATHCOTE JUNCTION,MITCHELL,24850,Goulburn,public_transport,platform,Public Transport Platform,4
HEATHCOTE JUNCTION,MITCHELL,24850,Goulburn,public_transport,railway_station,Railway Station,1
HEATHCOTE JUNCTION,MITCHELL,24850,Goulburn,public_transport,stop_position,Public Transport Stop Position,2
HEATHCOTE JUNCTION,MITCHELL,24850,Goulburn,recreation,park,Park,6
HEATHCOTE SOUTH,MITCHELL,24850,Goulburn,recreation,nature_reserve,Nature Reserve,2
HEATHMERE,GLENELG,22410,Great South Coast,recreation,nature_reserve,Nature Reserve,4
HEATHMERE,GLENELG,22410,Great South Coast,recreation,park,Park,2
HEDLEY,SOUTH GIPPSLAND,26170,Gippsland,recreation,nature_reserve,Nature Reserve,2
HENSLEY PARK,SOUTHERN GRAMPIANS,26260,Great South Coast,public_transport,platform,Public Transport Platform,2
HEPBURN,HEPBURN,22910,Central Highlands,education,kindergarten,Kindergarten,2
HEPBURN,HEPBURN,22910,Central Highlands,education,school,School,2
HEPBURN,HEPBURN,22910,Central Highlands,public_transport,bus_stop,Bus Stop,4
HEPBURN,HEPBURN,22910,Central Highlands,public_transport,stop_position,Public Transport Stop Position,2
HEPBURN,HEPBURN,22910,Central Highlands,recreation,garden,Garden,10
HEPBURN SPRINGS,HEPBURN,22910,Central Highlands,public_transport,bus_stop,Bus Stop,4
HEPBURN SPRINGS,HEPBURN,22910,Central Highlands,recreation,nature_reserve,Nature Reserve,2
HEPBURN SPRINGS,HEPBURN,22910,Central Highlands,recreation,playground,Playground,1
HERNE HILL,GREATER GEELONG,22750,Barwon,education,kindergarten,Kindergarten,4
HERNE HILL,GREATER GEELONG,22750,Barwon,education,school,School,6
HERNE HILL,GREATER GEELONG,22750,Barwon,healthcare,pharmacy,Pharmacy,2
HERNE HILL,GREATER GEELONG,22750,Barwon,public_transport,bus_stop,Bus Stop,6
HERNE HILL,GREATER GEELONG,22750,Barwon,recreation,garden,Garden,8
HERNE HILL,GREATER GEELONG,22750,Barwon,recreation,park,Park,12
HERNE HILL,GREATER GEELONG,22750,Barwon,recreation,playground,Playground,8
HERNE HILL,GREATER GEELONG,22750,Barwon,shopping,convenience_store,Convenience Store,4
HESKET,MACEDON RANGES,24130,Loddon Campaspe,education,school,School,2
HEXHAM,MOYNE,25490,Great South Coast,community,community_centre,Community Centre,2
HEXHAM,MOYNE,25490,Great South Coast,recreation,nature_reserve,Nature Reserve,5
HEXHAM,MOYNE,25490,Great South Coast,recreation,sports_centre,Sports Centre,4
HEYFIELD,WELLINGTON,26810,Gippsland,community,library,Library,1
HEYFIELD,WELLINGTON,26810,Gippsland,community,town_hall,Town Hall,2
HEYFIELD,WELLINGTON,26810,Gippsland,education,kindergarten,Kindergarten,2
HEYFIELD,WELLINGTON,26810,Gippsland,education,school,School,4
HEYFIELD,WELLINGTON,26810,Gippsland,healthcare,hospital,Hospital,1
HEYFIELD,WELLINGTON,26810,Gippsland,healthcare,pharmacy,Pharmacy,1
HEYFIELD,WELLINGTON,26810,Gippsland,recreation,nature_reserve,Nature Reserve,5
HEYFIELD,WELLINGTON,26810,Gippsland,recreation,park,Park,8
HEYFIELD,WELLINGTON,26810,Gippsland,recreation,playground,Playground,2
HEYFIELD,WELLINGTON,26810,Gippsland,recreation,sports_centre,Sports Centre,2
HEYFIELD,WELLINGTON,26810,Gippsland,shopping,convenience_store,Convenience Store,2
HEYFIELD,WELLINGTON,26810,Gippsland,shopping,supermarket,Supermarket,1
HEYWOOD,GLENELG,22410,Great South Coast,community,community_centre,Community Centre,4
HEYWOOD,GLENELG,22410,Great South Coast,community,library,Library,1
HEYWOOD,GLENELG,22410,Great South Coast,community,social_facility,Social Facility,1
HEYWOOD,GLENELG,22410,Great South Coast,education,school,School,4
HEYWOOD,GLENELG,22410,Great South Coast,healthcare,doctor,Doctor,2
HEYWOOD,GLENELG,22410,Great South Coast,healthcare,hospital,Hospital,3
HEYWOOD,GLENELG,22410,Great South Coast,public_transport,platform,Public Transport Platform,1
HEYWOOD,GLENELG,22410,Great South Coast,recreation,nature_reserve,Nature Reserve,5
HEYWOOD,GLENELG,22410,Great South Coast,recreation,park,Park,8
HEYWOOD,GLENELG,22410,Great South Coast,recreation,playground,Playground,3
HEYWOOD,GLENELG,22410,Great South Coast,recreation,sports_centre,Sports Centre,2
HEYWOOD,GLENELG,22410,Great South Coast,shopping,supermarket,Supermarket,1
HIAMDALE,WELLINGTON,26810,Gippsland,recreation,nature_reserve,Nature Reserve,2
HIGH CAMP,MITCHELL,24850,Goulburn,recreation,nature_reserve,Nature Reserve,2
HIGHLANDS,MURRINDINDI,25620,Goulburn,recreation,nature_reserve,Nature Reserve,3
HIGHTON,GREATER GEELONG,22750,Barwon,community,library,Library,2
HIGHTON,GREATER GEELONG,22750,Barwon,community,social_facility,Social Facility,3
HIGHTON,GREATER GEELONG,22750,Barwon,education,childcare,Childcare Centre,2
HIGHTON,GREATER GEELONG,22750,Barwon,education,kindergarten,Kindergarten,6
HIGHTON,GREATER GEELONG,22750,Barwon,education,school,School,10
HIGHTON,GREATER GEELONG,22750,Barwon,healthcare,clinic,Clinic,4
HIGHTON,GREATER GEELONG,22750,Barwon,healthcare,doctor,Doctor,5
HIGHTON,GREATER GEELONG,22750,Barwon,healthcare,pharmacy,Pharmacy,2
HIGHTON,GREATER GEELONG,22750,Barwon,public_transport,bus_stop,Bus Stop,57
HIGHTON,GREATER GEELONG,22750,Barwon,public_transport,stop_position,Public Transport Stop Position,5
HIGHTON,GREATER GEELONG,22750,Barwon,recreation,garden,Garden,16
HIGHTON,GREATER GEELONG,22750,Barwon,recreation,park,Park,67
HIGHTON,GREATER GEELONG,22750,Barwon,recreation,playground,Playground,24
HIGHTON,GREATER GEELONG,22750,Barwon,recreation,sports_centre,Sports Centre,6
HIGHTON,GREATER GEELONG,22750,Barwon,shopping,convenience_store,Convenience Store,4
HIGHTON,GREATER GEELONG,22750,Barwon,shopping,supermarket,Supermarket,6
HILL END,BAW BAW,20830,Gippsland,recreation,park,Park,2
HILLDENE,MITCHELL,24850,Goulburn,public_transport,bus_stop,Bus Stop,4
HILLDENE,MITCHELL,24850,Goulburn,recreation,park,Park,2
HOLLANDS LANDING,WELLINGTON,26810,Gippsland,recreation,nature_reserve,Nature Reserve,2
HOMEBUSH,PYRENEES,25990,Central Highlands,recreation,nature_reserve,Nature Reserve,5
HOMERTON,GLENELG,22410,Great South Coast,recreation,nature_reserve,Nature Reserve,1
HOMEWOOD,MURRINDINDI,25620,Goulburn,public_transport,platform,Public Transport Platform,1
HOPETOUN,YARRIAMBIACK,27630,Wimmera Southern Mallee,education,school,School,6
HOPETOUN,YARRIAMBIACK,27630,Wimmera Southern Mallee,healthcare,hospital,Hospital,2
HOPETOUN,YARRIAMBIACK,27630,Wimmera Southern Mallee,public_transport,bus_stop,Bus Stop,3
HOPETOUN,YARRIAMBIACK,27630,Wimmera Southern Mallee,public_transport,stop_position,Public Transport Stop Position,1
HOPETOUN,YARRIAMBIACK,27630,Wimmera Southern Mallee,recreation,garden,Garden,2
HOPETOUN,YARRIAMBIACK,27630,Wimmera Southern Mallee,recreation,nature_reserve,Nature Reserve,11
HOPETOUN,YARRIAMBIACK,27630,Wimmera Southern Mallee,recreation,playground,Playground,3
HOPETOUN,YARRIAMBIACK,27630,Wimmera Southern Mallee,recreation,sports_centre,Sports Centre,2
HOPETOUN,YARRIAMBIACK,27630,Wimmera Southern Mallee,shopping,supermarket,Supermarket,1
HOPETOUN PARK,MOORABOOL,25150,Central Highlands,recreation,park,Park,10
HORSHAM,HORSHAM,23190,Wimmera Southern Mallee,community,community_centre,Community Centre,4
HORSHAM,HORSHAM,23190,Wimmera Southern Mallee,community,social_facility,Social Facility,2
HORSHAM,HORSHAM,23190,Wimmera Southern Mallee,education,childcare,Childcare Centre,1
HORSHAM,HORSHAM,23190,Wimmera Southern Mallee,education,kindergarten,Kindergarten,5
HORSHAM,HORSHAM,23190,Wimmera Southern Mallee,education,school,School,16
HORSHAM,HORSHAM,23190,Wimmera Southern Mallee,healthcare,clinic,Clinic,2
HORSHAM,HORSHAM,23190,Wimmera Southern Mallee,healthcare,dentist,Dentist,1
HORSHAM,HORSHAM,23190,Wimmera Southern Mallee,healthcare,doctor,Doctor,4
HORSHAM,HORSHAM,23190,Wimmera Southern Mallee,healthcare,hospital,Hospital,2
HORSHAM,HORSHAM,23190,Wimmera Southern Mallee,healthcare,pharmacy,Pharmacy,2
HORSHAM,HORSHAM,23190,Wimmera Southern Mallee,public_transport,bus_stop,Bus Stop,115
HORSHAM,HORSHAM,23190,Wimmera Southern Mallee,public_transport,platform,Public Transport Platform,3
HORSHAM,HORSHAM,23190,Wimmera Southern Mallee,public_transport,railway_station,Railway Station,2
HORSHAM,HORSHAM,23190,Wimmera Southern Mallee,public_transport,stop_position,Public Transport Stop Position,8
HORSHAM,HORSHAM,23190,Wimmera Southern Mallee,recreation,garden,Garden,2
HORSHAM,HORSHAM,23190,Wimmera Southern Mallee,recreation,park,Park,89
HORSHAM,HORSHAM,23190,Wimmera Southern Mallee,recreation,playground,Playground,24
HORSHAM,HORSHAM,23190,Wimmera Southern Mallee,recreation,sports_centre,Sports Centre,10
HORSHAM,HORSHAM,23190,Wimmera Southern Mallee,shopping,convenience_store,Convenience Store,8
HORSHAM,HORSHAM,23190,Wimmera Southern Mallee,shopping,supermarket,Supermarket,6
HOTHAM HEIGHTS,ALPINE,20110,Ovens Murray,recreation,nature_reserve,Nature Reserve,2
HOTHAM HEIGHTS,MOUNT HOTHAM ALPINE RESORT (UNINC),29399,Ovens Murray,healthcare,clinic,Clinic,2
HOTHAM HEIGHTS,MOUNT HOTHAM ALPINE RESORT (UNINC),29399,Ovens Murray,public_transport,bus_stop,Bus Stop,23
HOTHAM HEIGHTS,MOUNT HOTHAM ALPINE RESORT (UNINC),29399,Ovens Murray,public_transport,platform,Public Transport Platform,2
HOTHAM HEIGHTS,MOUNT HOTHAM ALPINE RESORT (UNINC),29399,Ovens Murray,public_transport,station,Public Transport Station,18
HOTHAM HEIGHTS,MOUNT HOTHAM ALPINE RESORT (UNINC),29399,Ovens Murray,recreation,playground,Playground,1
HOTHAM HEIGHTS,MOUNT HOTHAM ALPINE RESORT (UNINC),29399,Ovens Murray,shopping,supermarket,Supermarket,2
HOTSPUR,GLENELG,22410,Great South Coast,community,community_centre,Community Centre,2
HOTSPUR,GLENELG,22410,Great South Coast,recreation,nature_reserve,Nature Reserve,7
HOWQUA,MANSFIELD,24250,Ovens Murray,education,school,School,2
HOWQUA INLET,MANSFIELD,24250,Ovens Murray,public_transport,bus_stop,Bus Stop,1
HOWQUA INLET,MANSFIELD,24250,Ovens Murray,recreation,nature_reserve,Nature Reserve,2
HUNTER,GREATER BENDIGO,22620,Loddon Campaspe,community,community_centre,Community Centre,2
HUNTER,GREATER BENDIGO,22620,Loddon Campaspe,recreation,nature_reserve,Nature Reserve,1
HUNTERSTON,WELLINGTON,26810,Gippsland,recreation,nature_reserve,Nature Reserve,2
HUNTLY,GREATER BENDIGO,22620,Loddon Campaspe,community,community_centre,Community Centre,3
HUNTLY,GREATER BENDIGO,22620,Loddon Campaspe,community,social_facility,Social Facility,2
HUNTLY,GREATER BENDIGO,22620,Loddon Campaspe,education,kindergarten,Kindergarten,4
HUNTLY,GREATER BENDIGO,22620,Loddon Campaspe,education,school,School,2
HUNTLY,GREATER BENDIGO,22620,Loddon Campaspe,public_transport,bus_stop,Bus Stop,20
HUNTLY,GREATER BENDIGO,22620,Loddon Campaspe,public_transport,platform,Public Transport Platform,1
HUNTLY,GREATER BENDIGO,22620,Loddon Campaspe,public_transport,railway_station,Railway Station,1
HUNTLY,GREATER BENDIGO,22620,Loddon Campaspe,public_transport,stop_position,Public Transport Stop Position,3
HUNTLY,GREATER BENDIGO,22620,Loddon Campaspe,recreation,nature_reserve,Nature Reserve,4
HUNTLY,GREATER BENDIGO,22620,Loddon Campaspe,recreation,park,Park,20
HUNTLY,GREATER BENDIGO,22620,Loddon Campaspe,recreation,playground,Playground,5
HUNTLY,GREATER BENDIGO,22620,Loddon Campaspe,shopping,supermarket,Supermarket,1
HUNTLY NORTH,GREATER BENDIGO,22620,Loddon Campaspe,recreation,nature_reserve,Nature Reserve,3
HUON,INDIGO,23350,Ovens Murray,recreation,nature_reserve,Nature Reserve,2
HUON,INDIGO,23350,Ovens Murray,recreation,park,Park,1
HUON CREEK,WODONGA,27170,Ovens Murray,recreation,park,Park,4
HUON CREEK,WODONGA,27170,Ovens Murray,recreation,playground,Playground,2
IGUANA CREEK,EAST GIPPSLAND,22110,Gippsland,recreation,nature_reserve,Nature Reserve,1
ILLABAROOK,GOLDEN PLAINS,22490,Central Highlands,community,community_centre,Community Centre,2
ILLABAROOK,GOLDEN PLAINS,22490,Central Highlands,recreation,nature_reserve,Nature Reserve,5
ILLABAROOK,GOLDEN PLAINS,22490,Central Highlands,recreation,park,Park,2
ILLAWARRA,NORTHERN GRAMPIANS,25810,Wimmera Southern Mallee,recreation,nature_reserve,Nature Reserve,3
ILLOWA,MOYNE,25490,Great South Coast,public_transport,bus_stop,Bus Stop,3
ILLOWA,MOYNE,25490,Great South Coast,recreation,garden,Garden,2
ILLOWA,MOYNE,25490,Great South Coast,recreation,nature_reserve,Nature Reserve,2
ILLOWA,MOYNE,25490,Great South Coast,recreation,park,Park,2
INDENTED HEAD,GREATER GEELONG,22750,Barwon,recreation,playground,Playground,7
INDENTED HEAD,GREATER GEELONG,22750,Barwon,recreation,sports_centre,Sports Centre,2
INDIGO VALLEY,INDIGO,23350,Ovens Murray,education,school,School,2
INDIGO VALLEY,INDIGO,23350,Ovens Murray,recreation,nature_reserve,Nature Reserve,12
INGLEWOOD,LODDON,23940,Loddon Campaspe,community,community_centre,Community Centre,1
INGLEWOOD,LODDON,23940,Loddon Campaspe,education,school,School,4
INGLEWOOD,LODDON,23940,Loddon Campaspe,healthcare,hospital,Hospital,2
INGLEWOOD,LODDON,23940,Loddon Campaspe,healthcare,pharmacy,Pharmacy,1
INGLEWOOD,LODDON,23940,Loddon Campaspe,public_transport,bus_stop,Bus Stop,4
INGLEWOOD,LODDON,23940,Loddon Campaspe,public_transport,platform,Public Transport Platform,1
INGLEWOOD,LODDON,23940,Loddon Campaspe,recreation,nature_reserve,Nature Reserve,1
INGLEWOOD,LODDON,23940,Loddon Campaspe,recreation,park,Park,4
INGLEWOOD,LODDON,23940,Loddon Campaspe,shopping,supermarket,Supermarket,1
INGLISTON,MOORABOOL,25150,Central Highlands,recreation,nature_reserve,Nature Reserve,2
INVERGORDON,MOIRA,24900,Goulburn,education,school,School,2
INVERGORDON,MOIRA,24900,Goulburn,shopping,convenience_store,Convenience Store,1
INVERLEIGH,GOLDEN PLAINS,22490,Central Highlands,education,kindergarten,Kindergarten,2
INVERLEIGH,GOLDEN PLAINS,22490,Central Highlands,education,school,School,2
INVERLEIGH,GOLDEN PLAINS,22490,Central Highlands,public_transport,bus_stop,Bus Stop,1
INVERLEIGH,GOLDEN PLAINS,22490,Central Highlands,public_transport,platform,Public Transport Platform,2
INVERLEIGH,GOLDEN PLAINS,22490,Central Highlands,public_transport,railway_station,Railway Station,1
INVERLEIGH,GOLDEN PLAINS,22490,Central Highlands,recreation,nature_reserve,Nature Reserve,1
INVERLEIGH,GOLDEN PLAINS,22490,Central Highlands,recreation,park,Park,6
INVERLEIGH,GOLDEN PLAINS,22490,Central Highlands,recreation,playground,Playground,2
INVERLEIGH,GOLDEN PLAINS,22490,Central Highlands,recreation,sports_centre,Sports Centre,2
INVERLEIGH,GOLDEN PLAINS,22490,Central Highlands,shopping,convenience_store,Convenience Store,1
INVERLOCH,BASS COAST,20740,Gippsland,community,community_centre,Community Centre,1
INVERLOCH,BASS COAST,20740,Gippsland,community,library,Library,1
INVERLOCH,BASS COAST,20740,Gippsland,community,social_facility,Social Facility,2
INVERLOCH,BASS COAST,20740,Gippsland,community,town_hall,Town Hall,2
INVERLOCH,BASS COAST,20740,Gippsland,education,school,School,2
INVERLOCH,BASS COAST,20740,Gippsland,healthcare,dentist,Dentist,2
INVERLOCH,BASS COAST,20740,Gippsland,public_transport,bus_stop,Bus Stop,20
INVERLOCH,BASS COAST,20740,Gippsland,recreation,nature_reserve,Nature Reserve,5
INVERLOCH,BASS COAST,20740,Gippsland,recreation,park,Park,60
INVERLOCH,BASS COAST,20740,Gippsland,recreation,playground,Playground,8
INVERLOCH,BASS COAST,20740,Gippsland,recreation,sports_centre,Sports Centre,2
INVERLOCH,BASS COAST,20740,Gippsland,shopping,supermarket,Supermarket,2
INVERLOCH,SOUTH GIPPSLAND,26170,Gippsland,recreation,nature_reserve,Nature Reserve,4
INVERMAY,BALLARAT,20570,Central Highlands,education,school,School,2
INVERMAY,BALLARAT,20570,Central Highlands,public_transport,railway_halt,Railway Halt,1
INVERMAY,BALLARAT,20570,Central Highlands,recreation,playground,Playground,2
INVERMAY,BALLARAT,20570,Central Highlands,recreation,sports_centre,Sports Centre,4
INVERMAY PARK,BALLARAT,20570,Central Highlands,education,school,School,2
INVERMAY PARK,BALLARAT,20570,Central Highlands,public_transport,bus_stop,Bus Stop,13
INVERMAY PARK,BALLARAT,20570,Central Highlands,public_transport,stop_position,Public Transport Stop Position,1
INVERMAY PARK,BALLARAT,20570,Central Highlands,recreation,garden,Garden,16
INVERMAY PARK,BALLARAT,20570,Central Highlands,recreation,park,Park,14
INVERMAY PARK,BALLARAT,20570,Central Highlands,recreation,playground,Playground,4
IRAAK,MILDURA,24780,Mallee,recreation,nature_reserve,Nature Reserve,3
IRONBARK,GREATER BENDIGO,22620,Loddon Campaspe,community,social_facility,Social Facility,6
IRONBARK,GREATER BENDIGO,22620,Loddon Campaspe,education,school,School,2
IRONBARK,GREATER BENDIGO,22620,Loddon Campaspe,healthcare,clinic,Clinic,2
IRONBARK,GREATER BENDIGO,22620,Loddon Campaspe,healthcare,doctor,Doctor,2
IRONBARK,GREATER BENDIGO,22620,Loddon Campaspe,public_transport,bus_stop,Bus Stop,16
IRONBARK,GREATER BENDIGO,22620,Loddon Campaspe,recreation,garden,Garden,68
IRONBARK,GREATER BENDIGO,22620,Loddon Campaspe,recreation,park,Park,5
IRONBARK,GREATER BENDIGO,22620,Loddon Campaspe,recreation,playground,Playground,10
IRONBARK,GREATER BENDIGO,22620,Loddon Campaspe,recreation,sports_centre,Sports Centre,6
IRREWARRA,COLAC OTWAY,21750,Barwon,recreation,nature_reserve,Nature Reserve,2
IRREWARRA,COLAC OTWAY,21750,Barwon,recreation,sports_centre,Sports Centre,2
IRREWILLIPE EAST,COLAC OTWAY,21750,Barwon,recreation,nature_reserve,Nature Reserve,1
IRYMPLE,MILDURA,24780,Mallee,community,community_centre,Community Centre,4
IRYMPLE,MILDURA,24780,Mallee,community,social_facility,Social Facility,2
IRYMPLE,MILDURA,24780,Mallee,education,kindergarten,Kindergarten,6
IRYMPLE,MILDURA,24780,Mallee,education,school,School,10
IRYMPLE,MILDURA,24780,Mallee,healthcare,clinic,Clinic,1
IRYMPLE,MILDURA,24780,Mallee,healthcare,dentist,Dentist,1
IRYMPLE,MILDURA,24780,Mallee,public_transport,bus_stop,Bus Stop,19
IRYMPLE,MILDURA,24780,Mallee,public_transport,platform,Public Transport Platform,2
IRYMPLE,MILDURA,24780,Mallee,recreation,nature_reserve,Nature Reserve,7
IRYMPLE,MILDURA,24780,Mallee,recreation,park,Park,6
IRYMPLE,MILDURA,24780,Mallee,recreation,playground,Playground,10
IRYMPLE,MILDURA,24780,Mallee,recreation,sports_centre,Sports Centre,2
IRYMPLE,MILDURA,24780,Mallee,shopping,supermarket,Supermarket,2
JACKASS FLAT,GREATER BENDIGO,22620,Loddon Campaspe,education,childcare,Childcare Centre,2
JACKASS FLAT,GREATER BENDIGO,22620,Loddon Campaspe,public_transport,bus_stop,Bus Stop,9
JACKASS FLAT,GREATER BENDIGO,22620,Loddon Campaspe,recreation,nature_reserve,Nature Reserve,1
JACKASS FLAT,GREATER BENDIGO,22620,Loddon Campaspe,recreation,park,Park,4
JACKASS FLAT,GREATER BENDIGO,22620,Loddon Campaspe,recreation,playground,Playground,2
JACOB CREEK,BAW BAW,20830,Gippsland,recreation,nature_reserve,Nature Reserve,2
JAM JERRUP,BASS COAST,20740,Gippsland,public_transport,bus_stop,Bus Stop,1
JAMIESON,MANSFIELD,24250,Ovens Murray,education,school,School,2
JAMIESON,MANSFIELD,24250,Ovens Murray,recreation,nature_reserve,Nature Reserve,6
JAMIESON,MANSFIELD,24250,Ovens Murray,recreation,park,Park,8
JAMIESON,MANSFIELD,24250,Ovens Murray,recreation,playground,Playground,1
JAMIESON,MANSFIELD,24250,Ovens Murray,shopping,convenience_store,Convenience Store,2
JAN JUC,SURF COAST,26490,Barwon,education,kindergarten,Kindergarten,3
JAN JUC,SURF COAST,26490,Barwon,education,school,School,2
JAN JUC,SURF COAST,26490,Barwon,healthcare,doctor,Doctor,1
JAN JUC,SURF COAST,26490,Barwon,public_transport,bus_stop,Bus Stop,5
JAN JUC,SURF COAST,26490,Barwon,recreation,park,Park,24
JAN JUC,SURF COAST,26490,Barwon,recreation,playground,Playground,6
JAN JUC,SURF COAST,26490,Barwon,shopping,convenience_store,Convenience Store,2
JANCOURT EAST,COLAC OTWAY,21750,Barwon,recreation,nature_reserve,Nature Reserve,1
JANCOURT EAST,COLAC OTWAY,21750,Barwon,recreation,sports_centre,Sports Centre,2
JANCOURT EAST,CORANGAMITE,21830,Great South Coast,recreation,nature_reserve,Nature Reserve,3
JARVIS CREEK,TOWONG,26670,Ovens Murray,recreation,nature_reserve,Nature Reserve,2
JEERALANG JUNCTION,LATROBE,23810,Gippsland,recreation,nature_reserve,Nature Reserve,2
JEFFCOTT,BULOKE,21270,Mallee,recreation,nature_reserve,Nature Reserve,3
JEFFCOTT NORTH,BULOKE,21270,Mallee,recreation,nature_reserve,Nature Reserve,7
JEPARIT,HINDMARSH,22980,Wimmera Southern Mallee,community,community_centre,Community Centre,2
JEPARIT,HINDMARSH,22980,Wimmera Southern Mallee,community,town_hall,Town Hall,6
JEPARIT,HINDMARSH,22980,Wimmera Southern Mallee,education,kindergarten,Kindergarten,2
JEPARIT,HINDMARSH,22980,Wimmera Southern Mallee,education,school,School,2
JEPARIT,HINDMARSH,22980,Wimmera Southern Mallee,healthcare,hospital,Hospital,2
JEPARIT,HINDMARSH,22980,Wimmera Southern Mallee,healthcare,pharmacy,Pharmacy,2
JEPARIT,HINDMARSH,22980,Wimmera Southern Mallee,public_transport,bus_stop,Bus Stop,1
JEPARIT,HINDMARSH,22980,Wimmera Southern Mallee,recreation,nature_reserve,Nature Reserve,15
JEPARIT,HINDMARSH,22980,Wimmera Southern Mallee,recreation,park,Park,16
JEPARIT,HINDMARSH,22980,Wimmera Southern Mallee,recreation,playground,Playground,10
JEPARIT,HINDMARSH,22980,Wimmera Southern Mallee,recreation,sports_centre,Sports Centre,2
JEPARIT,HINDMARSH,22980,Wimmera Southern Mallee,shopping,supermarket,Supermarket,2
JERICHO,BAW BAW,20830,Gippsland,recreation,nature_reserve,Nature Reserve,1
JIL JIL,BULOKE,21270,Mallee,recreation,garden,Garden,2
JILPANGER,HORSHAM,23190,Wimmera Southern Mallee,recreation,nature_reserve,Nature Reserve,7
JINDIVICK,BAW BAW,20830,Gippsland,education,school,School,2
JINDIVICK,BAW BAW,20830,Gippsland,recreation,nature_reserve,Nature Reserve,1
JOEL JOEL,NORTHERN GRAMPIANS,25810,Wimmera Southern Mallee,recreation,nature_reserve,Nature Reserve,1
JOHANNA,COLAC OTWAY,21750,Barwon,recreation,nature_reserve,Nature Reserve,1
JOHNSONVILLE,EAST GIPPSLAND,22110,Gippsland,public_transport,bus_stop,Bus Stop,2
JOHNSONVILLE,EAST GIPPSLAND,22110,Gippsland,recreation,nature_reserve,Nature Reserve,3
JOHNSONVILLE,EAST GIPPSLAND,22110,Gippsland,recreation,park,Park,2
JOHNSONVILLE,EAST GIPPSLAND,22110,Gippsland,shopping,convenience_store,Convenience Store,1
JUMBUNNA,SOUTH GIPPSLAND,26170,Gippsland,recreation,park,Park,2
JUNG,HORSHAM,23190,Wimmera Southern Mallee,recreation,park,Park,2
JUNG,HORSHAM,23190,Wimmera Southern Mallee,recreation,playground,Playground,1
JUNG,YARRIAMBIACK,27630,Wimmera Southern Mallee,recreation,park,Park,2
JUNORTOUN,GREATER BENDIGO,22620,Loddon Campaspe,community,social_facility,Social Facility,2
JUNORTOUN,GREATER BENDIGO,22620,Loddon Campaspe,education,school,School,2
JUNORTOUN,GREATER BENDIGO,22620,Loddon Campaspe,public_transport,bus_stop,Bus Stop,15
JUNORTOUN,GREATER BENDIGO,22620,Loddon Campaspe,recreation,nature_reserve,Nature Reserve,10
JUNORTOUN,GREATER BENDIGO,22620,Loddon Campaspe,recreation,park,Park,4
JUNORTOUN,GREATER BENDIGO,22620,Loddon Campaspe,recreation,playground,Playground,3
KAARIMBA,MOIRA,24900,Goulburn,recreation,nature_reserve,Nature Reserve,4
KADNOOK,WEST WIMMERA,26890,Wimmera Southern Mallee,recreation,nature_reserve,Nature Reserve,7
KALIMNA,EAST GIPPSLAND,22110,Gippsland,public_transport,bus_stop,Bus Stop,12
KALIMNA,EAST GIPPSLAND,22110,Gippsland,public_transport,stop_position,Public Transport Stop Position,1
KALIMNA,EAST GIPPSLAND,22110,Gippsland,recreation,park,Park,2
KALIMNA WEST,EAST GIPPSLAND,22110,Gippsland,education,college,College,2
KALIMNA WEST,EAST GIPPSLAND,22110,Gippsland,public_transport,bus_stop,Bus Stop,2
KALIMNA WEST,EAST GIPPSLAND,22110,Gippsland,recreation,nature_reserve,Nature Reserve,1
KALIMNA WEST,EAST GIPPSLAND,22110,Gippsland,recreation,park,Park,2
KALPIENUNG,BULOKE,21270,Mallee,recreation,garden,Garden,8
KAMAROOKA,GREATER BENDIGO,22620,Loddon Campaspe,recreation,nature_reserve,Nature Reserve,4
KAMAROOKA,LODDON,23940,Loddon Campaspe,recreation,nature_reserve,Nature Reserve,3
KANAGULK,HORSHAM,23190,Wimmera Southern Mallee,community,community_centre,Community Centre,2
KANAGULK,HORSHAM,23190,Wimmera Southern Mallee,recreation,nature_reserve,Nature Reserve,8
KANGAROO FLAT,GREATER BENDIGO,22620,Loddon Campaspe,community,community_centre,Community Centre,4
KANGAROO FLAT,GREATER BENDIGO,22620,Loddon Campaspe,community,library,Library,2
KANGAROO FLAT,GREATER BENDIGO,22620,Loddon Campaspe,community,social_facility,Social Facility,6
KANGAROO FLAT,GREATER BENDIGO,22620,Loddon Campaspe,education,kindergarten,Kindergarten,10
KANGAROO FLAT,GREATER BENDIGO,22620,Loddon Campaspe,education,school,School,11
KANGAROO FLAT,GREATER BENDIGO,22620,Loddon Campaspe,healthcare,clinic,Clinic,4
KANGAROO FLAT,GREATER BENDIGO,22620,Loddon Campaspe,healthcare,doctor,Doctor,2
KANGAROO FLAT,GREATER BENDIGO,22620,Loddon Campaspe,healthcare,pharmacy,Pharmacy,3
KANGAROO FLAT,GREATER BENDIGO,22620,Loddon Campaspe,public_transport,bus_stop,Bus Stop,65
KANGAROO FLAT,GREATER BENDIGO,22620,Loddon Campaspe,public_transport,platform,Public Transport Platform,2
KANGAROO FLAT,GREATER BENDIGO,22620,Loddon Campaspe,public_transport,railway_station,Railway Station,1
KANGAROO FLAT,GREATER BENDIGO,22620,Loddon Campaspe,public_transport,stop_position,Public Transport Stop Position,1
KANGAROO FLAT,GREATER BENDIGO,22620,Loddon Campaspe,recreation,garden,Garden,2
KANGAROO FLAT,GREATER BENDIGO,22620,Loddon Campaspe,recreation,nature_reserve,Nature Reserve,6
KANGAROO FLAT,GREATER BENDIGO,22620,Loddon Campaspe,recreation,park,Park,50
KANGAROO FLAT,GREATER BENDIGO,22620,Loddon Campaspe,recreation,playground,Playground,27
KANGAROO FLAT,GREATER BENDIGO,22620,Loddon Campaspe,shopping,convenience_store,Convenience Store,2
KANGAROO FLAT,GREATER BENDIGO,22620,Loddon Campaspe,shopping,supermarket,Supermarket,7
KANIVA,WEST WIMMERA,26890,Wimmera Southern Mallee,community,community_centre,Community Centre,4
KANIVA,WEST WIMMERA,26890,Wimmera Southern Mallee,community,library,Library,1
KANIVA,WEST WIMMERA,26890,Wimmera Southern Mallee,education,school,School,1
KANIVA,WEST WIMMERA,26890,Wimmera Southern Mallee,healthcare,hospital,Hospital,2
KANIVA,WEST WIMMERA,26890,Wimmera Southern Mallee,public_transport,bus_stop,Bus Stop,3
KANIVA,WEST WIMMERA,26890,Wimmera Southern Mallee,public_transport,stop_position,Public Transport Stop Position,3
KANIVA,WEST WIMMERA,26890,Wimmera Southern Mallee,recreation,nature_reserve,Nature Reserve,39
KANIVA,WEST WIMMERA,26890,Wimmera Southern Mallee,recreation,park,Park,6
KANIVA,WEST WIMMERA,26890,Wimmera Southern Mallee,recreation,playground,Playground,2
KANIVA,WEST WIMMERA,26890,Wimmera Southern Mallee,recreation,sports_centre,Sports Centre,5
KANIVA,WEST WIMMERA,26890,Wimmera Southern Mallee,shopping,supermarket,Supermarket,1
KANUMBRA,MURRINDINDI,25620,Goulburn,public_transport,platform,Public Transport Platform,1
KANYA,NORTHERN GRAMPIANS,25810,Wimmera Southern Mallee,recreation,nature_reserve,Nature Reserve,2
KANYAPELLA,CAMPASPE,21370,Loddon Campaspe,recreation,nature_reserve,Nature Reserve,1
KARIAH,CORANGAMITE,21830,Great South Coast,recreation,nature_reserve,Nature Reserve,4
KARNAK,WEST WIMMERA,26890,Wimmera Southern Mallee,recreation,nature_reserve,Nature Reserve,10
KARRAMOMUS,GREATER SHEPPARTON,22830,Goulburn,recreation,sports_centre,Sports Centre,2
KATAMATITE,MOIRA,24900,Goulburn,community,town_hall,Town Hall,1
KATAMATITE,MOIRA,24900,Goulburn,education,school,School,2
KATAMATITE,MOIRA,24900,Goulburn,recreation,nature_reserve,Nature Reserve,2
KATAMATITE,MOIRA,24900,Goulburn,recreation,park,Park,8
KATAMATITE,MOIRA,24900,Goulburn,recreation,playground,Playground,2
KATAMATITE,MOIRA,24900,Goulburn,shopping,supermarket,Supermarket,1
KATANDRA,GREATER SHEPPARTON,22830,Goulburn,recreation,sports_centre,Sports Centre,2
KATANDRA WEST,GREATER SHEPPARTON,22830,Goulburn,community,community_centre,Community Centre,1
KATANDRA WEST,GREATER SHEPPARTON,22830,Goulburn,education,school,School,2
KATANDRA WEST,GREATER SHEPPARTON,22830,Goulburn,recreation,nature_reserve,Nature Reserve,2
KATANDRA WEST,GREATER SHEPPARTON,22830,Goulburn,recreation,park,Park,1
KATUNGA,MOIRA,24900,Goulburn,education,school,School,2
KATUNGA,MOIRA,24900,Goulburn,recreation,nature_reserve,Nature Reserve,2
KATUNGA,MOIRA,24900,Goulburn,shopping,convenience_store,Convenience Store,1
KAWARREN,COLAC OTWAY,21750,Barwon,recreation,garden,Garden,2
KAWARREN,COLAC OTWAY,21750,Barwon,recreation,nature_reserve,Nature Reserve,5
KELLALAC,YARRIAMBIACK,27630,Wimmera Southern Mallee,recreation,nature_reserve,Nature Reserve,2
KELLALAC,YARRIAMBIACK,27630,Wimmera Southern Mallee,recreation,park,Park,2
KELVIN VIEW,STRATHBOGIE,26430,Goulburn,recreation,nature_reserve,Nature Reserve,3
KENLEY,SWAN HILL,26610,Mallee,recreation,nature_reserve,Nature Reserve,2
KENMARE,HINDMARSH,22980,Wimmera Southern Mallee,recreation,garden,Garden,2
KENNETT RIVER,COLAC OTWAY,21750,Barwon,public_transport,bus_stop,Bus Stop,2
KENNETT RIVER,COLAC OTWAY,21750,Barwon,recreation,nature_reserve,Nature Reserve,1
KENNETT RIVER,COLAC OTWAY,21750,Barwon,shopping,convenience_store,Convenience Store,1
KENNINGTON,GREATER BENDIGO,22620,Loddon Campaspe,community,community_centre,Community Centre,2
KENNINGTON,GREATER BENDIGO,22620,Loddon Campaspe,community,social_facility,Social Facility,10
KENNINGTON,GREATER BENDIGO,22620,Loddon Campaspe,education,childcare,Childcare Centre,2
KENNINGTON,GREATER BENDIGO,22620,Loddon Campaspe,education,kindergarten,Kindergarten,6
KENNINGTON,GREATER BENDIGO,22620,Loddon Campaspe,education,school,School,5
KENNINGTON,GREATER BENDIGO,22620,Loddon Campaspe,healthcare,dentist,Dentist,2
KENNINGTON,GREATER BENDIGO,22620,Loddon Campaspe,public_transport,bus_stop,Bus Stop,27
KENNINGTON,GREATER BENDIGO,22620,Loddon Campaspe,recreation,nature_reserve,Nature Reserve,4
KENNINGTON,GREATER BENDIGO,22620,Loddon Campaspe,recreation,park,Park,23
KENNINGTON,GREATER BENDIGO,22620,Loddon Campaspe,recreation,playground,Playground,14
KENNINGTON,GREATER BENDIGO,22620,Loddon Campaspe,recreation,sports_centre,Sports Centre,2
KENNINGTON,GREATER BENDIGO,22620,Loddon Campaspe,shopping,convenience_store,Convenience Store,2
KENNINGTON,GREATER BENDIGO,22620,Loddon Campaspe,shopping,supermarket,Supermarket,3
KERANG,GANNAWARRA,22250,Mallee,community,community_centre,Community Centre,1
KERANG,GANNAWARRA,22250,Mallee,community,library,Library,1
KERANG,GANNAWARRA,22250,Mallee,education,school,School,10
KERANG,GANNAWARRA,22250,Mallee,healthcare,dentist,Dentist,1
KERANG,GANNAWARRA,22250,Mallee,healthcare,doctor,Doctor,1
KERANG,GANNAWARRA,22250,Mallee,healthcare,hospital,Hospital,2
KERANG,GANNAWARRA,22250,Mallee,healthcare,pharmacy,Pharmacy,1
KERANG,GANNAWARRA,22250,Mallee,public_transport,bus_stop,Bus Stop,1
KERANG,GANNAWARRA,22250,Mallee,public_transport,platform,Public Transport Platform,2
KERANG,GANNAWARRA,22250,Mallee,public_transport,railway_station,Railway Station,1
KERANG,GANNAWARRA,22250,Mallee,public_transport,station,Public Transport Station,2
KERANG,GANNAWARRA,22250,Mallee,public_transport,stop_position,Public Transport Stop Position,2
KERANG,GANNAWARRA,22250,Mallee,recreation,nature_reserve,Nature Reserve,6
KERANG,GANNAWARRA,22250,Mallee,recreation,park,Park,10
KERANG,GANNAWARRA,22250,Mallee,recreation,playground,Playground,1
KERANG,GANNAWARRA,22250,Mallee,recreation,sports_centre,Sports Centre,6
KERANG,GANNAWARRA,22250,Mallee,shopping,supermarket,Supermarket,3
KERANG EAST,GANNAWARRA,22250,Mallee,recreation,nature_reserve,Nature Reserve,3
KERGUNYAH,INDIGO,23350,Ovens Murray,community,town_hall,Town Hall,2
KERGUNYAH,INDIGO,23350,Ovens Murray,public_transport,bus_stop,Bus Stop,1
KERGUNYAH,INDIGO,23350,Ovens Murray,recreation,nature_reserve,Nature Reserve,4
KERGUNYAH,INDIGO,23350,Ovens Murray,shopping,convenience_store,Convenience Store,1
KERGUNYAH SOUTH,ALPINE,20110,Ovens Murray,public_transport,bus_stop,Bus Stop,1
KERRIE,MACEDON RANGES,24130,Loddon Campaspe,recreation,nature_reserve,Nature Reserve,2
KERRISDALE,MURRINDINDI,25620,Goulburn,recreation,nature_reserve,Nature Reserve,1
KEVINGTON,MANSFIELD,24250,Ovens Murray,recreation,nature_reserve,Nature Reserve,2
KIALLA,GREATER SHEPPARTON,22830,Goulburn,education,kindergarten,Kindergarten,2
KIALLA,GREATER SHEPPARTON,22830,Goulburn,education,school,School,4
KIALLA,GREATER SHEPPARTON,22830,Goulburn,healthcare,pharmacy,Pharmacy,1
KIALLA,GREATER SHEPPARTON,22830,Goulburn,public_transport,bus_stop,Bus Stop,26
KIALLA,GREATER SHEPPARTON,22830,Goulburn,public_transport,stop_position,Public Transport Stop Position,1
KIALLA,GREATER SHEPPARTON,22830,Goulburn,recreation,garden,Garden,2
KIALLA,GREATER SHEPPARTON,22830,Goulburn,recreation,park,Park,23
KIALLA,GREATER SHEPPARTON,22830,Goulburn,recreation,playground,Playground,4
KIALLA,GREATER SHEPPARTON,22830,Goulburn,shopping,convenience_store,Convenience Store,5
KIALLA,GREATER SHEPPARTON,22830,Goulburn,shopping,supermarket,Supermarket,1
KIALLA EAST,GREATER SHEPPARTON,22830,Goulburn,recreation,nature_reserve,Nature Reserve,2
KIALLA EAST,GREATER SHEPPARTON,22830,Goulburn,recreation,sports_centre,Sports Centre,2
KIALLA WEST,GREATER SHEPPARTON,22830,Goulburn,education,school,School,2
KIATA,HINDMARSH,22980,Wimmera Southern Mallee,public_transport,bus_stop,Bus Stop,2
KIATA,HINDMARSH,22980,Wimmera Southern Mallee,public_transport,stop_position,Public Transport Stop Position,2
KIATA,HINDMARSH,22980,Wimmera Southern Mallee,recreation,nature_reserve,Nature Reserve,7
KIATA,HINDMARSH,22980,Wimmera Southern Mallee,recreation,park,Park,2
KIEWA,INDIGO,23350,Ovens Murray,public_transport,bus_stop,Bus Stop,1
KIEWA,INDIGO,23350,Ovens Murray,recreation,sports_centre,Sports Centre,2
KILCUNDA,BASS COAST,20740,Gippsland,community,community_centre,Community Centre,3
KILCUNDA,BASS COAST,20740,Gippsland,public_transport,bus_stop,Bus Stop,4
KILCUNDA,BASS COAST,20740,Gippsland,recreation,nature_reserve,Nature Reserve,1
KILCUNDA,BASS COAST,20740,Gippsland,recreation,park,Park,8
KILCUNDA,BASS COAST,20740,Gippsland,recreation,playground,Playground,4
KILLARA (CASTERTON),GLENELG,22410,Great South Coast,recreation,nature_reserve,Nature Reserve,8
KILLARA (WODONGA),WODONGA,27170,Ovens Murray,recreation,park,Park,12
KILLARA (WODONGA),WODONGA,27170,Ovens Murray,recreation,playground,Playground,4
KILLARNEY,MOYNE,25490,Great South Coast,public_transport,bus_stop,Bus Stop,3
KILLARNEY,MOYNE,25490,Great South Coast,recreation,nature_reserve,Nature Reserve,2
KILLARNEY,MOYNE,25490,Great South Coast,recreation,park,Park,2
KILLAWARRA,WANGARATTA,26700,Ovens Murray,recreation,nature_reserve,Nature Reserve,13
KILLINGWORTH,MURRINDINDI,25620,Goulburn,recreation,nature_reserve,Nature Reserve,2
KILMORE,MITCHELL,24850,Goulburn,community,library,Library,1
KILMORE,MITCHELL,24850,Goulburn,community,social_facility,Social Facility,2
KILMORE,MITCHELL,24850,Goulburn,community,town_hall,Town Hall,1
KILMORE,MITCHELL,24850,Goulburn,education,school,School,6
KILMORE,MITCHELL,24850,Goulburn,healthcare,clinic,Clinic,2
KILMORE,MITCHELL,24850,Goulburn,healthcare,doctor,Doctor,2
KILMORE,MITCHELL,24850,Goulburn,healthcare,hospital,Hospital,2
KILMORE,MITCHELL,24850,Goulburn,recreation,park,Park,32
KILMORE,MITCHELL,24850,Goulburn,recreation,playground,Playground,6
KILMORE,MITCHELL,24850,Goulburn,recreation,sports_centre,Sports Centre,1
KILMORE,MITCHELL,24850,Goulburn,shopping,convenience_store,Convenience Store,2
KILMORE,MITCHELL,24850,Goulburn,shopping,supermarket,Supermarket,5
KILMORE EAST,MITCHELL,24850,Goulburn,public_transport,platform,Public Transport Platform,4
KILMORE EAST,MITCHELL,24850,Goulburn,public_transport,railway_station,Railway Station,1
KILMORE EAST,MITCHELL,24850,Goulburn,public_transport,stop_position,Public Transport Stop Position,2
KILMORE EAST,MITCHELL,24850,Goulburn,recreation,nature_reserve,Nature Reserve,4
KILMORE EAST,MITCHELL,24850,Goulburn,recreation,playground,Playground,2
KIMBOLTON,GREATER BENDIGO,22620,Loddon Campaspe,recreation,nature_reserve,Nature Reserve,2
KING VALLEY,WANGARATTA,26700,Ovens Murray,public_transport,bus_stop,Bus Stop,1
KINGLAKE,MURRINDINDI,25620,Goulburn,education,school,School,2
KINGLAKE,MURRINDINDI,25620,Goulburn,public_transport,bus_stop,Bus Stop,3
KINGLAKE,MURRINDINDI,25620,Goulburn,recreation,nature_reserve,Nature Reserve,2
KINGLAKE,MURRINDINDI,25620,Goulburn,recreation,playground,Playground,1
KINGLAKE,MURRINDINDI,25620,Goulburn,shopping,convenience_store,Convenience Store,2
KINGLAKE,MURRINDINDI,25620,Goulburn,shopping,supermarket,Supermarket,1
KINGLAKE CENTRAL,MURRINDINDI,25620,Goulburn,education,school,School,2
KINGLAKE CENTRAL,MURRINDINDI,25620,Goulburn,public_transport,bus_stop,Bus Stop,9
KINGLAKE CENTRAL,MURRINDINDI,25620,Goulburn,recreation,park,Park,2
KINGLAKE WEST,MURRINDINDI,25620,Goulburn,education,school,School,2
KINGLAKE WEST,MURRINDINDI,25620,Goulburn,public_transport,bus_stop,Bus Stop,11
KINGLAKE WEST,MURRINDINDI,25620,Goulburn,recreation,nature_reserve,Nature Reserve,4
KINGLAKE WEST,MURRINDINDI,25620,Goulburn,recreation,park,Park,2
KINGOWER,LODDON,23940,Loddon Campaspe,recreation,nature_reserve,Nature Reserve,4
KINGSTON,HEPBURN,22910,Central Highlands,recreation,nature_reserve,Nature Reserve,1
KINNABULLA,BULOKE,21270,Mallee,recreation,nature_reserve,Nature Reserve,6
KINYPANIAL,LODDON,23940,Loddon Campaspe,recreation,nature_reserve,Nature Reserve,2
KIRKSTALL,MOYNE,25490,Great South Coast,recreation,park,Park,2
KIRKSTALL,MOYNE,25490,Great South Coast,recreation,playground,Playground,2
KITHBROOK,STRATHBOGIE,26430,Goulburn,recreation,nature_reserve,Nature Reserve,2
KNOCKWOOD,MANSFIELD,24250,Ovens Murray,recreation,nature_reserve,Nature Reserve,1
KNOWSLEY,GREATER BENDIGO,22620,Loddon Campaspe,public_transport,bus_stop,Bus Stop,2
KNOWSLEY,GREATER BENDIGO,22620,Loddon Campaspe,recreation,nature_reserve,Nature Reserve,3
KNOWSLEY,GREATER BENDIGO,22620,Loddon Campaspe,recreation,sports_centre,Sports Centre,2
KOALLAH,CORANGAMITE,21830,Great South Coast,recreation,nature_reserve,Nature Reserve,2
KOETONG,TOWONG,26670,Ovens Murray,recreation,nature_reserve,Nature Reserve,2
KONGWAK,SOUTH GIPPSLAND,26170,Gippsland,education,school,School,2
KOOLOONONG,SWAN HILL,26610,Mallee,recreation,nature_reserve,Nature Reserve,6
KOONDA,STRATHBOGIE,26430,Goulburn,recreation,nature_reserve,Nature Reserve,1
KOONDROOK,GANNAWARRA,22250,Mallee,education,school,School,2
KOONDROOK,GANNAWARRA,22250,Mallee,public_transport,platform,Public Transport Platform,1
KOONDROOK,GANNAWARRA,22250,Mallee,recreation,park,Park,3
KOONDROOK,GANNAWARRA,22250,Mallee,recreation,playground,Playground,4
KOONDROOK,GANNAWARRA,22250,Mallee,shopping,convenience_store,Convenience Store,2
KOONWARRA,SOUTH GIPPSLAND,26170,Gippsland,education,school,School,2
KOONWARRA,SOUTH GIPPSLAND,26170,Gippsland,public_transport,bus_stop,Bus Stop,1
KOONWARRA,SOUTH GIPPSLAND,26170,Gippsland,recreation,nature_reserve,Nature Reserve,3
KOONWARRA,SOUTH GIPPSLAND,26170,Gippsland,recreation,park,Park,6
KOOREH,NORTHERN GRAMPIANS,25810,Wimmera Southern Mallee,community,community_centre,Community Centre,2
KOOREH,NORTHERN GRAMPIANS,25810,Wimmera Southern Mallee,recreation,nature_reserve,Nature Reserve,2
KOORLONG,MILDURA,24780,Mallee,education,school,School,2
KOORLONG,MILDURA,24780,Mallee,recreation,garden,Garden,8
KOORLONG,MILDURA,24780,Mallee,recreation,nature_reserve,Nature Reserve,3
KOORNALLA,LATROBE,23810,Gippsland,recreation,nature_reserve,Nature Reserve,1
KOOROOL,WELLINGTON,26810,Gippsland,recreation,nature_reserve,Nature Reserve,1
KORIELLA,MURRINDINDI,25620,Goulburn,public_transport,platform,Public Transport Platform,2
KOROIT,MOYNE,25490,Great South Coast,education,school,School,4
KOROIT,MOYNE,25490,Great South Coast,public_transport,bus_stop,Bus Stop,10
KOROIT,MOYNE,25490,Great South Coast,public_transport,platform,Public Transport Platform,2
KOROIT,MOYNE,25490,Great South Coast,recreation,garden,Garden,4
KOROIT,MOYNE,25490,Great South Coast,recreation,park,Park,6
KOROIT,MOYNE,25490,Great South Coast,recreation,playground,Playground,4
KOROIT,MOYNE,25490,Great South Coast,recreation,sports_centre,Sports Centre,2
KOROIT,MOYNE,25490,Great South Coast,shopping,supermarket,Supermarket,1
KORONG VALE,LODDON,23940,Loddon Campaspe,public_transport,bus_stop,Bus Stop,2
KORONG VALE,LODDON,23940,Loddon Campaspe,recreation,nature_reserve,Nature Reserve,1
KORONG VALE,LODDON,23940,Loddon Campaspe,recreation,sports_centre,Sports Centre,4
KORUMBURRA,SOUTH GIPPSLAND,26170,Gippsland,community,town_hall,Town Hall,2
KORUMBURRA,SOUTH GIPPSLAND,26170,Gippsland,education,school,School,5
KORUMBURRA,SOUTH GIPPSLAND,26170,Gippsland,healthcare,dentist,Dentist,2
KORUMBURRA,SOUTH GIPPSLAND,26170,Gippsland,healthcare,doctor,Doctor,1
KORUMBURRA,SOUTH GIPPSLAND,26170,Gippsland,healthcare,hospital,Hospital,2
KORUMBURRA,SOUTH GIPPSLAND,26170,Gippsland,public_transport,bus_stop,Bus Stop,8
KORUMBURRA,SOUTH GIPPSLAND,26170,Gippsland,recreation,nature_reserve,Nature Reserve,2
KORUMBURRA,SOUTH GIPPSLAND,26170,Gippsland,recreation,park,Park,14
KORUMBURRA,SOUTH GIPPSLAND,26170,Gippsland,recreation,playground,Playground,5
KORUMBURRA,SOUTH GIPPSLAND,26170,Gippsland,recreation,sports_centre,Sports Centre,6
KORUMBURRA,SOUTH GIPPSLAND,26170,Gippsland,shopping,convenience_store,Convenience Store,2
KORUMBURRA,SOUTH GIPPSLAND,26170,Gippsland,shopping,supermarket,Supermarket,1
KORWEINGUBOORA,MOORABOOL,25150,Central Highlands,public_transport,bus_stop,Bus Stop,2
KOTTA,CAMPASPE,21370,Loddon Campaspe,recreation,nature_reserve,Nature Reserve,4
KOTUPNA,MOIRA,24900,Goulburn,recreation,nature_reserve,Nature Reserve,7
KULWIN,MILDURA,24780,Mallee,public_transport,platform,Public Transport Platform,1
KULWIN,MILDURA,24780,Mallee,recreation,nature_reserve,Nature Reserve,8
KURTING,LODDON,23940,Loddon Campaspe,recreation,nature_reserve,Nature Reserve,4
KYABRAM,CAMPASPE,21370,Loddon Campaspe,community,community_centre,Community Centre,1
KYABRAM,CAMPASPE,21370,Loddon Campaspe,community,library,Library,1
KYABRAM,CAMPASPE,21370,Loddon Campaspe,community,social_facility,Social Facility,1
KYABRAM,CAMPASPE,21370,Loddon Campaspe,community,town_hall,Town Hall,1
KYABRAM,CAMPASPE,21370,Loddon Campaspe,education,kindergarten,Kindergarten,2
KYABRAM,CAMPASPE,21370,Loddon Campaspe,education,school,School,6
KYABRAM,CAMPASPE,21370,Loddon Campaspe,healthcare,hospital,Hospital,3
KYABRAM,CAMPASPE,21370,Loddon Campaspe,healthcare,pharmacy,Pharmacy,1
KYABRAM,CAMPASPE,21370,Loddon Campaspe,public_transport,bus_stop,Bus Stop,1
KYABRAM,CAMPASPE,21370,Loddon Campaspe,public_transport,platform,Public Transport Platform,2
KYABRAM,CAMPASPE,21370,Loddon Campaspe,recreation,garden,Garden,2
KYABRAM,CAMPASPE,21370,Loddon Campaspe,recreation,nature_reserve,Nature Reserve,4
KYABRAM,CAMPASPE,21370,Loddon Campaspe,recreation,park,Park,24
KYABRAM,CAMPASPE,21370,Loddon Campaspe,recreation,playground,Playground,11
KYABRAM,CAMPASPE,21370,Loddon Campaspe,recreation,sports_centre,Sports Centre,2
KYABRAM,CAMPASPE,21370,Loddon Campaspe,shopping,convenience_store,Convenience Store,2
KYABRAM,CAMPASPE,21370,Loddon Campaspe,shopping,supermarket,Supermarket,2
KYNETON,MACEDON RANGES,24130,Loddon Campaspe,community,community_centre,Community Centre,3
KYNETON,MACEDON RANGES,24130,Loddon Campaspe,community,library,Library,2
KYNETON,MACEDON RANGES,24130,Loddon Campaspe,community,social_facility,Social Facility,5
KYNETON,MACEDON RANGES,24130,Loddon Campaspe,community,town_hall,Town Hall,2
KYNETON,MACEDON RANGES,24130,Loddon Campaspe,education,childcare,Childcare Centre,2
KYNETON,MACEDON RANGES,24130,Loddon Campaspe,education,kindergarten,Kindergarten,1
KYNETON,MACEDON RANGES,24130,Loddon Campaspe,education,school,School,8
KYNETON,MACEDON RANGES,24130,Loddon Campaspe,healthcare,doctor,Doctor,2
KYNETON,MACEDON RANGES,24130,Loddon Campaspe,healthcare,hospital,Hospital,2
KYNETON,MACEDON RANGES,24130,Loddon Campaspe,healthcare,pharmacy,Pharmacy,2
KYNETON,MACEDON RANGES,24130,Loddon Campaspe,public_transport,bus_stop,Bus Stop,33
KYNETON,MACEDON RANGES,24130,Loddon Campaspe,public_transport,platform,Public Transport Platform,2
KYNETON,MACEDON RANGES,24130,Loddon Campaspe,public_transport,railway_station,Railway Station,1
KYNETON,MACEDON RANGES,24130,Loddon Campaspe,public_transport,stop_position,Public Transport Stop Position,4
KYNETON,MACEDON RANGES,24130,Loddon Campaspe,recreation,garden,Garden,3
KYNETON,MACEDON RANGES,24130,Loddon Campaspe,recreation,nature_reserve,Nature Reserve,8
KYNETON,MACEDON RANGES,24130,Loddon Campaspe,recreation,park,Park,32
KYNETON,MACEDON RANGES,24130,Loddon Campaspe,recreation,playground,Playground,17
KYNETON,MACEDON RANGES,24130,Loddon Campaspe,recreation,sports_centre,Sports Centre,8
KYNETON,MACEDON RANGES,24130,Loddon Campaspe,shopping,convenience_store,Convenience Store,5
KYNETON,MACEDON RANGES,24130,Loddon Campaspe,shopping,supermarket,Supermarket,3
KYNETON SOUTH,MACEDON RANGES,24130,Loddon Campaspe,recreation,nature_reserve,Nature Reserve,2
LAANECOORIE,LODDON,23940,Loddon Campaspe,recreation,nature_reserve,Nature Reserve,2
LAANECOORIE,LODDON,23940,Loddon Campaspe,recreation,sports_centre,Sports Centre,2
LAANG,MOYNE,25490,Great South Coast,recreation,sports_centre,Sports Centre,2
LABERTOUCHE,BAW BAW,20830,Gippsland,education,school,School,2
LABERTOUCHE,BAW BAW,20830,Gippsland,recreation,nature_reserve,Nature Reserve,1
LAEN,YARRIAMBIACK,27630,Wimmera Southern Mallee,recreation,nature_reserve,Nature Reserve,3
LAEN EAST,BULOKE,21270,Mallee,recreation,nature_reserve,Nature Reserve,2
LAEN NORTH,BULOKE,21270,Mallee,recreation,nature_reserve,Nature Reserve,2
LAHARUM,HORSHAM,23190,Wimmera Southern Mallee,community,community_centre,Community Centre,1
LAHARUM,HORSHAM,23190,Wimmera Southern Mallee,education,school,School,2
LAHARUM,HORSHAM,23190,Wimmera Southern Mallee,recreation,nature_reserve,Nature Reserve,2
LAKE BOGA,SWAN HILL,26610,Mallee,community,community_centre,Community Centre,2
LAKE BOGA,SWAN HILL,26610,Mallee,education,kindergarten,Kindergarten,2
LAKE BOGA,SWAN HILL,26610,Mallee,education,school,School,2
LAKE BOGA,SWAN HILL,26610,Mallee,public_transport,platform,Public Transport Platform,2
LAKE BOGA,SWAN HILL,26610,Mallee,public_transport,stop_position,Public Transport Stop Position,2
LAKE BOGA,SWAN HILL,26610,Mallee,recreation,nature_reserve,Nature Reserve,1
LAKE BOGA,SWAN HILL,26610,Mallee,recreation,park,Park,12
LAKE BOGA,SWAN HILL,26610,Mallee,recreation,playground,Playground,2
LAKE BOGA,SWAN HILL,26610,Mallee,shopping,convenience_store,Convenience Store,2
LAKE BOLAC,ARARAT,20260,Central Highlands,community,community_centre,Community Centre,1
LAKE BOLAC,ARARAT,20260,Central Highlands,community,library,Library,1
LAKE BOLAC,ARARAT,20260,Central Highlands,education,school,School,2
LAKE BOLAC,ARARAT,20260,Central Highlands,public_transport,bus_stop,Bus Stop,3
LAKE BOLAC,ARARAT,20260,Central Highlands,public_transport,stop_position,Public Transport Stop Position,1
LAKE BOLAC,ARARAT,20260,Central Highlands,recreation,nature_reserve,Nature Reserve,1
LAKE BOLAC,ARARAT,20260,Central Highlands,recreation,playground,Playground,1
LAKE BOLAC,ARARAT,20260,Central Highlands,shopping,supermarket,Supermarket,1
LAKE CHARM,GANNAWARRA,22250,Mallee,education,school,School,2
LAKE CHARM,GANNAWARRA,22250,Mallee,public_transport,bus_stop,Bus Stop,1
LAKE CHARM,GANNAWARRA,22250,Mallee,public_transport,stop_position,Public Transport Stop Position,1
LAKE CHARM,GANNAWARRA,22250,Mallee,recreation,nature_reserve,Nature Reserve,11
LAKE CONDAH,GLENELG,22410,Great South Coast,recreation,nature_reserve,Nature Reserve,3
LAKE EILDON,MANSFIELD,24250,Ovens Murray,recreation,nature_reserve,Nature Reserve,1
LAKE EILDON,MANSFIELD,24250,Ovens Murray,recreation,park,Park,2
LAKE FYANS,NORTHERN GRAMPIANS,25810,Wimmera Southern Mallee,recreation,nature_reserve,Nature Reserve,2
LAKE GARDENS,BALLARAT,20570,Central Highlands,education,school,School,4
LAKE GARDENS,BALLARAT,20570,Central Highlands,public_transport,bus_stop,Bus Stop,3
LAKE GARDENS,BALLARAT,20570,Central Highlands,public_transport,platform,Public Transport Platform,1
LAKE GARDENS,BALLARAT,20570,Central Highlands,public_transport,railway_station,Railway Station,1
LAKE GARDENS,BALLARAT,20570,Central Highlands,public_transport,stop_position,Public Transport Stop Position,3
LAKE GARDENS,BALLARAT,20570,Central Highlands,recreation,park,Park,17
LAKE GARDENS,BALLARAT,20570,Central Highlands,recreation,playground,Playground,4
LAKE GOLDSMITH,PYRENEES,25990,Central Highlands,recreation,nature_reserve,Nature Reserve,1
LAKE LONSDALE,NORTHERN GRAMPIANS,25810,Wimmera Southern Mallee,recreation,nature_reserve,Nature Reserve,1
LAKE MERAN,GANNAWARRA,22250,Mallee,recreation,nature_reserve,Nature Reserve,3
LAKE MERAN,GANNAWARRA,22250,Mallee,recreation,playground,Playground,1
LAKE MERAN,GANNAWARRA,22250,Mallee,recreation,sports_centre,Sports Centre,2
LAKE MERAN,LODDON,23940,Loddon Campaspe,recreation,nature_reserve,Nature Reserve,1
LAKE MUNDI,GLENELG,22410,Great South Coast,recreation,nature_reserve,Nature Reserve,15
LAKE POWELL,SWAN HILL,26610,Mallee,recreation,garden,Garden,4
LAKE POWELL,SWAN HILL,26610,Mallee,recreation,nature_reserve,Nature Reserve,2
LAKE ROWAN,MOIRA,24900,Goulburn,community,community_centre,Community Centre,2
LAKE ROWAN,MOIRA,24900,Goulburn,recreation,nature_reserve,Nature Reserve,3
LAKE TYERS BEACH,EAST GIPPSLAND,22110,Gippsland,recreation,nature_reserve,Nature Reserve,1
LAKE TYERS BEACH,EAST GIPPSLAND,22110,Gippsland,recreation,playground,Playground,1
LAKE TYRRELL,BULOKE,21270,Mallee,recreation,nature_reserve,Nature Reserve,2
LAKE WELLINGTON,WELLINGTON,26810,Gippsland,recreation,nature_reserve,Nature Reserve,8
LAKE WENDOUREE,BALLARAT,20570,Central Highlands,community,social_facility,Social Facility,2
LAKE WENDOUREE,BALLARAT,20570,Central Highlands,education,kindergarten,Kindergarten,2
LAKE WENDOUREE,BALLARAT,20570,Central Highlands,education,school,School,4
LAKE WENDOUREE,BALLARAT,20570,Central Highlands,healthcare,hospital,Hospital,4
LAKE WENDOUREE,BALLARAT,20570,Central Highlands,public_transport,bus_stop,Bus Stop,20
LAKE WENDOUREE,BALLARAT,20570,Central Highlands,public_transport,tram_stop,Tram Stop,10
LAKE WENDOUREE,BALLARAT,20570,Central Highlands,recreation,garden,Garden,23
LAKE WENDOUREE,BALLARAT,20570,Central Highlands,recreation,park,Park,9
LAKE WENDOUREE,BALLARAT,20570,Central Highlands,recreation,playground,Playground,10
LAKE WENDOUREE,BALLARAT,20570,Central Highlands,recreation,sports_centre,Sports Centre,2
LAKE WONGAN,PYRENEES,25990,Central Highlands,recreation,nature_reserve,Nature Reserve,2
LAKES ENTRANCE,EAST GIPPSLAND,22110,Gippsland,community,library,Library,1
LAKES ENTRANCE,EAST GIPPSLAND,22110,Gippsland,community,town_hall,Town Hall,1
LAKES ENTRANCE,EAST GIPPSLAND,22110,Gippsland,education,college,College,2
LAKES ENTRANCE,EAST GIPPSLAND,22110,Gippsland,education,school,School,6
LAKES ENTRANCE,EAST GIPPSLAND,22110,Gippsland,healthcare,clinic,Clinic,1
LAKES ENTRANCE,EAST GIPPSLAND,22110,Gippsland,healthcare,pharmacy,Pharmacy,1
LAKES ENTRANCE,EAST GIPPSLAND,22110,Gippsland,public_transport,bus_stop,Bus Stop,46
LAKES ENTRANCE,EAST GIPPSLAND,22110,Gippsland,public_transport,stop_position,Public Transport Stop Position,4
LAKES ENTRANCE,EAST GIPPSLAND,22110,Gippsland,recreation,nature_reserve,Nature Reserve,1
LAKES ENTRANCE,EAST GIPPSLAND,22110,Gippsland,recreation,park,Park,15
LAKES ENTRANCE,EAST GIPPSLAND,22110,Gippsland,recreation,playground,Playground,7
LAKES ENTRANCE,EAST GIPPSLAND,22110,Gippsland,recreation,sports_centre,Sports Centre,4
LAKES ENTRANCE,EAST GIPPSLAND,22110,Gippsland,shopping,supermarket,Supermarket,4
LAL LAL,MOORABOOL,25150,Central Highlands,community,community_centre,Community Centre,2
LAL LAL,MOORABOOL,25150,Central Highlands,education,school,School,2
LAL LAL,MOORABOOL,25150,Central Highlands,public_transport,platform,Public Transport Platform,1
LAL LAL,MOORABOOL,25150,Central Highlands,recreation,nature_reserve,Nature Reserve,2
LALBERT,GANNAWARRA,22250,Mallee,public_transport,bus_stop,Bus Stop,2
LALBERT,GANNAWARRA,22250,Mallee,recreation,garden,Garden,46
LALBERT,GANNAWARRA,22250,Mallee,recreation,nature_reserve,Nature Reserve,4
LANCASTER,CAMPASPE,21370,Loddon Campaspe,education,school,School,2
LANCASTER,CAMPASPE,21370,Loddon Campaspe,public_transport,bus_stop,Bus Stop,2
LANCEFIELD,MACEDON RANGES,24130,Loddon Campaspe,community,social_facility,Social Facility,2
LANCEFIELD,MACEDON RANGES,24130,Loddon Campaspe,education,school,School,3
LANCEFIELD,MACEDON RANGES,24130,Loddon Campaspe,recreation,nature_reserve,Nature Reserve,4
LANCEFIELD,MACEDON RANGES,24130,Loddon Campaspe,shopping,supermarket,Supermarket,1
LANDSBOROUGH,PYRENEES,25990,Central Highlands,education,school,School,2
LANDSBOROUGH,PYRENEES,25990,Central Highlands,recreation,nature_reserve,Nature Reserve,10
LANDSBOROUGH,PYRENEES,25990,Central Highlands,recreation,park,Park,2
LANDSBOROUGH,PYRENEES,25990,Central Highlands,recreation,playground,Playground,1
LANDSBOROUGH WEST,PYRENEES,25990,Central Highlands,recreation,nature_reserve,Nature Reserve,3
LANG LANG,BASS COAST,20740,Gippsland,public_transport,bus_stop,Bus Stop,1
LANG LANG,BASS COAST,20740,Gippsland,recreation,nature_reserve,Nature Reserve,2
LANG LANG,SOUTH GIPPSLAND,26170,Gippsland,recreation,nature_reserve,Nature Reserve,1
LANGKOOP,WEST WIMMERA,26890,Wimmera Southern Mallee,community,community_centre,Community Centre,2
LANGKOOP,WEST WIMMERA,26890,Wimmera Southern Mallee,recreation,nature_reserve,Nature Reserve,6
LANGLEY,MOUNT ALEXANDER,25430,Loddon Campaspe,education,school,School,2
LANGLEY,MOUNT ALEXANDER,25430,Loddon Campaspe,recreation,nature_reserve,Nature Reserve,1
LANGSBOROUGH,WELLINGTON,26810,Gippsland,recreation,nature_reserve,Nature Reserve,1
LARA,GREATER GEELONG,22750,Barwon,community,community_centre,Community Centre,8
LARA,GREATER GEELONG,22750,Barwon,community,library,Library,2
LARA,GREATER GEELONG,22750,Barwon,community,social_facility,Social Facility,6
LARA,GREATER GEELONG,22750,Barwon,education,childcare,Childcare Centre,5
LARA,GREATER GEELONG,22750,Barwon,education,kindergarten,Kindergarten,9
LARA,GREATER GEELONG,22750,Barwon,education,school,School,8
LARA,GREATER GEELONG,22750,Barwon,healthcare,dentist,Dentist,5
LARA,GREATER GEELONG,22750,Barwon,healthcare,doctor,Doctor,8
LARA,GREATER GEELONG,22750,Barwon,healthcare,pharmacy,Pharmacy,2
LARA,GREATER GEELONG,22750,Barwon,public_transport,bus_stop,Bus Stop,36
LARA,GREATER GEELONG,22750,Barwon,public_transport,platform,Public Transport Platform,2
LARA,GREATER GEELONG,22750,Barwon,public_transport,railway_station,Railway Station,1
LARA,GREATER GEELONG,22750,Barwon,public_transport,stop_position,Public Transport Stop Position,5
LARA,GREATER GEELONG,22750,Barwon,recreation,garden,Garden,6
LARA,GREATER GEELONG,22750,Barwon,recreation,nature_reserve,Nature Reserve,2
LARA,GREATER GEELONG,22750,Barwon,recreation,park,Park,100
LARA,GREATER GEELONG,22750,Barwon,recreation,playground,Playground,43
LARA,GREATER GEELONG,22750,Barwon,recreation,sports_centre,Sports Centre,4
LARA,GREATER GEELONG,22750,Barwon,shopping,convenience_store,Convenience Store,4
LARA,GREATER GEELONG,22750,Barwon,shopping,supermarket,Supermarket,5
LARDNER,BAW BAW,20830,Gippsland,community,community_centre,Community Centre,2
LARDNER,BAW BAW,20830,Gippsland,education,school,School,2
LARDNER,BAW BAW,20830,Gippsland,recreation,park,Park,2
LARPENT,COLAC OTWAY,21750,Barwon,recreation,sports_centre,Sports Centre,2
LARRALEA,CORANGAMITE,21830,Great South Coast,recreation,nature_reserve,Nature Reserve,1
LASCELLES,YARRIAMBIACK,27630,Wimmera Southern Mallee,public_transport,bus_stop,Bus Stop,2
LASCELLES,YARRIAMBIACK,27630,Wimmera Southern Mallee,recreation,nature_reserve,Nature Reserve,4
LASCELLES,YARRIAMBIACK,27630,Wimmera Southern Mallee,recreation,park,Park,2
LASCELLES,YARRIAMBIACK,27630,Wimmera Southern Mallee,recreation,playground,Playground,2
LAURISTON,MACEDON RANGES,24130,Loddon Campaspe,community,community_centre,Community Centre,2
LAURISTON,MACEDON RANGES,24130,Loddon Campaspe,recreation,nature_reserve,Nature Reserve,3
LAURISTON,MACEDON RANGES,24130,Loddon Campaspe,recreation,playground,Playground,1
LAVERS HILL,COLAC OTWAY,21750,Barwon,education,school,School,2
LAVERS HILL,COLAC OTWAY,21750,Barwon,public_transport,bus_stop,Bus Stop,2
LAWLER,YARRIAMBIACK,27630,Wimmera Southern Mallee,recreation,nature_reserve,Nature Reserve,2
LAWLOIT,WEST WIMMERA,26890,Wimmera Southern Mallee,recreation,nature_reserve,Nature Reserve,1
LEAGHUR,LODDON,23940,Loddon Campaspe,recreation,nature_reserve,Nature Reserve,3
LEARMONTH,BALLARAT,20570,Central Highlands,recreation,nature_reserve,Nature Reserve,2
LEARMONTH,BALLARAT,20570,Central Highlands,recreation,park,Park,4
LEARMONTH,BALLARAT,20570,Central Highlands,recreation,playground,Playground,1
LEDCOURT,NORTHERN GRAMPIANS,25810,Wimmera Southern Mallee,recreation,nature_reserve,Nature Reserve,4
LEICHARDT,LODDON,23940,Loddon Campaspe,recreation,nature_reserve,Nature Reserve,1
LEITCHVILLE,GANNAWARRA,22250,Mallee,community,community_centre,Community Centre,4
LEITCHVILLE,GANNAWARRA,22250,Mallee,community,library,Library,2
LEITCHVILLE,GANNAWARRA,22250,Mallee,education,kindergarten,Kindergarten,2
LEITCHVILLE,GANNAWARRA,22250,Mallee,education,school,School,2
LEITCHVILLE,GANNAWARRA,22250,Mallee,public_transport,bus_stop,Bus Stop,1
LEITCHVILLE,GANNAWARRA,22250,Mallee,public_transport,platform,Public Transport Platform,1
LEITCHVILLE,GANNAWARRA,22250,Mallee,recreation,nature_reserve,Nature Reserve,1
LEITCHVILLE,GANNAWARRA,22250,Mallee,recreation,playground,Playground,4
LEITCHVILLE,GANNAWARRA,22250,Mallee,recreation,sports_centre,Sports Centre,4
LEITCHVILLE,GANNAWARRA,22250,Mallee,shopping,supermarket,Supermarket,2
LEMNOS,GREATER SHEPPARTON,22830,Goulburn,education,school,School,4
LEMNOS,GREATER SHEPPARTON,22830,Goulburn,recreation,park,Park,2
LENEVA,WODONGA,27170,Ovens Murray,education,school,School,4
LENEVA,WODONGA,27170,Ovens Murray,public_transport,bus_stop,Bus Stop,1
LENEVA,WODONGA,27170,Ovens Murray,recreation,park,Park,18
LENEVA,WODONGA,27170,Ovens Murray,recreation,playground,Playground,6
LEONARDS HILL,HEPBURN,22910,Central Highlands,public_transport,bus_stop,Bus Stop,2
LEONGATHA,SOUTH GIPPSLAND,26170,Gippsland,community,community_centre,Community Centre,4
LEONGATHA,SOUTH GIPPSLAND,26170,Gippsland,community,library,Library,1
LEONGATHA,SOUTH GIPPSLAND,26170,Gippsland,education,college,College,1
LEONGATHA,SOUTH GIPPSLAND,26170,Gippsland,education,kindergarten,Kindergarten,2
LEONGATHA,SOUTH GIPPSLAND,26170,Gippsland,education,school,School,11
LEONGATHA,SOUTH GIPPSLAND,26170,Gippsland,healthcare,clinic,Clinic,2
LEONGATHA,SOUTH GIPPSLAND,26170,Gippsland,healthcare,hospital,Hospital,2
LEONGATHA,SOUTH GIPPSLAND,26170,Gippsland,healthcare,pharmacy,Pharmacy,3
LEONGATHA,SOUTH GIPPSLAND,26170,Gippsland,public_transport,bus_stop,Bus Stop,9
LEONGATHA,SOUTH GIPPSLAND,26170,Gippsland,public_transport,platform,Public Transport Platform,1
LEONGATHA,SOUTH GIPPSLAND,26170,Gippsland,public_transport,stop_position,Public Transport Stop Position,3
LEONGATHA,SOUTH GIPPSLAND,26170,Gippsland,recreation,garden,Garden,4
LEONGATHA,SOUTH GIPPSLAND,26170,Gippsland,recreation,nature_reserve,Nature Reserve,2
LEONGATHA,SOUTH GIPPSLAND,26170,Gippsland,recreation,park,Park,14
LEONGATHA,SOUTH GIPPSLAND,26170,Gippsland,recreation,playground,Playground,6
LEONGATHA,SOUTH GIPPSLAND,26170,Gippsland,recreation,sports_centre,Sports Centre,4
LEONGATHA,SOUTH GIPPSLAND,26170,Gippsland,shopping,convenience_store,Convenience Store,7
LEONGATHA,SOUTH GIPPSLAND,26170,Gippsland,shopping,supermarket,Supermarket,5
LEONGATHA NORTH,SOUTH GIPPSLAND,26170,Gippsland,recreation,park,Park,2
LEONGATHA SOUTH,SOUTH GIPPSLAND,26170,Gippsland,public_transport,bus_stop,Bus Stop,2
LEONGATHA SOUTH,SOUTH GIPPSLAND,26170,Gippsland,recreation,nature_reserve,Nature Reserve,2
LEOPOLD,GREATER GEELONG,22750,Barwon,community,library,Library,2
LEOPOLD,GREATER GEELONG,22750,Barwon,education,childcare,Childcare Centre,2
LEOPOLD,GREATER GEELONG,22750,Barwon,education,kindergarten,Kindergarten,2
LEOPOLD,GREATER GEELONG,22750,Barwon,education,school,School,2
LEOPOLD,GREATER GEELONG,22750,Barwon,healthcare,dentist,Dentist,2
LEOPOLD,GREATER GEELONG,22750,Barwon,healthcare,doctor,Doctor,2
LEOPOLD,GREATER GEELONG,22750,Barwon,healthcare,pharmacy,Pharmacy,1
LEOPOLD,GREATER GEELONG,22750,Barwon,public_transport,bus_stop,Bus Stop,60
LEOPOLD,GREATER GEELONG,22750,Barwon,public_transport,stop_position,Public Transport Stop Position,38
LEOPOLD,GREATER GEELONG,22750,Barwon,recreation,park,Park,66
LEOPOLD,GREATER GEELONG,22750,Barwon,recreation,playground,Playground,24
LEOPOLD,GREATER GEELONG,22750,Barwon,recreation,sports_centre,Sports Centre,2
LEOPOLD,GREATER GEELONG,22750,Barwon,shopping,convenience_store,Convenience Store,2
LEOPOLD,GREATER GEELONG,22750,Barwon,shopping,supermarket,Supermarket,5
LERDERDERG,MOORABOOL,25150,Central Highlands,recreation,nature_reserve,Nature Reserve,1
LESLIE MANOR,CORANGAMITE,21830,Great South Coast,recreation,nature_reserve,Nature Reserve,2
LESLIE MANOR,CORANGAMITE,21830,Great South Coast,recreation,park,Park,2
LETHBRIDGE,GOLDEN PLAINS,22490,Central Highlands,education,school,School,2
LETHBRIDGE,GOLDEN PLAINS,22490,Central Highlands,public_transport,platform,Public Transport Platform,2
LETHBRIDGE,GOLDEN PLAINS,22490,Central Highlands,recreation,nature_reserve,Nature Reserve,1
LETHBRIDGE,GOLDEN PLAINS,22490,Central Highlands,recreation,park,Park,2
LETHBRIDGE,GOLDEN PLAINS,22490,Central Highlands,recreation,playground,Playground,2
LETHBRIDGE,GOLDEN PLAINS,22490,Central Highlands,recreation,sports_centre,Sports Centre,2
LEXTON,PYRENEES,25990,Central Highlands,community,community_centre,Community Centre,3
LEXTON,PYRENEES,25990,Central Highlands,community,town_hall,Town Hall,2
LEXTON,PYRENEES,25990,Central Highlands,public_transport,bus_stop,Bus Stop,1
LEXTON,PYRENEES,25990,Central Highlands,recreation,nature_reserve,Nature Reserve,8
LEXTON,PYRENEES,25990,Central Highlands,recreation,park,Park,2
LEXTON,PYRENEES,25990,Central Highlands,recreation,playground,Playground,3
LEXTON,PYRENEES,25990,Central Highlands,shopping,convenience_store,Convenience Store,2
LICOLA,WELLINGTON,26810,Gippsland,shopping,convenience_store,Convenience Store,1
LILLICUR,CENTRAL GOLDFIELDS,21670,Loddon Campaspe,recreation,nature_reserve,Nature Reserve,3
LILLICUR,PYRENEES,25990,Central Highlands,recreation,nature_reserve,Nature Reserve,2
LILLIMUR,WEST WIMMERA,26890,Wimmera Southern Mallee,public_transport,platform,Public Transport Platform,2
LILLIMUR,WEST WIMMERA,26890,Wimmera Southern Mallee,public_transport,stop_position,Public Transport Stop Position,2
LILLIMUR,WEST WIMMERA,26890,Wimmera Southern Mallee,recreation,nature_reserve,Nature Reserve,13
LILLIPUT,INDIGO,23350,Ovens Murray,recreation,nature_reserve,Nature Reserve,6
LIMA EAST,BENALLA,21010,Ovens Murray,recreation,nature_reserve,Nature Reserve,2
LIMA SOUTH,BENALLA,21010,Ovens Murray,community,community_centre,Community Centre,2
LIMESTONE,MURRINDINDI,25620,Goulburn,recreation,nature_reserve,Nature Reserve,6
LINDENOW,EAST GIPPSLAND,22110,Gippsland,education,school,School,2
LINDENOW,EAST GIPPSLAND,22110,Gippsland,recreation,park,Park,4
LINDENOW,EAST GIPPSLAND,22110,Gippsland,recreation,playground,Playground,1
LINDENOW,EAST GIPPSLAND,22110,Gippsland,shopping,convenience_store,Convenience Store,1
LINDENOW SOUTH,EAST GIPPSLAND,22110,Gippsland,education,school,School,2
LINDENOW SOUTH,EAST GIPPSLAND,22110,Gippsland,public_transport,bus_stop,Bus Stop,1
LINDENOW SOUTH,EAST GIPPSLAND,22110,Gippsland,recreation,nature_reserve,Nature Reserve,2
LINDSAY,GLENELG,22410,Great South Coast,recreation,nature_reserve,Nature Reserve,3
LINGA,MILDURA,24780,Mallee,recreation,nature_reserve,Nature Reserve,10
LINTON,GOLDEN PLAINS,22490,Central Highlands,community,town_hall,Town Hall,2
LINTON,GOLDEN PLAINS,22490,Central Highlands,education,school,School,2
LINTON,GOLDEN PLAINS,22490,Central Highlands,public_transport,bus_stop,Bus Stop,2
LINTON,GOLDEN PLAINS,22490,Central Highlands,public_transport,platform,Public Transport Platform,1
LINTON,GOLDEN PLAINS,22490,Central Highlands,recreation,nature_reserve,Nature Reserve,3
LISMORE,CORANGAMITE,21830,Great South Coast,education,school,School,2
LISMORE,CORANGAMITE,21830,Great South Coast,healthcare,clinic,Clinic,2
LISMORE,CORANGAMITE,21830,Great South Coast,recreation,garden,Garden,2
LISMORE,CORANGAMITE,21830,Great South Coast,recreation,nature_reserve,Nature Reserve,2
LISMORE,CORANGAMITE,21830,Great South Coast,recreation,park,Park,8
LISMORE,CORANGAMITE,21830,Great South Coast,recreation,sports_centre,Sports Centre,2
LISMORE,CORANGAMITE,21830,Great South Coast,shopping,supermarket,Supermarket,1
LITCHFIELD,BULOKE,21270,Mallee,community,community_centre,Community Centre,2
LITCHFIELD,BULOKE,21270,Mallee,recreation,nature_reserve,Nature Reserve,8
LITTLE DESERT,HINDMARSH,22980,Wimmera Southern Mallee,recreation,nature_reserve,Nature Reserve,2
LITTLE HAMPTON,HEPBURN,22910,Central Highlands,recreation,nature_reserve,Nature Reserve,2
LITTLE RIVER,GREATER GEELONG,22750,Barwon,recreation,nature_reserve,Nature Reserve,2
LITTLE RIVER,GREATER GEELONG,22750,Barwon,recreation,park,Park,2
LITTLE RIVER,GREATER GEELONG,22750,Barwon,recreation,playground,Playground,1
LITTLE RIVER,GREATER GEELONG,22750,Barwon,recreation,sports_centre,Sports Centre,4
LLANELLY,LODDON,23940,Loddon Campaspe,recreation,nature_reserve,Nature Reserve,6
LOCH,SOUTH GIPPSLAND,26170,Gippsland,community,community_centre,Community Centre,1
LOCH,SOUTH GIPPSLAND,26170,Gippsland,education,school,School,2
LOCH,SOUTH GIPPSLAND,26170,Gippsland,public_transport,bus_stop,Bus Stop,2
LOCH,SOUTH GIPPSLAND,26170,Gippsland,public_transport,platform,Public Transport Platform,1
LOCH,SOUTH GIPPSLAND,26170,Gippsland,recreation,park,Park,6
LOCH,SOUTH GIPPSLAND,26170,Gippsland,recreation,playground,Playground,2
LOCH SPORT,WELLINGTON,26810,Gippsland,education,school,School,2
LOCH SPORT,WELLINGTON,26810,Gippsland,healthcare,doctor,Doctor,1
LOCH SPORT,WELLINGTON,26810,Gippsland,healthcare,pharmacy,Pharmacy,1
LOCH SPORT,WELLINGTON,26810,Gippsland,public_transport,bus_stop,Bus Stop,14
LOCH SPORT,WELLINGTON,26810,Gippsland,public_transport,stop_position,Public Transport Stop Position,1
LOCH SPORT,WELLINGTON,26810,Gippsland,recreation,nature_reserve,Nature Reserve,2
LOCH SPORT,WELLINGTON,26810,Gippsland,recreation,park,Park,8
LOCH SPORT,WELLINGTON,26810,Gippsland,recreation,playground,Playground,2
LOCH SPORT,WELLINGTON,26810,Gippsland,shopping,convenience_store,Convenience Store,1
LOCH SPORT,WELLINGTON,26810,Gippsland,shopping,supermarket,Supermarket,3
LOCKINGTON,CAMPASPE,21370,Loddon Campaspe,community,community_centre,Community Centre,1
LOCKINGTON,CAMPASPE,21370,Loddon Campaspe,education,kindergarten,Kindergarten,1
LOCKINGTON,CAMPASPE,21370,Loddon Campaspe,education,school,School,2
LOCKINGTON,CAMPASPE,21370,Loddon Campaspe,recreation,nature_reserve,Nature Reserve,1
LOCKINGTON,CAMPASPE,21370,Loddon Campaspe,recreation,park,Park,12
LOCKINGTON,CAMPASPE,21370,Loddon Campaspe,recreation,sports_centre,Sports Centre,4
LOCKINGTON,CAMPASPE,21370,Loddon Campaspe,shopping,supermarket,Supermarket,1
LOCKSLEY,STRATHBOGIE,26430,Goulburn,recreation,nature_reserve,Nature Reserve,3
LOCKWOOD,GREATER BENDIGO,22620,Loddon Campaspe,education,school,School,2
LOCKWOOD,GREATER BENDIGO,22620,Loddon Campaspe,recreation,nature_reserve,Nature Reserve,1
LOCKWOOD SOUTH,GREATER BENDIGO,22620,Loddon Campaspe,education,school,School,2
LOCKWOOD SOUTH,GREATER BENDIGO,22620,Loddon Campaspe,public_transport,bus_stop,Bus Stop,2
LOCKWOOD SOUTH,GREATER BENDIGO,22620,Loddon Campaspe,recreation,nature_reserve,Nature Reserve,2
LOCKWOOD SOUTH,GREATER BENDIGO,22620,Loddon Campaspe,recreation,playground,Playground,2
LOGAN,LODDON,23940,Loddon Campaspe,recreation,nature_reserve,Nature Reserve,4
LONDRIGAN,WANGARATTA,26700,Ovens Murray,education,school,School,2
LONG FOREST,MOORABOOL,25150,Central Highlands,recreation,nature_reserve,Nature Reserve,1
LONG GULLY,GREATER BENDIGO,22620,Loddon Campaspe,community,community_centre,Community Centre,6
LONG GULLY,GREATER BENDIGO,22620,Loddon Campaspe,community,social_facility,Social Facility,2
LONG GULLY,GREATER BENDIGO,22620,Loddon Campaspe,education,kindergarten,Kindergarten,2
LONG GULLY,GREATER BENDIGO,22620,Loddon Campaspe,education,school,School,2
LONG GULLY,GREATER BENDIGO,22620,Loddon Campaspe,healthcare,doctor,Doctor,1
LONG GULLY,GREATER BENDIGO,22620,Loddon Campaspe,healthcare,pharmacy,Pharmacy,1
LONG GULLY,GREATER BENDIGO,22620,Loddon Campaspe,public_transport,bus_stop,Bus Stop,15
LONG GULLY,GREATER BENDIGO,22620,Loddon Campaspe,recreation,garden,Garden,12
LONG GULLY,GREATER BENDIGO,22620,Loddon Campaspe,recreation,park,Park,15
LONG GULLY,GREATER BENDIGO,22620,Loddon Campaspe,recreation,playground,Playground,8
LONG GULLY,GREATER BENDIGO,22620,Loddon Campaspe,shopping,convenience_store,Convenience Store,2
LONG GULLY,GREATER BENDIGO,22620,Loddon Campaspe,shopping,supermarket,Supermarket,2
LONGERENONG,HORSHAM,23190,Wimmera Southern Mallee,education,college,College,2
LONGERENONG,HORSHAM,23190,Wimmera Southern Mallee,recreation,nature_reserve,Nature Reserve,4
LONGFORD,WELLINGTON,26810,Gippsland,education,school,School,2
LONGFORD,WELLINGTON,26810,Gippsland,public_transport,bus_stop,Bus Stop,7
LONGFORD,WELLINGTON,26810,Gippsland,recreation,nature_reserve,Nature Reserve,3
LONGFORD,WELLINGTON,26810,Gippsland,recreation,park,Park,2
LONGLEA,GREATER BENDIGO,22620,Loddon Campaspe,public_transport,bus_stop,Bus Stop,2
LONGWARRY,BAW BAW,20830,Gippsland,education,school,School,4
LONGWARRY,BAW BAW,20830,Gippsland,public_transport,platform,Public Transport Platform,2
LONGWARRY,BAW BAW,20830,Gippsland,public_transport,railway_station,Railway Station,1
LONGWARRY,BAW BAW,20830,Gippsland,public_transport,station,Public Transport Station,1
LONGWARRY,BAW BAW,20830,Gippsland,public_transport,stop_position,Public Transport Stop Position,2
LONGWARRY,BAW BAW,20830,Gippsland,recreation,nature_reserve,Nature Reserve,4
LONGWARRY,BAW BAW,20830,Gippsland,recreation,park,Park,10
LONGWARRY,BAW BAW,20830,Gippsland,recreation,playground,Playground,5
LONGWARRY,BAW BAW,20830,Gippsland,recreation,sports_centre,Sports Centre,2
LONGWARRY,BAW BAW,20830,Gippsland,shopping,convenience_store,Convenience Store,1
LONGWARRY,BAW BAW,20830,Gippsland,shopping,supermarket,Supermarket,1
LONGWARRY NORTH,BAW BAW,20830,Gippsland,recreation,nature_reserve,Nature Reserve,1
LONGWARRY NORTH,BAW BAW,20830,Gippsland,recreation,park,Park,2
LONGWARRY NORTH,BAW BAW,20830,Gippsland,shopping,convenience_store,Convenience Store,1
LONGWOOD,STRATHBOGIE,26430,Goulburn,education,school,School,2
LONGWOOD,STRATHBOGIE,26430,Goulburn,recreation,nature_reserve,Nature Reserve,5
LONGWOOD,STRATHBOGIE,26430,Goulburn,recreation,playground,Playground,2
LONGWOOD EAST,STRATHBOGIE,26430,Goulburn,recreation,nature_reserve,Nature Reserve,4
LORNE,SURF COAST,26490,Barwon,community,community_centre,Community Centre,3
LORNE,SURF COAST,26490,Barwon,education,kindergarten,Kindergarten,1
LORNE,SURF COAST,26490,Barwon,education,school,School,2
LORNE,SURF COAST,26490,Barwon,healthcare,hospital,Hospital,1
LORNE,SURF COAST,26490,Barwon,public_transport,bus_stop,Bus Stop,4
LORNE,SURF COAST,26490,Barwon,recreation,garden,Garden,2
LORNE,SURF COAST,26490,Barwon,recreation,nature_reserve,Nature Reserve,1
LORNE,SURF COAST,26490,Barwon,recreation,park,Park,9
LORNE,SURF COAST,26490,Barwon,recreation,playground,Playground,3
LORNE,SURF COAST,26490,Barwon,recreation,sports_centre,Sports Centre,2
LORNE,SURF COAST,26490,Barwon,shopping,supermarket,Supermarket,1
LORQUON,HINDMARSH,22980,Wimmera Southern Mallee,community,community_centre,Community Centre,2
LORQUON,HINDMARSH,22980,Wimmera Southern Mallee,recreation,nature_reserve,Nature Reserve,3
LOVELY BANKS,GREATER GEELONG,22750,Barwon,community,community_centre,Community Centre,2
LOVELY BANKS,GREATER GEELONG,22750,Barwon,education,childcare,Childcare Centre,2
LOVELY BANKS,GREATER GEELONG,22750,Barwon,education,school,School,4
LOVELY BANKS,GREATER GEELONG,22750,Barwon,public_transport,bus_stop,Bus Stop,2
LOVELY BANKS,GREATER GEELONG,22750,Barwon,recreation,park,Park,6
LOVELY BANKS,GREATER GEELONG,22750,Barwon,recreation,playground,Playground,3
LOWER MOIRA,MOIRA,24900,Goulburn,recreation,nature_reserve,Nature Reserve,5
LOWER NORTON,HORSHAM,23190,Wimmera Southern Mallee,recreation,nature_reserve,Nature Reserve,2
LUBECK,NORTHERN GRAMPIANS,25810,Wimmera Southern Mallee,recreation,nature_reserve,Nature Reserve,2
LUBECK,YARRIAMBIACK,27630,Wimmera Southern Mallee,recreation,nature_reserve,Nature Reserve,9
LUCAS,BALLARAT,20570,Central Highlands,community,community_centre,Community Centre,1
LUCAS,BALLARAT,20570,Central Highlands,community,social_facility,Social Facility,4
LUCAS,BALLARAT,20570,Central Highlands,education,kindergarten,Kindergarten,2
LUCAS,BALLARAT,20570,Central Highlands,education,school,School,4
LUCAS,BALLARAT,20570,Central Highlands,healthcare,clinic,Clinic,3
LUCAS,BALLARAT,20570,Central Highlands,healthcare,dentist,Dentist,1
LUCAS,BALLARAT,20570,Central Highlands,healthcare,pharmacy,Pharmacy,1
LUCAS,BALLARAT,20570,Central Highlands,public_transport,bus_stop,Bus Stop,6
LUCAS,BALLARAT,20570,Central Highlands,public_transport,stop_position,Public Transport Stop Position,1
LUCAS,BALLARAT,20570,Central Highlands,recreation,park,Park,24
LUCAS,BALLARAT,20570,Central Highlands,recreation,playground,Playground,16
LUCAS,BALLARAT,20570,Central Highlands,shopping,convenience_store,Convenience Store,2
LUCAS,BALLARAT,20570,Central Highlands,shopping,supermarket,Supermarket,1
LUCKNOW,EAST GIPPSLAND,22110,Gippsland,education,school,School,2
LUCKNOW,EAST GIPPSLAND,22110,Gippsland,public_transport,bus_stop,Bus Stop,4
LUCKNOW,EAST GIPPSLAND,22110,Gippsland,recreation,garden,Garden,2
LUCKNOW,EAST GIPPSLAND,22110,Gippsland,recreation,park,Park,2
LUCKNOW,EAST GIPPSLAND,22110,Gippsland,recreation,playground,Playground,3
LUCKNOW,EAST GIPPSLAND,22110,Gippsland,recreation,sports_centre,Sports Centre,2
LUCKNOW,EAST GIPPSLAND,22110,Gippsland,shopping,convenience_store,Convenience Store,3
LUCYVALE,TOWONG,26670,Ovens Murray,recreation,nature_reserve,Nature Reserve,4
LURG,BENALLA,21010,Ovens Murray,recreation,nature_reserve,Nature Reserve,8
LYONS,GLENELG,22410,Great South Coast,recreation,nature_reserve,Nature Reserve,4
LYONVILLE,HEPBURN,22910,Central Highlands,public_transport,railway_halt,Railway Halt,1
LYONVILLE,HEPBURN,22910,Central Highlands,public_transport,railway_station,Railway Station,1
LYONVILLE,HEPBURN,22910,Central Highlands,recreation,park,Park,2
LYONVILLE,HEPBURN,22910,Central Highlands,recreation,playground,Playground,1
MACARTHUR,MOYNE,25490,Great South Coast,education,school,School,2
MACARTHUR,MOYNE,25490,Great South Coast,shopping,convenience_store,Convenience Store,1
MACEDON,MACEDON RANGES,24130,Loddon Campaspe,community,community_centre,Community Centre,1
MACEDON,MACEDON RANGES,24130,Loddon Campaspe,education,school,School,4
MACEDON,MACEDON RANGES,24130,Loddon Campaspe,healthcare,clinic,Clinic,1
MACEDON,MACEDON RANGES,24130,Loddon Campaspe,public_transport,bus_stop,Bus Stop,1
MACEDON,MACEDON RANGES,24130,Loddon Campaspe,public_transport,platform,Public Transport Platform,2
MACEDON,MACEDON RANGES,24130,Loddon Campaspe,public_transport,railway_station,Railway Station,1
MACEDON,MACEDON RANGES,24130,Loddon Campaspe,public_transport,stop_position,Public Transport Stop Position,2
MACEDON,MACEDON RANGES,24130,Loddon Campaspe,recreation,nature_reserve,Nature Reserve,2
MACEDON,MACEDON RANGES,24130,Loddon Campaspe,recreation,park,Park,2
MACEDON,MACEDON RANGES,24130,Loddon Campaspe,recreation,playground,Playground,1
MACEDON,MACEDON RANGES,24130,Loddon Campaspe,shopping,supermarket,Supermarket,2
MACKS CREEK,WELLINGTON,26810,Gippsland,recreation,nature_reserve,Nature Reserve,2
MACORNA,GANNAWARRA,22250,Mallee,public_transport,bus_stop,Bus Stop,1
MACORNA,GANNAWARRA,22250,Mallee,recreation,park,Park,2
MACORNA NORTH,GANNAWARRA,22250,Mallee,recreation,nature_reserve,Nature Reserve,1
MACS COVE,MANSFIELD,24250,Ovens Murray,public_transport,bus_stop,Bus Stop,2
MADDINGLEY,MOORABOOL,25150,Central Highlands,community,community_centre,Community Centre,2
MADDINGLEY,MOORABOOL,25150,Central Highlands,community,social_facility,Social Facility,2
MADDINGLEY,MOORABOOL,25150,Central Highlands,education,kindergarten,Kindergarten,2
MADDINGLEY,MOORABOOL,25150,Central Highlands,education,school,School,4
MADDINGLEY,MOORABOOL,25150,Central Highlands,healthcare,clinic,Clinic,2
MADDINGLEY,MOORABOOL,25150,Central Highlands,public_transport,bus_station,Bus Station,2
MADDINGLEY,MOORABOOL,25150,Central Highlands,public_transport,bus_stop,Bus Stop,4
MADDINGLEY,MOORABOOL,25150,Central Highlands,public_transport,platform,Public Transport Platform,1
MADDINGLEY,MOORABOOL,25150,Central Highlands,public_transport,railway_station,Railway Station,1
MADDINGLEY,MOORABOOL,25150,Central Highlands,public_transport,stop_position,Public Transport Stop Position,5
MADDINGLEY,MOORABOOL,25150,Central Highlands,recreation,garden,Garden,16
MADDINGLEY,MOORABOOL,25150,Central Highlands,recreation,park,Park,57
MADDINGLEY,MOORABOOL,25150,Central Highlands,recreation,playground,Playground,18
MADDINGLEY,MOORABOOL,25150,Central Highlands,recreation,sports_centre,Sports Centre,2
MADDINGLEY,MOORABOOL,25150,Central Highlands,shopping,convenience_store,Convenience Store,4
MAFEKING,ARARAT,20260,Central Highlands,recreation,nature_reserve,Nature Reserve,2
MAFFRA,WELLINGTON,26810,Gippsland,education,school,School,6
MAFFRA,WELLINGTON,26810,Gippsland,healthcare,clinic,Clinic,2
MAFFRA,WELLINGTON,26810,Gippsland,healthcare,dentist,Dentist,1
MAFFRA,WELLINGTON,26810,Gippsland,healthcare,doctor,Doctor,2
MAFFRA,WELLINGTON,26810,Gippsland,healthcare,hospital,Hospital,2
MAFFRA,WELLINGTON,26810,Gippsland,healthcare,pharmacy,Pharmacy,1
MAFFRA,WELLINGTON,26810,Gippsland,public_transport,bus_stop,Bus Stop,15
MAFFRA,WELLINGTON,26810,Gippsland,public_transport,stop_position,Public Transport Stop Position,3
MAFFRA,WELLINGTON,26810,Gippsland,recreation,garden,Garden,2
MAFFRA,WELLINGTON,26810,Gippsland,recreation,park,Park,16
MAFFRA,WELLINGTON,26810,Gippsland,recreation,playground,Playground,6
MAFFRA,WELLINGTON,26810,Gippsland,shopping,convenience_store,Convenience Store,1
MAFFRA,WELLINGTON,26810,Gippsland,shopping,supermarket,Supermarket,7
MAFFRA WEST UPPER,WELLINGTON,26810,Gippsland,recreation,nature_reserve,Nature Reserve,3
MAGPIE,BALLARAT,20570,Central Highlands,education,school,School,2
MAGPIE,BALLARAT,20570,Central Highlands,recreation,park,Park,4
MAIDEN GULLY,GREATER BENDIGO,22620,Loddon Campaspe,community,community_centre,Community Centre,2
MAIDEN GULLY,GREATER BENDIGO,22620,Loddon Campaspe,education,kindergarten,Kindergarten,2
MAIDEN GULLY,GREATER BENDIGO,22620,Loddon Campaspe,education,school,School,4
MAIDEN GULLY,GREATER BENDIGO,22620,Loddon Campaspe,healthcare,pharmacy,Pharmacy,1
MAIDEN GULLY,GREATER BENDIGO,22620,Loddon Campaspe,public_transport,bus_stop,Bus Stop,31
MAIDEN GULLY,GREATER BENDIGO,22620,Loddon Campaspe,recreation,garden,Garden,5
MAIDEN GULLY,GREATER BENDIGO,22620,Loddon Campaspe,recreation,nature_reserve,Nature Reserve,2
MAIDEN GULLY,GREATER BENDIGO,22620,Loddon Campaspe,recreation,park,Park,8
MAIDEN GULLY,GREATER BENDIGO,22620,Loddon Campaspe,recreation,playground,Playground,1
MAIDEN GULLY,GREATER BENDIGO,22620,Loddon Campaspe,recreation,sports_centre,Sports Centre,2
MAIDEN GULLY,GREATER BENDIGO,22620,Loddon Campaspe,shopping,supermarket,Supermarket,2
MAILORS FLAT,MOYNE,25490,Great South Coast,community,town_hall,Town Hall,2
MAILORS FLAT,MOYNE,25490,Great South Coast,recreation,park,Park,2
MAIN LEAD,PYRENEES,25990,Central Highlands,recreation,nature_reserve,Nature Reserve,2
MAINDAMPLE,MANSFIELD,24250,Ovens Murray,public_transport,bus_stop,Bus Stop,2
MAINDAMPLE,MANSFIELD,24250,Ovens Murray,recreation,nature_reserve,Nature Reserve,1
MAINDAMPLE,MANSFIELD,24250,Ovens Murray,recreation,park,Park,2
MAINDAMPLE,MANSFIELD,24250,Ovens Murray,recreation,playground,Playground,2
MAINTONGOON,MURRINDINDI,25620,Goulburn,recreation,nature_reserve,Nature Reserve,4
MAJORCA,CENTRAL GOLDFIELDS,21670,Loddon Campaspe,recreation,nature_reserve,Nature Reserve,2
MAJORCA,CENTRAL GOLDFIELDS,21670,Loddon Campaspe,recreation,park,Park,2
MALDON,MOUNT ALEXANDER,25430,Loddon Campaspe,community,community_centre,Community Centre,2
MALDON,MOUNT ALEXANDER,25430,Loddon Campaspe,community,library,Library,2
MALDON,MOUNT ALEXANDER,25430,Loddon Campaspe,education,kindergarten,Kindergarten,2
MALDON,MOUNT ALEXANDER,25430,Loddon Campaspe,education,school,School,2
MALDON,MOUNT ALEXANDER,25430,Loddon Campaspe,healthcare,hospital,Hospital,2
MALDON,MOUNT ALEXANDER,25430,Loddon Campaspe,public_transport,bus_stop,Bus Stop,6
MALDON,MOUNT ALEXANDER,25430,Loddon Campaspe,public_transport,platform,Public Transport Platform,1
MALDON,MOUNT ALEXANDER,25430,Loddon Campaspe,public_transport,railway_station,Railway Station,1
MALDON,MOUNT ALEXANDER,25430,Loddon Campaspe,public_transport,stop_position,Public Transport Stop Position,5
MALDON,MOUNT ALEXANDER,25430,Loddon Campaspe,recreation,nature_reserve,Nature Reserve,6
MALDON,MOUNT ALEXANDER,25430,Loddon Campaspe,recreation,park,Park,16
MALDON,MOUNT ALEXANDER,25430,Loddon Campaspe,recreation,playground,Playground,3
MALDON,MOUNT ALEXANDER,25430,Loddon Campaspe,shopping,supermarket,Supermarket,1
MALLACOOTA,EAST GIPPSLAND,22110,Gippsland,community,town_hall,Town Hall,2
MALLACOOTA,EAST GIPPSLAND,22110,Gippsland,education,kindergarten,Kindergarten,2
MALLACOOTA,EAST GIPPSLAND,22110,Gippsland,education,school,School,4
MALLACOOTA,EAST GIPPSLAND,22110,Gippsland,healthcare,hospital,Hospital,1
MALLACOOTA,EAST GIPPSLAND,22110,Gippsland,public_transport,bus_stop,Bus Stop,1
MALLACOOTA,EAST GIPPSLAND,22110,Gippsland,public_transport,stop_position,Public Transport Stop Position,1
MALLACOOTA,EAST GIPPSLAND,22110,Gippsland,recreation,garden,Garden,16
MALLACOOTA,EAST GIPPSLAND,22110,Gippsland,recreation,nature_reserve,Nature Reserve,8
MALLACOOTA,EAST GIPPSLAND,22110,Gippsland,recreation,park,Park,1
MALLACOOTA,EAST GIPPSLAND,22110,Gippsland,shopping,supermarket,Supermarket,2
MALMSBURY,MACEDON RANGES,24130,Loddon Campaspe,community,town_hall,Town Hall,2
MALMSBURY,MACEDON RANGES,24130,Loddon Campaspe,education,school,School,3
MALMSBURY,MACEDON RANGES,24130,Loddon Campaspe,healthcare,pharmacy,Pharmacy,1
MALMSBURY,MACEDON RANGES,24130,Loddon Campaspe,public_transport,bus_stop,Bus Stop,3
MALMSBURY,MACEDON RANGES,24130,Loddon Campaspe,public_transport,platform,Public Transport Platform,9
MALMSBURY,MACEDON RANGES,24130,Loddon Campaspe,public_transport,railway_station,Railway Station,1
MALMSBURY,MACEDON RANGES,24130,Loddon Campaspe,recreation,nature_reserve,Nature Reserve,1
MALMSBURY,MACEDON RANGES,24130,Loddon Campaspe,recreation,park,Park,6
MALMSBURY,MACEDON RANGES,24130,Loddon Campaspe,recreation,playground,Playground,1
MALMSBURY,MACEDON RANGES,24130,Loddon Campaspe,shopping,convenience_store,Convenience Store,1
MANANGATANG,SWAN HILL,26610,Mallee,community,community_centre,Community Centre,3
MANANGATANG,SWAN HILL,26610,Mallee,education,school,School,2
MANANGATANG,SWAN HILL,26610,Mallee,healthcare,doctor,Doctor,1
MANANGATANG,SWAN HILL,26610,Mallee,healthcare,hospital,Hospital,1
MANANGATANG,SWAN HILL,26610,Mallee,healthcare,pharmacy,Pharmacy,1
MANANGATANG,SWAN HILL,26610,Mallee,public_transport,bus_stop,Bus Stop,2
MANANGATANG,SWAN HILL,26610,Mallee,public_transport,stop_position,Public Transport Stop Position,2
MANANGATANG,SWAN HILL,26610,Mallee,recreation,nature_reserve,Nature Reserve,13
MANANGATANG,SWAN HILL,26610,Mallee,recreation,park,Park,2
MANANGATANG,SWAN HILL,26610,Mallee,recreation,playground,Playground,1
MANANGATANG,SWAN HILL,26610,Mallee,recreation,sports_centre,Sports Centre,2
MANANGATANG,SWAN HILL,26610,Mallee,shopping,convenience_store,Convenience Store,1
MANDURANG SOUTH,GREATER BENDIGO,22620,Loddon Campaspe,recreation,nature_reserve,Nature Reserve,1
MANGALORE,STRATHBOGIE,26430,Goulburn,public_transport,platform,Public Transport Platform,1
MANGALORE,STRATHBOGIE,26430,Goulburn,recreation,nature_reserve,Nature Reserve,1
MANIFOLD HEIGHTS,GREATER GEELONG,22750,Barwon,community,social_facility,Social Facility,2
MANIFOLD HEIGHTS,GREATER GEELONG,22750,Barwon,education,kindergarten,Kindergarten,2
MANIFOLD HEIGHTS,GREATER GEELONG,22750,Barwon,education,school,School,2
MANIFOLD HEIGHTS,GREATER GEELONG,22750,Barwon,public_transport,bus_stop,Bus Stop,13
MANIFOLD HEIGHTS,GREATER GEELONG,22750,Barwon,public_transport,stop_position,Public Transport Stop Position,6
MANIFOLD HEIGHTS,GREATER GEELONG,22750,Barwon,recreation,park,Park,2
MANIFOLD HEIGHTS,GREATER GEELONG,22750,Barwon,recreation,playground,Playground,3
MANIFOLD HEIGHTS,GREATER GEELONG,22750,Barwon,shopping,convenience_store,Convenience Store,5
MANNIBADAR,GOLDEN PLAINS,22490,Central Highlands,community,community_centre,Community Centre,2
MANORINA,EAST GIPPSLAND,22110,Gippsland,public_transport,bus_stop,Bus Stop,1
MANSFIELD,MANSFIELD,24250,Ovens Murray,community,community_centre,Community Centre,7
MANSFIELD,MANSFIELD,24250,Ovens Murray,community,library,Library,1
MANSFIELD,MANSFIELD,24250,Ovens Murray,community,social_facility,Social Facility,2
MANSFIELD,MANSFIELD,24250,Ovens Murray,community,town_hall,Town Hall,2
MANSFIELD,MANSFIELD,24250,Ovens Murray,education,school,School,10
MANSFIELD,MANSFIELD,24250,Ovens Murray,healthcare,hospital,Hospital,2
MANSFIELD,MANSFIELD,24250,Ovens Murray,healthcare,pharmacy,Pharmacy,1
MANSFIELD,MANSFIELD,24250,Ovens Murray,public_transport,bus_station,Bus Station,1
MANSFIELD,MANSFIELD,24250,Ovens Murray,public_transport,bus_stop,Bus Stop,2
MANSFIELD,MANSFIELD,24250,Ovens Murray,public_transport,platform,Public Transport Platform,2
MANSFIELD,MANSFIELD,24250,Ovens Murray,recreation,garden,Garden,18
MANSFIELD,MANSFIELD,24250,Ovens Murray,recreation,nature_reserve,Nature Reserve,6
MANSFIELD,MANSFIELD,24250,Ovens Murray,recreation,park,Park,60
MANSFIELD,MANSFIELD,24250,Ovens Murray,recreation,playground,Playground,9
MANSFIELD,MANSFIELD,24250,Ovens Murray,recreation,sports_centre,Sports Centre,6
MANSFIELD,MANSFIELD,24250,Ovens Murray,shopping,convenience_store,Convenience Store,2
MANSFIELD,MANSFIELD,24250,Ovens Murray,shopping,supermarket,Supermarket,3
MARAMINGO CREEK,EAST GIPPSLAND,22110,Gippsland,recreation,nature_reserve,Nature Reserve,2
MARCUS HILL,GREATER GEELONG,22750,Barwon,public_transport,platform,Public Transport Platform,1
MARCUS HILL,GREATER GEELONG,22750,Barwon,public_transport,railway_halt,Railway Halt,1
MARCUS HILL,GREATER GEELONG,22750,Barwon,public_transport,stop_position,Public Transport Stop Position,2
MARCUS HILL,GREATER GEELONG,22750,Barwon,recreation,nature_reserve,Nature Reserve,2
MARCUS HILL,GREATER GEELONG,22750,Barwon,recreation,playground,Playground,10
MARENGO,COLAC OTWAY,21750,Barwon,public_transport,bus_stop,Bus Stop,1
MARENGO,COLAC OTWAY,21750,Barwon,public_transport,stop_position,Public Transport Stop Position,1
MARENGO,COLAC OTWAY,21750,Barwon,recreation,nature_reserve,Nature Reserve,1
MARENGO,COLAC OTWAY,21750,Barwon,recreation,park,Park,2
MARLBED,BULOKE,21270,Mallee,recreation,nature_reserve,Nature Reserve,7
MARLO,EAST GIPPSLAND,22110,Gippsland,education,school,School,4
MARLO,EAST GIPPSLAND,22110,Gippsland,recreation,nature_reserve,Nature Reserve,4
MARLO,EAST GIPPSLAND,22110,Gippsland,recreation,park,Park,4
MARLO,EAST GIPPSLAND,22110,Gippsland,recreation,playground,Playground,2
MARLO,EAST GIPPSLAND,22110,Gippsland,shopping,convenience_store,Convenience Store,1
MARNOO,NORTHERN GRAMPIANS,25810,Wimmera Southern Mallee,community,community_centre,Community Centre,2
MARNOO,NORTHERN GRAMPIANS,25810,Wimmera Southern Mallee,education,school,School,2
MARNOO,NORTHERN GRAMPIANS,25810,Wimmera Southern Mallee,public_transport,bus_stop,Bus Stop,4
MARNOO,NORTHERN GRAMPIANS,25810,Wimmera Southern Mallee,public_transport,stop_position,Public Transport Stop Position,1
MARNOO,NORTHERN GRAMPIANS,25810,Wimmera Southern Mallee,recreation,nature_reserve,Nature Reserve,4
MARNOO,NORTHERN GRAMPIANS,25810,Wimmera Southern Mallee,recreation,park,Park,2
MARNOO,NORTHERN GRAMPIANS,25810,Wimmera Southern Mallee,recreation,playground,Playground,1
MARNOO,NORTHERN GRAMPIANS,25810,Wimmera Southern Mallee,shopping,supermarket,Supermarket,1
MARONG,GREATER BENDIGO,22620,Loddon Campaspe,education,school,School,2
MARONG,GREATER BENDIGO,22620,Loddon Campaspe,public_transport,bus_stop,Bus Stop,2
MARONG,GREATER BENDIGO,22620,Loddon Campaspe,recreation,nature_reserve,Nature Reserve,2
MARONG,GREATER BENDIGO,22620,Loddon Campaspe,recreation,park,Park,2
MARONG,GREATER BENDIGO,22620,Loddon Campaspe,recreation,sports_centre,Sports Centre,2
MARONG,GREATER BENDIGO,22620,Loddon Campaspe,shopping,convenience_store,Convenience Store,3
MAROONA,ARARAT,20260,Central Highlands,education,school,School,2
MAROONA,ARARAT,20260,Central Highlands,public_transport,bus_stop,Bus Stop,1
MAROONA,ARARAT,20260,Central Highlands,recreation,nature_reserve,Nature Reserve,2
MARRAWEENEY,STRATHBOGIE,26430,Goulburn,recreation,nature_reserve,Nature Reserve,5
MARSHALL,GREATER GEELONG,22750,Barwon,community,social_facility,Social Facility,6
MARSHALL,GREATER GEELONG,22750,Barwon,public_transport,bus_stop,Bus Stop,7
MARSHALL,GREATER GEELONG,22750,Barwon,public_transport,platform,Public Transport Platform,2
MARSHALL,GREATER GEELONG,22750,Barwon,public_transport,railway_station,Railway Station,1
MARSHALL,GREATER GEELONG,22750,Barwon,public_transport,stop_position,Public Transport Stop Position,2
MARSHALL,GREATER GEELONG,22750,Barwon,recreation,garden,Garden,15
MARSHALL,GREATER GEELONG,22750,Barwon,recreation,park,Park,5
MARSHALL,GREATER GEELONG,22750,Barwon,recreation,playground,Playground,1
MARYBOROUGH,CENTRAL GOLDFIELDS,21670,Loddon Campaspe,community,community_centre,Community Centre,2
MARYBOROUGH,CENTRAL GOLDFIELDS,21670,Loddon Campaspe,community,library,Library,2
MARYBOROUGH,CENTRAL GOLDFIELDS,21670,Loddon Campaspe,community,social_facility,Social Facility,2
MARYBOROUGH,CENTRAL GOLDFIELDS,21670,Loddon Campaspe,education,school,School,5
MARYBOROUGH,CENTRAL GOLDFIELDS,21670,Loddon Campaspe,healthcare,dentist,Dentist,1
MARYBOROUGH,CENTRAL GOLDFIELDS,21670,Loddon Campaspe,healthcare,hospital,Hospital,2
MARYBOROUGH,CENTRAL GOLDFIELDS,21670,Loddon Campaspe,healthcare,pharmacy,Pharmacy,2
MARYBOROUGH,CENTRAL GOLDFIELDS,21670,Loddon Campaspe,public_transport,bus_stop,Bus Stop,75
MARYBOROUGH,CENTRAL GOLDFIELDS,21670,Loddon Campaspe,public_transport,platform,Public Transport Platform,1
MARYBOROUGH,CENTRAL GOLDFIELDS,21670,Loddon Campaspe,public_transport,railway_station,Railway Station,1
MARYBOROUGH,CENTRAL GOLDFIELDS,21670,Loddon Campaspe,public_transport,station,Public Transport Station,2
MARYBOROUGH,CENTRAL GOLDFIELDS,21670,Loddon Campaspe,public_transport,stop_position,Public Transport Stop Position,7
MARYBOROUGH,CENTRAL GOLDFIELDS,21670,Loddon Campaspe,recreation,garden,Garden,2
MARYBOROUGH,CENTRAL GOLDFIELDS,21670,Loddon Campaspe,recreation,nature_reserve,Nature Reserve,9
MARYBOROUGH,CENTRAL GOLDFIELDS,21670,Loddon Campaspe,recreation,park,Park,26
MARYBOROUGH,CENTRAL GOLDFIELDS,21670,Loddon Campaspe,recreation,sports_centre,Sports Centre,2
MARYBOROUGH,CENTRAL GOLDFIELDS,21670,Loddon Campaspe,shopping,convenience_store,Convenience Store,6
MARYBOROUGH,CENTRAL GOLDFIELDS,21670,Loddon Campaspe,shopping,supermarket,Supermarket,4
MARYSVILLE,MURRINDINDI,25620,Goulburn,education,school,School,2
MARYSVILLE,MURRINDINDI,25620,Goulburn,healthcare,clinic,Clinic,1
MARYSVILLE,MURRINDINDI,25620,Goulburn,healthcare,pharmacy,Pharmacy,1
MARYSVILLE,MURRINDINDI,25620,Goulburn,public_transport,bus_stop,Bus Stop,3
MARYSVILLE,MURRINDINDI,25620,Goulburn,recreation,garden,Garden,4
MARYSVILLE,MURRINDINDI,25620,Goulburn,recreation,nature_reserve,Nature Reserve,7
MARYSVILLE,MURRINDINDI,25620,Goulburn,recreation,park,Park,6
MARYSVILLE,MURRINDINDI,25620,Goulburn,recreation,playground,Playground,3
MARYSVILLE,MURRINDINDI,25620,Goulburn,recreation,sports_centre,Sports Centre,2
MARYSVILLE,MURRINDINDI,25620,Goulburn,shopping,supermarket,Supermarket,2
MAUDE,GOLDEN PLAINS,22490,Central Highlands,recreation,sports_centre,Sports Centre,2
MCKENZIE CREEK,HORSHAM,23190,Wimmera Southern Mallee,education,school,School,2
MCKENZIE CREEK,HORSHAM,23190,Wimmera Southern Mallee,recreation,nature_reserve,Nature Reserve,4
MCKENZIE HILL,MOUNT ALEXANDER,25430,Loddon Campaspe,public_transport,bus_stop,Bus Stop,1
MCKENZIE HILL,MOUNT ALEXANDER,25430,Loddon Campaspe,recreation,nature_reserve,Nature Reserve,2
MCLOUGHLINS BEACH,WELLINGTON,26810,Gippsland,recreation,park,Park,10
MCLOUGHLINS BEACH,WELLINGTON,26810,Gippsland,recreation,playground,Playground,2
MEADOW CREEK,WANGARATTA,26700,Ovens Murray,recreation,nature_reserve,Nature Reserve,1
MEATIAN,GANNAWARRA,22250,Mallee,recreation,nature_reserve,Nature Reserve,2
MEENIYAN,SOUTH GIPPSLAND,26170,Gippsland,education,school,School,2
MEENIYAN,SOUTH GIPPSLAND,26170,Gippsland,recreation,park,Park,4
MEENIYAN,SOUTH GIPPSLAND,26170,Gippsland,shopping,supermarket,Supermarket,1
MEERING WEST,GANNAWARRA,22250,Mallee,recreation,nature_reserve,Nature Reserve,1
MEERLIEU,WELLINGTON,26810,Gippsland,recreation,nature_reserve,Nature Reserve,8
MELVILLE FOREST,SOUTHERN GRAMPIANS,26260,Great South Coast,recreation,nature_reserve,Nature Reserve,2
MEPUNGA,MOYNE,25490,Great South Coast,recreation,nature_reserve,Nature Reserve,2
MERBEIN,MILDURA,24780,Mallee,community,library,Library,1
MERBEIN,MILDURA,24780,Mallee,community,social_facility,Social Facility,2
MERBEIN,MILDURA,24780,Mallee,education,kindergarten,Kindergarten,2
MERBEIN,MILDURA,24780,Mallee,education,school,School,4
MERBEIN,MILDURA,24780,Mallee,public_transport,bus_stop,Bus Stop,8
MERBEIN,MILDURA,24780,Mallee,recreation,garden,Garden,24
MERBEIN,MILDURA,24780,Mallee,recreation,nature_reserve,Nature Reserve,3
MERBEIN,MILDURA,24780,Mallee,recreation,park,Park,12
MERBEIN,MILDURA,24780,Mallee,recreation,playground,Playground,2
MERBEIN,MILDURA,24780,Mallee,recreation,sports_centre,Sports Centre,1
MERBEIN,MILDURA,24780,Mallee,shopping,supermarket,Supermarket,2
MERBEIN SOUTH,MILDURA,24780,Mallee,recreation,garden,Garden,38
MERBEIN SOUTH,MILDURA,24780,Mallee,recreation,nature_reserve,Nature Reserve,2
MERBEIN SOUTH,MILDURA,24780,Mallee,shopping,convenience_store,Convenience Store,2
MERBEIN WEST,MILDURA,24780,Mallee,recreation,garden,Garden,2
MERBEIN WEST,MILDURA,24780,Mallee,recreation,park,Park,2
MEREDITH,GOLDEN PLAINS,22490,Central Highlands,education,school,School,2
MEREDITH,GOLDEN PLAINS,22490,Central Highlands,public_transport,bus_stop,Bus Stop,2
MEREDITH,GOLDEN PLAINS,22490,Central Highlands,public_transport,platform,Public Transport Platform,1
MEREDITH,GOLDEN PLAINS,22490,Central Highlands,public_transport,station,Public Transport Station,2
MEREDITH,GOLDEN PLAINS,22490,Central Highlands,recreation,nature_reserve,Nature Reserve,9
MEREDITH,GOLDEN PLAINS,22490,Central Highlands,recreation,park,Park,4
MEREDITH,GOLDEN PLAINS,22490,Central Highlands,recreation,sports_centre,Sports Centre,2
MERINGUR,MILDURA,24780,Mallee,public_transport,platform,Public Transport Platform,2
MERINGUR,MILDURA,24780,Mallee,recreation,garden,Garden,28
MERINGUR,MILDURA,24780,Mallee,recreation,nature_reserve,Nature Reserve,4
MERINGUR,MILDURA,24780,Mallee,shopping,convenience_store,Convenience Store,1
MERINO,GLENELG,22410,Great South Coast,education,school,School,2
MERINO,GLENELG,22410,Great South Coast,recreation,nature_reserve,Nature Reserve,5
MERINO,GLENELG,22410,Great South Coast,recreation,park,Park,4
MERINO,GLENELG,22410,Great South Coast,recreation,playground,Playground,1
MERRIGUM,GREATER SHEPPARTON,22830,Goulburn,education,school,School,2
MERRIGUM,GREATER SHEPPARTON,22830,Goulburn,public_transport,bus_stop,Bus Stop,2
MERRIGUM,GREATER SHEPPARTON,22830,Goulburn,recreation,park,Park,4
MERRIGUM,GREATER SHEPPARTON,22830,Goulburn,shopping,convenience_store,Convenience Store,2
MERRIJIG (BAIRNSDALE),EAST GIPPSLAND,22110,Gippsland,recreation,nature_reserve,Nature Reserve,2
MERRIJIG (MOUNT BULLER),MANSFIELD,24250,Ovens Murray,education,school,School,3
MERRIJIG (MOUNT BULLER),MANSFIELD,24250,Ovens Murray,healthcare,doctor,Doctor,2
MERRIJIG (MOUNT BULLER),MANSFIELD,24250,Ovens Murray,recreation,garden,Garden,2
MERRIJIG (MOUNT BULLER),MANSFIELD,24250,Ovens Murray,recreation,nature_reserve,Nature Reserve,2
MERRIJIG (MOUNT BULLER),MANSFIELD,24250,Ovens Murray,recreation,park,Park,2
MERRIJIG (MOUNT BULLER),MANSFIELD,24250,Ovens Murray,recreation,sports_centre,Sports Centre,2
MERRIJIG (MOUNT BULLER),MANSFIELD,24250,Ovens Murray,shopping,convenience_store,Convenience Store,1
MERRIMU,MOORABOOL,25150,Central Highlands,recreation,park,Park,2
MERRINEE,MILDURA,24780,Mallee,recreation,garden,Garden,4
MERRINEE,MILDURA,24780,Mallee,recreation,nature_reserve,Nature Reserve,4
MERRINEE,MILDURA,24780,Mallee,recreation,park,Park,3
MERTON,MANSFIELD,24250,Ovens Murray,public_transport,bus_stop,Bus Stop,2
MERTON,MANSFIELD,24250,Ovens Murray,public_transport,platform,Public Transport Platform,1
MERTON,MANSFIELD,24250,Ovens Murray,recreation,nature_reserve,Nature Reserve,2
MERTON,MANSFIELD,24250,Ovens Murray,recreation,park,Park,2
METCALFE,MOUNT ALEXANDER,25430,Loddon Campaspe,recreation,nature_reserve,Nature Reserve,5
METCALFE,MOUNT ALEXANDER,25430,Loddon Campaspe,recreation,park,Park,4
METCALFE,MOUNT ALEXANDER,25430,Loddon Campaspe,recreation,playground,Playground,2
METUNG,EAST GIPPSLAND,22110,Gippsland,education,school,School,2
METUNG,EAST GIPPSLAND,22110,Gippsland,healthcare,pharmacy,Pharmacy,1
METUNG,EAST GIPPSLAND,22110,Gippsland,recreation,nature_reserve,Nature Reserve,3
METUNG,EAST GIPPSLAND,22110,Gippsland,recreation,park,Park,10
METUNG,EAST GIPPSLAND,22110,Gippsland,shopping,supermarket,Supermarket,2
MIA MIA,GREATER BENDIGO,22620,Loddon Campaspe,community,community_centre,Community Centre,2
MIA MIA,GREATER BENDIGO,22620,Loddon Campaspe,recreation,nature_reserve,Nature Reserve,2
MIA MIA,GREATER BENDIGO,22620,Loddon Campaspe,recreation,park,Park,2
MIDDLE CREEK,ARARAT,20260,Central Highlands,recreation,nature_reserve,Nature Reserve,2
MIDDLE TARWIN,SOUTH GIPPSLAND,26170,Gippsland,community,community_centre,Community Centre,2
MIDDLE TARWIN,SOUTH GIPPSLAND,26170,Gippsland,recreation,nature_reserve,Nature Reserve,2
MIEPOLL,STRATHBOGIE,26430,Goulburn,community,town_hall,Town Hall,1
MIEPOLL,STRATHBOGIE,26430,Goulburn,public_transport,bus_stop,Bus Stop,2
MIEPOLL,STRATHBOGIE,26430,Goulburn,recreation,nature_reserve,Nature Reserve,8
MIGA LAKE,WEST WIMMERA,26890,Wimmera Southern Mallee,recreation,nature_reserve,Nature Reserve,10
MILAWA,WANGARATTA,26700,Ovens Murray,community,town_hall,Town Hall,2
MILAWA,WANGARATTA,26700,Ovens Murray,education,school,School,2
MILAWA,WANGARATTA,26700,Ovens Murray,public_transport,bus_stop,Bus Stop,2
MILAWA,WANGARATTA,26700,Ovens Murray,recreation,nature_reserve,Nature Reserve,1
MILAWA,WANGARATTA,26700,Ovens Murray,recreation,park,Park,2
MILAWA,WANGARATTA,26700,Ovens Murray,recreation,playground,Playground,1
MILAWA,WANGARATTA,26700,Ovens Murray,recreation,sports_centre,Sports Centre,1
MILAWA,WANGARATTA,26700,Ovens Murray,shopping,convenience_store,Convenience Store,1
MILDURA,MILDURA,24780,Mallee,community,community_centre,Community Centre,9
MILDURA,MILDURA,24780,Mallee,community,library,Library,3
MILDURA,MILDURA,24780,Mallee,community,social_facility,Social Facility,2
MILDURA,MILDURA,24780,Mallee,education,childcare,Childcare Centre,2
MILDURA,MILDURA,24780,Mallee,education,college,College,2
MILDURA,MILDURA,24780,Mallee,education,kindergarten,Kindergarten,9
MILDURA,MILDURA,24780,Mallee,education,school,School,24
MILDURA,MILDURA,24780,Mallee,healthcare,clinic,Clinic,1
MILDURA,MILDURA,24780,Mallee,healthcare,dentist,Dentist,1
MILDURA,MILDURA,24780,Mallee,healthcare,doctor,Doctor,2
MILDURA,MILDURA,24780,Mallee,healthcare,hospital,Hospital,4
MILDURA,MILDURA,24780,Mallee,healthcare,pharmacy,Pharmacy,5
MILDURA,MILDURA,24780,Mallee,public_transport,bus_station,Bus Station,1
MILDURA,MILDURA,24780,Mallee,public_transport,bus_stop,Bus Stop,225
MILDURA,MILDURA,24780,Mallee,public_transport,platform,Public Transport Platform,1
MILDURA,MILDURA,24780,Mallee,public_transport,stop_position,Public Transport Stop Position,6
MILDURA,MILDURA,24780,Mallee,recreation,garden,Garden,27
MILDURA,MILDURA,24780,Mallee,recreation,nature_reserve,Nature Reserve,2
MILDURA,MILDURA,24780,Mallee,recreation,park,Park,157
MILDURA,MILDURA,24780,Mallee,recreation,playground,Playground,47
MILDURA,MILDURA,24780,Mallee,recreation,sports_centre,Sports Centre,11
MILDURA,MILDURA,24780,Mallee,shopping,convenience_store,Convenience Store,21
MILDURA,MILDURA,24780,Mallee,shopping,supermarket,Supermarket,13
MILLBROOK,MOORABOOL,25150,Central Highlands,public_transport,bus_stop,Bus Stop,2
MILLTOWN,GLENELG,22410,Great South Coast,recreation,nature_reserve,Nature Reserve,1
MINCHA WEST,GANNAWARRA,22250,Mallee,recreation,nature_reserve,Nature Reserve,3
MINERS REST,BALLARAT,20570,Central Highlands,education,kindergarten,Kindergarten,1
MINERS REST,BALLARAT,20570,Central Highlands,education,school,School,2
MINERS REST,BALLARAT,20570,Central Highlands,public_transport,bus_stop,Bus Stop,7
MINERS REST,BALLARAT,20570,Central Highlands,recreation,park,Park,36
MINERS REST,BALLARAT,20570,Central Highlands,recreation,playground,Playground,5
MINERS REST,BALLARAT,20570,Central Highlands,recreation,sports_centre,Sports Centre,2
MINERS REST,BALLARAT,20570,Central Highlands,shopping,supermarket,Supermarket,2
MINHAMITE,MOYNE,25490,Great South Coast,community,community_centre,Community Centre,2
MINIMAY,WEST WIMMERA,26890,Wimmera Southern Mallee,community,community_centre,Community Centre,2
MINIMAY,WEST WIMMERA,26890,Wimmera Southern Mallee,recreation,nature_reserve,Nature Reserve,28
MINIMAY,WEST WIMMERA,26890,Wimmera Southern Mallee,recreation,park,Park,2
MININERA,ARARAT,20260,Central Highlands,recreation,playground,Playground,2
MINYIP,YARRIAMBIACK,27630,Wimmera Southern Mallee,education,kindergarten,Kindergarten,2
MINYIP,YARRIAMBIACK,27630,Wimmera Southern Mallee,education,school,School,2
MINYIP,YARRIAMBIACK,27630,Wimmera Southern Mallee,healthcare,hospital,Hospital,2
MINYIP,YARRIAMBIACK,27630,Wimmera Southern Mallee,healthcare,pharmacy,Pharmacy,1
MINYIP,YARRIAMBIACK,27630,Wimmera Southern Mallee,public_transport,bus_stop,Bus Stop,1
MINYIP,YARRIAMBIACK,27630,Wimmera Southern Mallee,recreation,nature_reserve,Nature Reserve,6
MINYIP,YARRIAMBIACK,27630,Wimmera Southern Mallee,recreation,park,Park,2
MINYIP,YARRIAMBIACK,27630,Wimmera Southern Mallee,recreation,playground,Playground,2
MINYIP,YARRIAMBIACK,27630,Wimmera Southern Mallee,recreation,sports_centre,Sports Centre,4
MINYIP,YARRIAMBIACK,27630,Wimmera Southern Mallee,shopping,convenience_store,Convenience Store,1
MIOWERA,WELLINGTON,26810,Gippsland,recreation,nature_reserve,Nature Reserve,3
MIRALIE,SWAN HILL,26610,Mallee,recreation,nature_reserve,Nature Reserve,1
MIRBOO,SOUTH GIPPSLAND,26170,Gippsland,recreation,park,Park,2
MIRBOO NORTH,SOUTH GIPPSLAND,26170,Gippsland,community,community_centre,Community Centre,2
MIRBOO NORTH,SOUTH GIPPSLAND,26170,Gippsland,community,library,Library,1
MIRBOO NORTH,SOUTH GIPPSLAND,26170,Gippsland,community,social_facility,Social Facility,1
MIRBOO NORTH,SOUTH GIPPSLAND,26170,Gippsland,community,town_hall,Town Hall,1
MIRBOO NORTH,SOUTH GIPPSLAND,26170,Gippsland,education,kindergarten,Kindergarten,1
MIRBOO NORTH,SOUTH GIPPSLAND,26170,Gippsland,education,school,School,4
MIRBOO NORTH,SOUTH GIPPSLAND,26170,Gippsland,healthcare,pharmacy,Pharmacy,1
MIRBOO NORTH,SOUTH GIPPSLAND,26170,Gippsland,public_transport,bus_stop,Bus Stop,4
MIRBOO NORTH,SOUTH GIPPSLAND,26170,Gippsland,recreation,nature_reserve,Nature Reserve,3
MIRBOO NORTH,SOUTH GIPPSLAND,26170,Gippsland,recreation,park,Park,4
MIRBOO NORTH,SOUTH GIPPSLAND,26170,Gippsland,recreation,playground,Playground,1
MIRBOO NORTH,SOUTH GIPPSLAND,26170,Gippsland,recreation,sports_centre,Sports Centre,4
MIRBOO NORTH,SOUTH GIPPSLAND,26170,Gippsland,shopping,supermarket,Supermarket,1
MIRIMBAH,MANSFIELD,24250,Ovens Murray,recreation,nature_reserve,Nature Reserve,2
MIRRANATWA,SOUTHERN GRAMPIANS,26260,Great South Coast,recreation,nature_reserve,Nature Reserve,4
MITCHELL PARK,BALLARAT,20570,Central Highlands,recreation,park,Park,6
MITCHELL PARK,BALLARAT,20570,Central Highlands,recreation,playground,Playground,5
MITCHELL PARK,BALLARAT,20570,Central Highlands,shopping,convenience_store,Convenience Store,1
MITCHELLSTOWN,STRATHBOGIE,26430,Goulburn,public_transport,station,Public Transport Station,1
MITCHELLSTOWN,STRATHBOGIE,26430,Goulburn,recreation,nature_reserve,Nature Reserve,3
MITIAMO,LODDON,23940,Loddon Campaspe,recreation,park,Park,2
MITIAMO,LODDON,23940,Loddon Campaspe,recreation,playground,Playground,1
MITIAMO,LODDON,23940,Loddon Campaspe,recreation,sports_centre,Sports Centre,2
MITRE,HORSHAM,23190,Wimmera Southern Mallee,public_transport,bus_stop,Bus Stop,1
MITRE,HORSHAM,23190,Wimmera Southern Mallee,recreation,nature_reserve,Nature Reserve,14
MITTA MITTA,EAST GIPPSLAND,22110,Gippsland,recreation,nature_reserve,Nature Reserve,1
MITTA MITTA,TOWONG,26670,Ovens Murray,community,town_hall,Town Hall,2
MITTA MITTA,TOWONG,26670,Ovens Murray,education,school,School,2
MITTA MITTA,TOWONG,26670,Ovens Murray,recreation,nature_reserve,Nature Reserve,4
MITTA MITTA,TOWONG,26670,Ovens Murray,recreation,park,Park,4
MITTA MITTA,TOWONG,26670,Ovens Murray,recreation,sports_centre,Sports Centre,2
MITTYACK,MILDURA,24780,Mallee,recreation,nature_reserve,Nature Reserve,7
MOCKINYA,HORSHAM,23190,Wimmera Southern Mallee,recreation,nature_reserve,Nature Reserve,1
MODEWARRE,SURF COAST,26490,Barwon,recreation,nature_reserve,Nature Reserve,2
MODEWARRE,SURF COAST,26490,Barwon,recreation,park,Park,2
MODEWARRE,SURF COAST,26490,Barwon,recreation,playground,Playground,2
MOE,LATROBE,23810,Gippsland,community,community_centre,Community Centre,2
MOE,LATROBE,23810,Gippsland,community,social_facility,Social Facility,3
MOE,LATROBE,23810,Gippsland,education,kindergarten,Kindergarten,4
MOE,LATROBE,23810,Gippsland,education,school,School,10
MOE,LATROBE,23810,Gippsland,healthcare,clinic,Clinic,1
MOE,LATROBE,23810,Gippsland,healthcare,doctor,Doctor,2
MOE,LATROBE,23810,Gippsland,public_transport,bus_station,Bus Station,1
MOE,LATROBE,23810,Gippsland,public_transport,bus_stop,Bus Stop,60
MOE,LATROBE,23810,Gippsland,public_transport,platform,Public Transport Platform,1
MOE,LATROBE,23810,Gippsland,public_transport,railway_station,Railway Station,1
MOE,LATROBE,23810,Gippsland,public_transport,stop_position,Public Transport Stop Position,6
MOE,LATROBE,23810,Gippsland,recreation,garden,Garden,6
MOE,LATROBE,23810,Gippsland,recreation,nature_reserve,Nature Reserve,1
MOE,LATROBE,23810,Gippsland,recreation,park,Park,50
MOE,LATROBE,23810,Gippsland,recreation,playground,Playground,17
MOE,LATROBE,23810,Gippsland,recreation,sports_centre,Sports Centre,16
MOE,LATROBE,23810,Gippsland,shopping,convenience_store,Convenience Store,6
MOE,LATROBE,23810,Gippsland,shopping,supermarket,Supermarket,7
MOGLONEMBY,STRATHBOGIE,26430,Goulburn,community,town_hall,Town Hall,1
MOGLONEMBY,STRATHBOGIE,26430,Goulburn,recreation,nature_reserve,Nature Reserve,3
MOLESWORTH,MURRINDINDI,25620,Goulburn,public_transport,bus_stop,Bus Stop,3
MOLESWORTH,MURRINDINDI,25620,Goulburn,recreation,nature_reserve,Nature Reserve,3
MOLIAGUL,CENTRAL GOLDFIELDS,21670,Loddon Campaspe,recreation,nature_reserve,Nature Reserve,2
MOLIAGUL,LODDON,23940,Loddon Campaspe,recreation,nature_reserve,Nature Reserve,1
MOLKA,STRATHBOGIE,26430,Goulburn,recreation,nature_reserve,Nature Reserve,4
MOLOGA,LODDON,23940,Loddon Campaspe,recreation,nature_reserve,Nature Reserve,2
MOLYULLAH,BENALLA,21010,Ovens Murray,community,community_centre,Community Centre,2
MOLYULLAH,BENALLA,21010,Ovens Murray,recreation,nature_reserve,Nature Reserve,2
MONEGEETTA,MACEDON RANGES,24130,Loddon Campaspe,recreation,nature_reserve,Nature Reserve,3
MONGANS BRIDGE,ALPINE,20110,Ovens Murray,public_transport,bus_stop,Bus Stop,1
MONGANS BRIDGE,ALPINE,20110,Ovens Murray,recreation,nature_reserve,Nature Reserve,2
MONOMAK,WELLINGTON,26810,Gippsland,recreation,nature_reserve,Nature Reserve,2
MOOLAP,GREATER GEELONG,22750,Barwon,education,school,School,2
MOOLAP,GREATER GEELONG,22750,Barwon,public_transport,bus_stop,Bus Stop,23
MOOLAP,GREATER GEELONG,22750,Barwon,public_transport,stop_position,Public Transport Stop Position,12
MOOLAP,GREATER GEELONG,22750,Barwon,recreation,playground,Playground,4
MOOLAP,GREATER GEELONG,22750,Barwon,recreation,sports_centre,Sports Centre,2
MOOLAP,GREATER GEELONG,22750,Barwon,shopping,convenience_store,Convenience Store,7
MOOLERR,NORTHERN GRAMPIANS,25810,Wimmera Southern Mallee,recreation,sports_centre,Sports Centre,2
MOOLORT,CENTRAL GOLDFIELDS,21670,Loddon Campaspe,recreation,nature_reserve,Nature Reserve,2
MOOLORT,MOUNT ALEXANDER,25430,Loddon Campaspe,recreation,nature_reserve,Nature Reserve,2
MOONAMBEL,PYRENEES,25990,Central Highlands,education,school,School,1
MOONAMBEL,PYRENEES,25990,Central Highlands,recreation,park,Park,2
MOONAMBEL,PYRENEES,25990,Central Highlands,shopping,convenience_store,Convenience Store,1
MOONDARRA,BAW BAW,20830,Gippsland,recreation,nature_reserve,Nature Reserve,1
MOONLIGHT FLAT (CASTLEMAINE),MOUNT ALEXANDER,25430,Loddon Campaspe,recreation,nature_reserve,Nature Reserve,1
MOONLIGHT FLAT (MARYBOROUGH),CENTRAL GOLDFIELDS,21670,Loddon Campaspe,recreation,nature_reserve,Nature Reserve,2
MOORABOOL,GREATER GEELONG,22750,Barwon,education,school,School,2
MOORALLA,SOUTHERN GRAMPIANS,26260,Great South Coast,recreation,nature_reserve,Nature Reserve,2
MOORMBOOL WEST,STRATHBOGIE,26430,Goulburn,recreation,nature_reserve,Nature Reserve,1
MOORNAPA,WELLINGTON,26810,Gippsland,recreation,nature_reserve,Nature Reserve,4
MOORNGAG,BENALLA,21010,Ovens Murray,community,community_centre,Community Centre,2
MOORNGAG,BENALLA,21010,Ovens Murray,recreation,nature_reserve,Nature Reserve,4
MOOROOPNA,GREATER SHEPPARTON,22830,Goulburn,community,community_centre,Community Centre,8
MOOROOPNA,GREATER SHEPPARTON,22830,Goulburn,community,library,Library,1
MOOROOPNA,GREATER SHEPPARTON,22830,Goulburn,education,kindergarten,Kindergarten,4
MOOROOPNA,GREATER SHEPPARTON,22830,Goulburn,education,school,School,8
MOOROOPNA,GREATER SHEPPARTON,22830,Goulburn,healthcare,dentist,Dentist,2
MOOROOPNA,GREATER SHEPPARTON,22830,Goulburn,healthcare,pharmacy,Pharmacy,3
MOOROOPNA,GREATER SHEPPARTON,22830,Goulburn,public_transport,bus_stop,Bus Stop,72
MOOROOPNA,GREATER SHEPPARTON,22830,Goulburn,public_transport,platform,Public Transport Platform,1
MOOROOPNA,GREATER SHEPPARTON,22830,Goulburn,public_transport,railway_station,Railway Station,1
MOOROOPNA,GREATER SHEPPARTON,22830,Goulburn,public_transport,stop_position,Public Transport Stop Position,4
MOOROOPNA,GREATER SHEPPARTON,22830,Goulburn,recreation,nature_reserve,Nature Reserve,1
MOOROOPNA,GREATER SHEPPARTON,22830,Goulburn,recreation,park,Park,30
MOOROOPNA,GREATER SHEPPARTON,22830,Goulburn,recreation,playground,Playground,6
MOOROOPNA,GREATER SHEPPARTON,22830,Goulburn,recreation,sports_centre,Sports Centre,6
MOOROOPNA,GREATER SHEPPARTON,22830,Goulburn,shopping,convenience_store,Convenience Store,6
MOOROOPNA,GREATER SHEPPARTON,22830,Goulburn,shopping,supermarket,Supermarket,4
MOOROOPNA NORTH,GREATER SHEPPARTON,22830,Goulburn,education,school,School,2
MORANDING,MITCHELL,24850,Goulburn,recreation,nature_reserve,Nature Reserve,3
MORIAC,SURF COAST,26490,Barwon,community,community_centre,Community Centre,2
MORIAC,SURF COAST,26490,Barwon,education,kindergarten,Kindergarten,2
MORIAC,SURF COAST,26490,Barwon,education,school,School,2
MORIAC,SURF COAST,26490,Barwon,healthcare,clinic,Clinic,2
MORIAC,SURF COAST,26490,Barwon,public_transport,bus_stop,Bus Stop,1
MORIAC,SURF COAST,26490,Barwon,public_transport,platform,Public Transport Platform,1
MORIAC,SURF COAST,26490,Barwon,recreation,garden,Garden,8
MORIAC,SURF COAST,26490,Barwon,recreation,park,Park,4
MORIAC,SURF COAST,26490,Barwon,recreation,playground,Playground,4
MOROKA,WELLINGTON,26810,Gippsland,recreation,nature_reserve,Nature Reserve,1
MORRISONS,MOORABOOL,25150,Central Highlands,recreation,nature_reserve,Nature Reserve,2
MORRISONS,MOORABOOL,25150,Central Highlands,recreation,park,Park,2
MORRL MORRL,NORTHERN GRAMPIANS,25810,Wimmera Southern Mallee,recreation,nature_reserve,Nature Reserve,6
MORTLAKE,MOYNE,25490,Great South Coast,community,library,Library,2
MORTLAKE,MOYNE,25490,Great South Coast,community,town_hall,Town Hall,2
MORTLAKE,MOYNE,25490,Great South Coast,education,kindergarten,Kindergarten,2
MORTLAKE,MOYNE,25490,Great South Coast,education,school,School,4
MORTLAKE,MOYNE,25490,Great South Coast,public_transport,bus_stop,Bus Stop,3
MORTLAKE,MOYNE,25490,Great South Coast,public_transport,stop_position,Public Transport Stop Position,1
MORTLAKE,MOYNE,25490,Great South Coast,recreation,garden,Garden,2
MORTLAKE,MOYNE,25490,Great South Coast,recreation,nature_reserve,Nature Reserve,2
MORTLAKE,MOYNE,25490,Great South Coast,recreation,park,Park,8
MORTLAKE,MOYNE,25490,Great South Coast,recreation,playground,Playground,4
MORTLAKE,MOYNE,25490,Great South Coast,recreation,sports_centre,Sports Centre,6
MORWELL,LATROBE,23810,Gippsland,community,library,Library,1
MORWELL,LATROBE,23810,Gippsland,education,childcare,Childcare Centre,2
MORWELL,LATROBE,23810,Gippsland,education,kindergarten,Kindergarten,2
MORWELL,LATROBE,23810,Gippsland,education,school,School,13
MORWELL,LATROBE,23810,Gippsland,healthcare,clinic,Clinic,6
MORWELL,LATROBE,23810,Gippsland,healthcare,doctor,Doctor,1
MORWELL,LATROBE,23810,Gippsland,healthcare,hospital,Hospital,2
MORWELL,LATROBE,23810,Gippsland,healthcare,pharmacy,Pharmacy,4
MORWELL,LATROBE,23810,Gippsland,public_transport,bus_station,Bus Station,1
MORWELL,LATROBE,23810,Gippsland,public_transport,bus_stop,Bus Stop,104
MORWELL,LATROBE,23810,Gippsland,public_transport,platform,Public Transport Platform,3
MORWELL,LATROBE,23810,Gippsland,public_transport,railway_station,Railway Station,1
MORWELL,LATROBE,23810,Gippsland,public_transport,stop_position,Public Transport Stop Position,8
MORWELL,LATROBE,23810,Gippsland,recreation,garden,Garden,4
MORWELL,LATROBE,23810,Gippsland,recreation,nature_reserve,Nature Reserve,8
MORWELL,LATROBE,23810,Gippsland,recreation,park,Park,44
MORWELL,LATROBE,23810,Gippsland,recreation,playground,Playground,13
MORWELL,LATROBE,23810,Gippsland,recreation,sports_centre,Sports Centre,5
MORWELL,LATROBE,23810,Gippsland,shopping,convenience_store,Convenience Store,8
MORWELL,LATROBE,23810,Gippsland,shopping,supermarket,Supermarket,3
MOSSIFACE,EAST GIPPSLAND,22110,Gippsland,community,town_hall,Town Hall,1
MOSSIFACE,EAST GIPPSLAND,22110,Gippsland,recreation,nature_reserve,Nature Reserve,2
MOUNT BEAUTY,ALPINE,20110,Ovens Murray,community,library,Library,2
MOUNT BEAUTY,ALPINE,20110,Ovens Murray,education,school,School,4
MOUNT BEAUTY,ALPINE,20110,Ovens Murray,healthcare,clinic,Clinic,2
MOUNT BEAUTY,ALPINE,20110,Ovens Murray,healthcare,hospital,Hospital,2
MOUNT BEAUTY,ALPINE,20110,Ovens Murray,recreation,garden,Garden,2
MOUNT BEAUTY,ALPINE,20110,Ovens Murray,recreation,park,Park,11
MOUNT BEAUTY,ALPINE,20110,Ovens Murray,recreation,playground,Playground,2
MOUNT BEAUTY,ALPINE,20110,Ovens Murray,recreation,sports_centre,Sports Centre,6
MOUNT BEAUTY,ALPINE,20110,Ovens Murray,shopping,supermarket,Supermarket,1
MOUNT BECKWORTH,HEPBURN,22910,Central Highlands,recreation,nature_reserve,Nature Reserve,2
MOUNT BRUNO,BENALLA,21010,Ovens Murray,recreation,nature_reserve,Nature Reserve,2
MOUNT BUFFALO,ALPINE,20110,Ovens Murray,recreation,nature_reserve,Nature Reserve,3
MOUNT BUFFALO,ALPINE,20110,Ovens Murray,recreation,park,Park,2
MOUNT BULLER,MANSFIELD,24250,Ovens Murray,recreation,nature_reserve,Nature Reserve,5
MOUNT BULLER,MOUNT BULLER ALPINE RESORT (UNINC),29399,Goulburn,education,school,School,2
MOUNT BULLER,MOUNT BULLER ALPINE RESORT (UNINC),29399,Goulburn,healthcare,clinic,Clinic,2
MOUNT BULLER,MOUNT BULLER ALPINE RESORT (UNINC),29399,Goulburn,public_transport,bus_stop,Bus Stop,8
MOUNT BULLER,MOUNT BULLER ALPINE RESORT (UNINC),29399,Goulburn,public_transport,station,Public Transport Station,39
MOUNT BULLER,MOUNT BULLER ALPINE RESORT (UNINC),29399,Goulburn,recreation,sports_centre,Sports Centre,1
MOUNT BULLER,MOUNT BULLER ALPINE RESORT (UNINC),29399,Goulburn,shopping,supermarket,Supermarket,1
MOUNT BUTE,CORANGAMITE,21830,Great South Coast,recreation,park,Park,2
MOUNT CAMEL,GREATER BENDIGO,22620,Loddon Campaspe,recreation,nature_reserve,Nature Reserve,1
MOUNT CLEAR,BALLARAT,20570,Central Highlands,education,kindergarten,Kindergarten,4
MOUNT CLEAR,BALLARAT,20570,Central Highlands,education,school,School,8
MOUNT CLEAR,BALLARAT,20570,Central Highlands,healthcare,clinic,Clinic,2
MOUNT CLEAR,BALLARAT,20570,Central Highlands,public_transport,bus_stop,Bus Stop,12
MOUNT CLEAR,BALLARAT,20570,Central Highlands,recreation,nature_reserve,Nature Reserve,1
MOUNT CLEAR,BALLARAT,20570,Central Highlands,recreation,park,Park,27
MOUNT CLEAR,BALLARAT,20570,Central Highlands,recreation,playground,Playground,9
MOUNT CLEAR,BALLARAT,20570,Central Highlands,recreation,sports_centre,Sports Centre,1
MOUNT CLEAR,BALLARAT,20570,Central Highlands,shopping,supermarket,Supermarket,1
MOUNT COLE,ARARAT,20260,Central Highlands,recreation,nature_reserve,Nature Reserve,1
MOUNT DUNEED,GREATER GEELONG,22750,Barwon,community,community_centre,Community Centre,4
MOUNT DUNEED,GREATER GEELONG,22750,Barwon,community,social_facility,Social Facility,2
MOUNT DUNEED,GREATER GEELONG,22750,Barwon,education,school,School,4
MOUNT DUNEED,GREATER GEELONG,22750,Barwon,healthcare,doctor,Doctor,2
MOUNT DUNEED,GREATER GEELONG,22750,Barwon,healthcare,pharmacy,Pharmacy,1
MOUNT DUNEED,GREATER GEELONG,22750,Barwon,public_transport,bus_stop,Bus Stop,14
MOUNT DUNEED,GREATER GEELONG,22750,Barwon,public_transport,platform,Public Transport Platform,1
MOUNT DUNEED,GREATER GEELONG,22750,Barwon,public_transport,stop_position,Public Transport Stop Position,2
MOUNT DUNEED,GREATER GEELONG,22750,Barwon,recreation,park,Park,35
MOUNT DUNEED,GREATER GEELONG,22750,Barwon,recreation,playground,Playground,21
MOUNT DUNEED,GREATER GEELONG,22750,Barwon,recreation,sports_centre,Sports Centre,3
MOUNT DUNEED,GREATER GEELONG,22750,Barwon,shopping,supermarket,Supermarket,1
MOUNT DUNEED,SURF COAST,26490,Barwon,public_transport,bus_stop,Bus Stop,2
MOUNT DUNEED,SURF COAST,26490,Barwon,recreation,nature_reserve,Nature Reserve,2
MOUNT DUNEED,SURF COAST,26490,Barwon,recreation,park,Park,4
MOUNT DUNEED,SURF COAST,26490,Barwon,recreation,playground,Playground,2
MOUNT ECCLES,SOUTH GIPPSLAND,26170,Gippsland,community,community_centre,Community Centre,2
MOUNT EGERTON,MOORABOOL,25150,Central Highlands,education,school,School,2
MOUNT EGERTON,MOORABOOL,25150,Central Highlands,public_transport,bus_stop,Bus Stop,4
MOUNT EGERTON,MOORABOOL,25150,Central Highlands,public_transport,stop_position,Public Transport Stop Position,2
MOUNT EGERTON,MOORABOOL,25150,Central Highlands,recreation,nature_reserve,Nature Reserve,5
MOUNT EGERTON,MOORABOOL,25150,Central Highlands,shopping,convenience_store,Convenience Store,1
MOUNT EMU,PYRENEES,25990,Central Highlands,recreation,sports_centre,Sports Centre,2
MOUNT FRANKLIN,HEPBURN,22910,Central Highlands,recreation,nature_reserve,Nature Reserve,5
MOUNT GLASGOW,CENTRAL GOLDFIELDS,21670,Loddon Campaspe,recreation,nature_reserve,Nature Reserve,2
MOUNT HELEN,BALLARAT,20570,Central Highlands,community,library,Library,2
MOUNT HELEN,BALLARAT,20570,Central Highlands,education,kindergarten,Kindergarten,1
MOUNT HELEN,BALLARAT,20570,Central Highlands,education,school,School,2
MOUNT HELEN,BALLARAT,20570,Central Highlands,public_transport,bus_stop,Bus Stop,12
MOUNT HELEN,BALLARAT,20570,Central Highlands,public_transport,platform,Public Transport Platform,7
MOUNT HELEN,BALLARAT,20570,Central Highlands,recreation,garden,Garden,4
MOUNT HELEN,BALLARAT,20570,Central Highlands,recreation,park,Park,12
MOUNT HELEN,BALLARAT,20570,Central Highlands,recreation,playground,Playground,5
MOUNT HELEN,BALLARAT,20570,Central Highlands,recreation,sports_centre,Sports Centre,5
MOUNT LONARCH,PYRENEES,25990,Central Highlands,recreation,nature_reserve,Nature Reserve,2
MOUNT MACEDON,MACEDON RANGES,24130,Loddon Campaspe,education,school,School,4
MOUNT MACEDON,MACEDON RANGES,24130,Loddon Campaspe,recreation,garden,Garden,6
MOUNT MACEDON,MACEDON RANGES,24130,Loddon Campaspe,recreation,nature_reserve,Nature Reserve,1
MOUNT MACEDON,MACEDON RANGES,24130,Loddon Campaspe,recreation,park,Park,2
MOUNT MACEDON,MACEDON RANGES,24130,Loddon Campaspe,recreation,playground,Playground,1
MOUNT MACEDON,MACEDON RANGES,24130,Loddon Campaspe,recreation,sports_centre,Sports Centre,2
MOUNT MERCER,GOLDEN PLAINS,22490,Central Highlands,recreation,nature_reserve,Nature Reserve,2
MOUNT MORIAC,SURF COAST,26490,Barwon,recreation,park,Park,2
MOUNT MORIAC,SURF COAST,26490,Barwon,recreation,playground,Playground,2
MOUNT NAPIER,SOUTHERN GRAMPIANS,26260,Great South Coast,recreation,nature_reserve,Nature Reserve,1
MOUNT PLEASANT,BALLARAT,20570,Central Highlands,education,school,School,2
MOUNT PLEASANT,BALLARAT,20570,Central Highlands,public_transport,bus_stop,Bus Stop,12
MOUNT PLEASANT,BALLARAT,20570,Central Highlands,public_transport,stop_position,Public Transport Stop Position,1
MOUNT PLEASANT,BALLARAT,20570,Central Highlands,recreation,park,Park,8
MOUNT PLEASANT,BALLARAT,20570,Central Highlands,recreation,playground,Playground,10
MOUNT RICHMOND,GLENELG,22410,Great South Coast,recreation,nature_reserve,Nature Reserve,16
MOUNT RICHMOND,GLENELG,22410,Great South Coast,recreation,park,Park,4
MOUNT ROWAN,BALLARAT,20570,Central Highlands,education,school,School,2
MOUNT ROWAN,BALLARAT,20570,Central Highlands,public_transport,bus_stop,Bus Stop,16
MOUNT TAYLOR,EAST GIPPSLAND,22110,Gippsland,recreation,nature_reserve,Nature Reserve,2
MOUNT WALLACE,MOORABOOL,25150,Central Highlands,recreation,playground,Playground,2
MOYHU,WANGARATTA,26700,Ovens Murray,education,school,School,2
MOYHU,WANGARATTA,26700,Ovens Murray,public_transport,bus_stop,Bus Stop,1
MOYHU,WANGARATTA,26700,Ovens Murray,recreation,park,Park,2
MOYHU,WANGARATTA,26700,Ovens Murray,recreation,playground,Playground,1
MOYHU,WANGARATTA,26700,Ovens Murray,shopping,convenience_store,Convenience Store,1
MOYREISK,NORTHERN GRAMPIANS,25810,Wimmera Southern Mallee,recreation,nature_reserve,Nature Reserve,2
MOYSTON,ARARAT,20260,Central Highlands,education,school,School,2
MOYSTON,ARARAT,20260,Central Highlands,recreation,nature_reserve,Nature Reserve,16
MOYSTON,ARARAT,20260,Central Highlands,recreation,park,Park,2
MOYSTON,ARARAT,20260,Central Highlands,shopping,convenience_store,Convenience Store,1
MUCKATAH,MOIRA,24900,Goulburn,recreation,nature_reserve,Nature Reserve,1
MUCKLEFORD,MOUNT ALEXANDER,25430,Loddon Campaspe,community,community_centre,Community Centre,2
MUCKLEFORD,MOUNT ALEXANDER,25430,Loddon Campaspe,education,school,School,2
MUCKLEFORD,MOUNT ALEXANDER,25430,Loddon Campaspe,public_transport,bus_stop,Bus Stop,2
MUCKLEFORD,MOUNT ALEXANDER,25430,Loddon Campaspe,public_transport,railway_station,Railway Station,1
MUCKLEFORD,MOUNT ALEXANDER,25430,Loddon Campaspe,recreation,nature_reserve,Nature Reserve,4
MUCKLEFORD,MOUNT ALEXANDER,25430,Loddon Campaspe,recreation,park,Park,1
MUCKLEFORD,MOUNT ALEXANDER,25430,Loddon Campaspe,recreation,playground,Playground,2
MUCKLEFORD SOUTH,MOUNT ALEXANDER,25430,Loddon Campaspe,community,community_centre,Community Centre,2
MUCKLEFORD SOUTH,MOUNT ALEXANDER,25430,Loddon Campaspe,recreation,nature_reserve,Nature Reserve,2
MUDGEGONGA,ALPINE,20110,Ovens Murray,community,town_hall,Town Hall,1
MUDGEGONGA,ALPINE,20110,Ovens Murray,public_transport,bus_stop,Bus Stop,1
MUDGEGONGA,ALPINE,20110,Ovens Murray,recreation,nature_reserve,Nature Reserve,1
MUMBANNAR,GLENELG,22410,Great South Coast,community,community_centre,Community Centre,2
MUMBANNAR,GLENELG,22410,Great South Coast,recreation,nature_reserve,Nature Reserve,15
MUNDOONA,MOIRA,24900,Goulburn,recreation,nature_reserve,Nature Reserve,1
MUNRO,WELLINGTON,26810,Gippsland,recreation,nature_reserve,Nature Reserve,4
MURCHISON,GREATER SHEPPARTON,22830,Goulburn,education,school,School,2
MURCHISON,GREATER SHEPPARTON,22830,Goulburn,healthcare,pharmacy,Pharmacy,1
MURCHISON,GREATER SHEPPARTON,22830,Goulburn,recreation,garden,Garden,2
MURCHISON,GREATER SHEPPARTON,22830,Goulburn,recreation,nature_reserve,Nature Reserve,5
MURCHISON,GREATER SHEPPARTON,22830,Goulburn,recreation,park,Park,2
MURCHISON,GREATER SHEPPARTON,22830,Goulburn,recreation,playground,Playground,1
MURCHISON,GREATER SHEPPARTON,22830,Goulburn,shopping,convenience_store,Convenience Store,1
MURCHISON EAST,GREATER SHEPPARTON,22830,Goulburn,public_transport,bus_stop,Bus Stop,1
MURCHISON EAST,GREATER SHEPPARTON,22830,Goulburn,public_transport,platform,Public Transport Platform,1
MURCHISON EAST,GREATER SHEPPARTON,22830,Goulburn,public_transport,railway_station,Railway Station,1
MURCHISON EAST,GREATER SHEPPARTON,22830,Goulburn,public_transport,stop_position,Public Transport Stop Position,1
MURCHISON EAST,GREATER SHEPPARTON,22830,Goulburn,recreation,nature_reserve,Nature Reserve,3
MURMUNGEE,WANGARATTA,26700,Ovens Murray,community,town_hall,Town Hall,2
MURMUNGEE,WANGARATTA,26700,Ovens Murray,recreation,nature_reserve,Nature Reserve,6
MURPHYS CREEK,LODDON,23940,Loddon Campaspe,recreation,nature_reserve,Nature Reserve,10
MURRABIT,GANNAWARRA,22250,Mallee,community,community_centre,Community Centre,2
MURRABIT,GANNAWARRA,22250,Mallee,education,school,School,2
MURRABIT,GANNAWARRA,22250,Mallee,recreation,garden,Garden,2
MURRABIT,GANNAWARRA,22250,Mallee,recreation,nature_reserve,Nature Reserve,1
MURRABIT,GANNAWARRA,22250,Mallee,recreation,playground,Playground,2
MURRABIT,GANNAWARRA,22250,Mallee,shopping,supermarket,Supermarket,2
MURRAY-SUNSET,MILDURA,24780,Mallee,recreation,nature_reserve,Nature Reserve,34
MURRAYVILLE,MILDURA,24780,Mallee,community,community_centre,Community Centre,1
MURRAYVILLE,MILDURA,24780,Mallee,community,library,Library,1
MURRAYVILLE,MILDURA,24780,Mallee,education,kindergarten,Kindergarten,2
MURRAYVILLE,MILDURA,24780,Mallee,education,school,School,2
MURRAYVILLE,MILDURA,24780,Mallee,healthcare,pharmacy,Pharmacy,1
MURRAYVILLE,MILDURA,24780,Mallee,public_transport,bus_stop,Bus Stop,1
MURRAYVILLE,MILDURA,24780,Mallee,public_transport,platform,Public Transport Platform,2
MURRAYVILLE,MILDURA,24780,Mallee,public_transport,stop_position,Public Transport Stop Position,2
MURRAYVILLE,MILDURA,24780,Mallee,recreation,nature_reserve,Nature Reserve,9
MURRAYVILLE,MILDURA,24780,Mallee,recreation,park,Park,4
MURRAYVILLE,MILDURA,24780,Mallee,recreation,sports_centre,Sports Centre,2
MURRAYVILLE,MILDURA,24780,Mallee,shopping,supermarket,Supermarket,1
MURRINDAL,EAST GIPPSLAND,22110,Gippsland,recreation,nature_reserve,Nature Reserve,4
MURRINDINDI,MURRINDINDI,25620,Goulburn,recreation,nature_reserve,Nature Reserve,7
MURTOA,YARRIAMBIACK,27630,Wimmera Southern Mallee,community,community_centre,Community Centre,3
MURTOA,YARRIAMBIACK,27630,Wimmera Southern Mallee,education,kindergarten,Kindergarten,1
MURTOA,YARRIAMBIACK,27630,Wimmera Southern Mallee,education,school,School,4
MURTOA,YARRIAMBIACK,27630,Wimmera Southern Mallee,healthcare,hospital,Hospital,2
MURTOA,YARRIAMBIACK,27630,Wimmera Southern Mallee,public_transport,platform,Public Transport Platform,3
MURTOA,YARRIAMBIACK,27630,Wimmera Southern Mallee,public_transport,stop_position,Public Transport Stop Position,2
MURTOA,YARRIAMBIACK,27630,Wimmera Southern Mallee,recreation,nature_reserve,Nature Reserve,10
MURTOA,YARRIAMBIACK,27630,Wimmera Southern Mallee,recreation,park,Park,4
MURTOA,YARRIAMBIACK,27630,Wimmera Southern Mallee,recreation,playground,Playground,3
MURTOA,YARRIAMBIACK,27630,Wimmera Southern Mallee,recreation,sports_centre,Sports Centre,2
MURTOA,YARRIAMBIACK,27630,Wimmera Southern Mallee,shopping,convenience_store,Convenience Store,2
MURTOA,YARRIAMBIACK,27630,Wimmera Southern Mallee,shopping,supermarket,Supermarket,1
MUSK,HEPBURN,22910,Central Highlands,public_transport,railway_halt,Railway Halt,2
MUSK,HEPBURN,22910,Central Highlands,recreation,nature_reserve,Nature Reserve,4
MUSK VALE,HEPBURN,22910,Central Highlands,public_transport,bus_stop,Bus Stop,2
MUSKERRY,CAMPASPE,21370,Loddon Campaspe,recreation,nature_reserve,Nature Reserve,3
MYALL (KERANG),GANNAWARRA,22250,Mallee,recreation,nature_reserve,Nature Reserve,1
MYALL (SEA LAKE),BULOKE,21270,Mallee,recreation,garden,Garden,6
MYALL (SEA LAKE),BULOKE,21270,Mallee,recreation,nature_reserve,Nature Reserve,2
MYERS FLAT,GREATER BENDIGO,22620,Loddon Campaspe,recreation,nature_reserve,Nature Reserve,3
MYRNIONG,MOORABOOL,25150,Central Highlands,education,school,School,2
MYRNIONG,MOORABOOL,25150,Central Highlands,recreation,nature_reserve,Nature Reserve,3
MYRNIONG,MOORABOOL,25150,Central Highlands,recreation,park,Park,4
MYRNIONG,MOORABOOL,25150,Central Highlands,recreation,playground,Playground,3
MYRRHEE,WANGARATTA,26700,Ovens Murray,community,town_hall,Town Hall,1
MYRRHEE,WANGARATTA,26700,Ovens Murray,education,school,School,2
MYRRHEE,WANGARATTA,26700,Ovens Murray,recreation,nature_reserve,Nature Reserve,8
MYRRHEE,WANGARATTA,26700,Ovens Murray,recreation,playground,Playground,1
MYRTLE CREEK,GREATER BENDIGO,22620,Loddon Campaspe,recreation,nature_reserve,Nature Reserve,1
MYRTLE CREEK,MOUNT ALEXANDER,25430,Loddon Campaspe,recreation,nature_reserve,Nature Reserve,2
MYRTLEFORD,ALPINE,20110,Ovens Murray,community,community_centre,Community Centre,4
MYRTLEFORD,ALPINE,20110,Ovens Murray,community,library,Library,1
MYRTLEFORD,ALPINE,20110,Ovens Murray,community,town_hall,Town Hall,2
MYRTLEFORD,ALPINE,20110,Ovens Murray,education,kindergarten,Kindergarten,2
MYRTLEFORD,ALPINE,20110,Ovens Murray,education,school,School,6
MYRTLEFORD,ALPINE,20110,Ovens Murray,healthcare,dentist,Dentist,1
MYRTLEFORD,ALPINE,20110,Ovens Murray,healthcare,hospital,Hospital,2
MYRTLEFORD,ALPINE,20110,Ovens Murray,healthcare,pharmacy,Pharmacy,2
MYRTLEFORD,ALPINE,20110,Ovens Murray,public_transport,bus_stop,Bus Stop,2
MYRTLEFORD,ALPINE,20110,Ovens Murray,public_transport,stop_position,Public Transport Stop Position,1
MYRTLEFORD,ALPINE,20110,Ovens Murray,recreation,garden,Garden,2
MYRTLEFORD,ALPINE,20110,Ovens Murray,recreation,nature_reserve,Nature Reserve,2
MYRTLEFORD,ALPINE,20110,Ovens Murray,recreation,park,Park,33
MYRTLEFORD,ALPINE,20110,Ovens Murray,recreation,playground,Playground,7
MYRTLEFORD,ALPINE,20110,Ovens Murray,recreation,sports_centre,Sports Centre,5
MYRTLEFORD,ALPINE,20110,Ovens Murray,shopping,supermarket,Supermarket,3
MYSIA,LODDON,23940,Loddon Campaspe,public_transport,bus_stop,Bus Stop,1
MYSIA,LODDON,23940,Loddon Campaspe,recreation,nature_reserve,Nature Reserve,5
MYSTIC PARK,GANNAWARRA,22250,Mallee,public_transport,bus_stop,Bus Stop,1
MYSTIC PARK,GANNAWARRA,22250,Mallee,recreation,nature_reserve,Nature Reserve,4
MYSTIC PARK,GANNAWARRA,22250,Mallee,recreation,park,Park,2
MYWEE,MOIRA,24900,Goulburn,recreation,nature_reserve,Nature Reserve,1
NAGAMBIE,STRATHBOGIE,26430,Goulburn,community,community_centre,Community Centre,4
NAGAMBIE,STRATHBOGIE,26430,Goulburn,community,library,Library,3
NAGAMBIE,STRATHBOGIE,26430,Goulburn,community,social_facility,Social Facility,6
NAGAMBIE,STRATHBOGIE,26430,Goulburn,education,childcare,Childcare Centre,2
NAGAMBIE,STRATHBOGIE,26430,Goulburn,education,school,School,4
NAGAMBIE,STRATHBOGIE,26430,Goulburn,healthcare,clinic,Clinic,4
NAGAMBIE,STRATHBOGIE,26430,Goulburn,healthcare,dentist,Dentist,1
NAGAMBIE,STRATHBOGIE,26430,Goulburn,public_transport,bus_stop,Bus Stop,3
NAGAMBIE,STRATHBOGIE,26430,Goulburn,public_transport,platform,Public Transport Platform,1
NAGAMBIE,STRATHBOGIE,26430,Goulburn,public_transport,railway_station,Railway Station,1
NAGAMBIE,STRATHBOGIE,26430,Goulburn,recreation,garden,Garden,6
NAGAMBIE,STRATHBOGIE,26430,Goulburn,recreation,nature_reserve,Nature Reserve,2
NAGAMBIE,STRATHBOGIE,26430,Goulburn,recreation,park,Park,10
NAGAMBIE,STRATHBOGIE,26430,Goulburn,recreation,playground,Playground,4
NAGAMBIE,STRATHBOGIE,26430,Goulburn,recreation,sports_centre,Sports Centre,2
NAGAMBIE,STRATHBOGIE,26430,Goulburn,shopping,supermarket,Supermarket,1
NALINGA,GREATER SHEPPARTON,22830,Goulburn,recreation,nature_reserve,Nature Reserve,1
NALINGA,STRATHBOGIE,26430,Goulburn,recreation,nature_reserve,Nature Reserve,1
NAMBROK,WELLINGTON,26810,Gippsland,education,school,School,2
NANDALY,BULOKE,21270,Mallee,recreation,nature_reserve,Nature Reserve,1
NANGILOC,MILDURA,24780,Mallee,education,kindergarten,Kindergarten,2
NANGILOC,MILDURA,24780,Mallee,education,school,School,2
NANGILOC,MILDURA,24780,Mallee,recreation,park,Park,2
NANNEELLA,CAMPASPE,21370,Loddon Campaspe,community,town_hall,Town Hall,2
NANNEELLA,CAMPASPE,21370,Loddon Campaspe,education,school,School,2
NANNEELLA,CAMPASPE,21370,Loddon Campaspe,recreation,nature_reserve,Nature Reserve,1
NANNEELLA,CAMPASPE,21370,Loddon Campaspe,shopping,convenience_store,Convenience Store,2
NAP NAP MARRA,WELLINGTON,26810,Gippsland,recreation,nature_reserve,Nature Reserve,2
NAPOLEONS,GOLDEN PLAINS,22490,Central Highlands,education,school,School,2
NAPOLEONS,GOLDEN PLAINS,22490,Central Highlands,recreation,nature_reserve,Nature Reserve,2
NAPOLEONS,GOLDEN PLAINS,22490,Central Highlands,recreation,playground,Playground,2
NARBETHONG,MURRINDINDI,25620,Goulburn,public_transport,bus_stop,Bus Stop,2
NARBETHONG,MURRINDINDI,25620,Goulburn,recreation,garden,Garden,2
NARBETHONG,MURRINDINDI,25620,Goulburn,recreation,nature_reserve,Nature Reserve,1
NAREEWILLOCK,BULOKE,21270,Mallee,recreation,nature_reserve,Nature Reserve,1
NARIEL VALLEY,EAST GIPPSLAND,22110,Gippsland,recreation,nature_reserve,Nature Reserve,4
NARIEL VALLEY,TOWONG,26670,Ovens Murray,recreation,nature_reserve,Nature Reserve,8
NARING,MOIRA,24900,Goulburn,recreation,nature_reserve,Nature Reserve,4
NARINGAL EAST,MOYNE,25490,Great South Coast,recreation,nature_reserve,Nature Reserve,4
NARRACAN,BAW BAW,20830,Gippsland,education,school,School,2
NARRACAN,BAW BAW,20830,Gippsland,recreation,nature_reserve,Nature Reserve,2
NARRAPORT,BULOKE,21270,Mallee,recreation,garden,Garden,2
NARRAPORT,BULOKE,21270,Mallee,recreation,nature_reserve,Nature Reserve,3
NARRAPORT,BULOKE,21270,Mallee,recreation,playground,Playground,2
NARRAWONG,GLENELG,22410,Great South Coast,education,school,School,2
NARRAWONG,GLENELG,22410,Great South Coast,public_transport,bus_stop,Bus Stop,1
NARRAWONG,GLENELG,22410,Great South Coast,recreation,park,Park,2
NARRAWONG,GLENELG,22410,Great South Coast,recreation,playground,Playground,2
NARRUNG,SWAN HILL,26610,Mallee,recreation,nature_reserve,Nature Reserve,2
NATHALIA,MOIRA,24900,Goulburn,community,library,Library,1
NATHALIA,MOIRA,24900,Goulburn,education,school,School,9
NATHALIA,MOIRA,24900,Goulburn,healthcare,hospital,Hospital,2
NATHALIA,MOIRA,24900,Goulburn,healthcare,pharmacy,Pharmacy,1
NATHALIA,MOIRA,24900,Goulburn,recreation,nature_reserve,Nature Reserve,10
NATHALIA,MOIRA,24900,Goulburn,recreation,park,Park,6
NATHALIA,MOIRA,24900,Goulburn,recreation,playground,Playground,1
NATHALIA,MOIRA,24900,Goulburn,recreation,sports_centre,Sports Centre,4
NATHALIA,MOIRA,24900,Goulburn,shopping,supermarket,Supermarket,1
NATIMUK,HORSHAM,23190,Wimmera Southern Mallee,community,community_centre,Community Centre,2
NATIMUK,HORSHAM,23190,Wimmera Southern Mallee,community,town_hall,Town Hall,2
NATIMUK,HORSHAM,23190,Wimmera Southern Mallee,education,kindergarten,Kindergarten,2
NATIMUK,HORSHAM,23190,Wimmera Southern Mallee,education,school,School,2
NATIMUK,HORSHAM,23190,Wimmera Southern Mallee,healthcare,doctor,Doctor,2
NATIMUK,HORSHAM,23190,Wimmera Southern Mallee,public_transport,bus_stop,Bus Stop,2
NATIMUK,HORSHAM,23190,Wimmera Southern Mallee,recreation,park,Park,4
NATIMUK,HORSHAM,23190,Wimmera Southern Mallee,recreation,playground,Playground,8
NATIMUK,HORSHAM,23190,Wimmera Southern Mallee,recreation,sports_centre,Sports Centre,2
NATIMUK,HORSHAM,23190,Wimmera Southern Mallee,shopping,convenience_store,Convenience Store,2
NATTE YALLOCK,PYRENEES,25990,Central Highlands,education,school,School,2
NATTE YALLOCK,PYRENEES,25990,Central Highlands,recreation,nature_reserve,Nature Reserve,2
NATYA,SWAN HILL,26610,Mallee,recreation,nature_reserve,Nature Reserve,5
NAVARRE,NORTHERN GRAMPIANS,25810,Wimmera Southern Mallee,community,community_centre,Community Centre,2
NAVARRE,NORTHERN GRAMPIANS,25810,Wimmera Southern Mallee,education,school,School,2
NAVARRE,NORTHERN GRAMPIANS,25810,Wimmera Southern Mallee,recreation,nature_reserve,Nature Reserve,2
NAVARRE,NORTHERN GRAMPIANS,25810,Wimmera Southern Mallee,recreation,park,Park,4
NAVARRE,NORTHERN GRAMPIANS,25810,Wimmera Southern Mallee,recreation,playground,Playground,1
NAVARRE,PYRENEES,25990,Central Highlands,recreation,nature_reserve,Nature Reserve,2
NAVIGATORS,MOORABOOL,25150,Central Highlands,community,community_centre,Community Centre,2
NAVIGATORS,MOORABOOL,25150,Central Highlands,recreation,playground,Playground,2
NAVIGATORS,MOORABOOL,25150,Central Highlands,recreation,sports_centre,Sports Centre,2
NAYOOK,BAW BAW,20830,Gippsland,education,school,School,2
NEDS CORNER,MILDURA,24780,Mallee,recreation,nature_reserve,Nature Reserve,1
NEEREMAN,MOUNT ALEXANDER,25430,Loddon Campaspe,recreation,nature_reserve,Nature Reserve,3
NEERIM,BAW BAW,20830,Gippsland,public_transport,bus_stop,Bus Stop,1
NEERIM,BAW BAW,20830,Gippsland,recreation,nature_reserve,Nature Reserve,2
NEERIM EAST,BAW BAW,20830,Gippsland,recreation,nature_reserve,Nature Reserve,3
NEERIM JUNCTION,BAW BAW,20830,Gippsland,community,community_centre,Community Centre,1
NEERIM JUNCTION,BAW BAW,20830,Gippsland,public_transport,bus_stop,Bus Stop,1
NEERIM JUNCTION,BAW BAW,20830,Gippsland,recreation,nature_reserve,Nature Reserve,1
NEERIM NORTH,BAW BAW,20830,Gippsland,recreation,nature_reserve,Nature Reserve,3
NEERIM SOUTH,BAW BAW,20830,Gippsland,community,community_centre,Community Centre,2
NEERIM SOUTH,BAW BAW,20830,Gippsland,education,school,School,4
NEERIM SOUTH,BAW BAW,20830,Gippsland,healthcare,clinic,Clinic,1
NEERIM SOUTH,BAW BAW,20830,Gippsland,healthcare,hospital,Hospital,1
NEERIM SOUTH,BAW BAW,20830,Gippsland,public_transport,bus_stop,Bus Stop,2
NEERIM SOUTH,BAW BAW,20830,Gippsland,recreation,nature_reserve,Nature Reserve,2
NEERIM SOUTH,BAW BAW,20830,Gippsland,shopping,supermarket,Supermarket,1
NELSE,EAST GIPPSLAND,22110,Gippsland,recreation,nature_reserve,Nature Reserve,4
NELSON,GLENELG,22410,Great South Coast,recreation,nature_reserve,Nature Reserve,3
NELSON,GLENELG,22410,Great South Coast,recreation,park,Park,8
NELSON,GLENELG,22410,Great South Coast,recreation,playground,Playground,4
NERRIN NERRIN,ARARAT,20260,Central Highlands,recreation,nature_reserve,Nature Reserve,14
NERRINA,BALLARAT,20570,Central Highlands,education,school,School,2
NERRINA,BALLARAT,20570,Central Highlands,recreation,nature_reserve,Nature Reserve,1
NERRINA,BALLARAT,20570,Central Highlands,recreation,park,Park,9
NERRINA,BALLARAT,20570,Central Highlands,recreation,playground,Playground,1
NETHERBY,HINDMARSH,22980,Wimmera Southern Mallee,community,community_centre,Community Centre,1
NETHERBY,HINDMARSH,22980,Wimmera Southern Mallee,recreation,nature_reserve,Nature Reserve,2
NETHERBY,HINDMARSH,22980,Wimmera Southern Mallee,recreation,park,Park,2
NEUARPURR,WEST WIMMERA,26890,Wimmera Southern Mallee,recreation,nature_reserve,Nature Reserve,2
NEUARPURR,WEST WIMMERA,26890,Wimmera Southern Mallee,recreation,park,Park,2
NEW GISBORNE,MACEDON RANGES,24130,Loddon Campaspe,education,school,School,6
NEW GISBORNE,MACEDON RANGES,24130,Loddon Campaspe,public_transport,platform,Public Transport Platform,2
NEW GISBORNE,MACEDON RANGES,24130,Loddon Campaspe,public_transport,railway_station,Railway Station,1
NEW GISBORNE,MACEDON RANGES,24130,Loddon Campaspe,recreation,garden,Garden,76
NEW GISBORNE,MACEDON RANGES,24130,Loddon Campaspe,recreation,nature_reserve,Nature Reserve,1
NEW GISBORNE,MACEDON RANGES,24130,Loddon Campaspe,recreation,park,Park,4
NEW GISBORNE,MACEDON RANGES,24130,Loddon Campaspe,recreation,playground,Playground,1
NEW GISBORNE,MACEDON RANGES,24130,Loddon Campaspe,recreation,sports_centre,Sports Centre,4
NEWBOROUGH,LATROBE,23810,Gippsland,community,community_centre,Community Centre,1
NEWBOROUGH,LATROBE,23810,Gippsland,community,social_facility,Social Facility,6
NEWBOROUGH,LATROBE,23810,Gippsland,community,town_hall,Town Hall,2
NEWBOROUGH,LATROBE,23810,Gippsland,education,childcare,Childcare Centre,1
NEWBOROUGH,LATROBE,23810,Gippsland,education,college,College,2
NEWBOROUGH,LATROBE,23810,Gippsland,education,kindergarten,Kindergarten,4
NEWBOROUGH,LATROBE,23810,Gippsland,education,school,School,8
NEWBOROUGH,LATROBE,23810,Gippsland,healthcare,dentist,Dentist,1
NEWBOROUGH,LATROBE,23810,Gippsland,healthcare,doctor,Doctor,1
NEWBOROUGH,LATROBE,23810,Gippsland,healthcare,pharmacy,Pharmacy,1
NEWBOROUGH,LATROBE,23810,Gippsland,public_transport,bus_stop,Bus Stop,52
NEWBOROUGH,LATROBE,23810,Gippsland,public_transport,platform,Public Transport Platform,1
NEWBOROUGH,LATROBE,23810,Gippsland,recreation,garden,Garden,32
NEWBOROUGH,LATROBE,23810,Gippsland,recreation,nature_reserve,Nature Reserve,2
NEWBOROUGH,LATROBE,23810,Gippsland,recreation,park,Park,52
NEWBOROUGH,LATROBE,23810,Gippsland,recreation,playground,Playground,17
NEWBOROUGH,LATROBE,23810,Gippsland,recreation,sports_centre,Sports Centre,2
NEWBOROUGH,LATROBE,23810,Gippsland,shopping,supermarket,Supermarket,1
NEWBRIDGE,LODDON,23940,Loddon Campaspe,recreation,nature_reserve,Nature Reserve,2
NEWBRIDGE,LODDON,23940,Loddon Campaspe,recreation,park,Park,2
NEWBRIDGE,LODDON,23940,Loddon Campaspe,recreation,playground,Playground,2
NEWBRIDGE,LODDON,23940,Loddon Campaspe,shopping,convenience_store,Convenience Store,2
NEWBURY,HEPBURN,22910,Central Highlands,recreation,park,Park,2
NEWCOMB,GREATER GEELONG,22750,Barwon,community,library,Library,1
NEWCOMB,GREATER GEELONG,22750,Barwon,community,town_hall,Town Hall,1
NEWCOMB,GREATER GEELONG,22750,Barwon,education,school,School,6
NEWCOMB,GREATER GEELONG,22750,Barwon,healthcare,clinic,Clinic,2
NEWCOMB,GREATER GEELONG,22750,Barwon,healthcare,doctor,Doctor,4
NEWCOMB,GREATER GEELONG,22750,Barwon,healthcare,hospital,Hospital,2
NEWCOMB,GREATER GEELONG,22750,Barwon,healthcare,pharmacy,Pharmacy,2
NEWCOMB,GREATER GEELONG,22750,Barwon,public_transport,bus_stop,Bus Stop,19
NEWCOMB,GREATER GEELONG,22750,Barwon,public_transport,stop_position,Public Transport Stop Position,9
NEWCOMB,GREATER GEELONG,22750,Barwon,recreation,park,Park,28
NEWCOMB,GREATER GEELONG,22750,Barwon,recreation,playground,Playground,24
NEWCOMB,GREATER GEELONG,22750,Barwon,shopping,convenience_store,Convenience Store,2
NEWCOMB,GREATER GEELONG,22750,Barwon,shopping,supermarket,Supermarket,5
NEWHAM,MACEDON RANGES,24130,Loddon Campaspe,education,school,School,2
NEWHAM,MACEDON RANGES,24130,Loddon Campaspe,recreation,park,Park,2
NEWHAM,MACEDON RANGES,24130,Loddon Campaspe,recreation,playground,Playground,1
NEWHAM,MACEDON RANGES,24130,Loddon Campaspe,shopping,convenience_store,Convenience Store,2
NEWHAVEN,BASS COAST,20740,Gippsland,community,community_centre,Community Centre,2
NEWHAVEN,BASS COAST,20740,Gippsland,education,school,School,2
NEWHAVEN,BASS COAST,20740,Gippsland,public_transport,bus_stop,Bus Stop,5
NEWHAVEN,BASS COAST,20740,Gippsland,recreation,nature_reserve,Nature Reserve,1
NEWHAVEN,BASS COAST,20740,Gippsland,recreation,park,Park,2
NEWHAVEN,BASS COAST,20740,Gippsland,recreation,playground,Playground,1
NEWINGTON,BALLARAT,20570,Central Highlands,education,school,School,6
NEWINGTON,BALLARAT,20570,Central Highlands,public_transport,bus_stop,Bus Stop,12
NEWINGTON,BALLARAT,20570,Central Highlands,recreation,garden,Garden,1
NEWINGTON,BALLARAT,20570,Central Highlands,recreation,park,Park,6
NEWINGTON,BALLARAT,20570,Central Highlands,recreation,playground,Playground,8
NEWINGTON,BALLARAT,20570,Central Highlands,recreation,sports_centre,Sports Centre,6
NEWINGTON,BALLARAT,20570,Central Highlands,shopping,convenience_store,Convenience Store,2
NEWLANDS ARM,EAST GIPPSLAND,22110,Gippsland,recreation,park,Park,2
NEWLANDS ARM,EAST GIPPSLAND,22110,Gippsland,recreation,playground,Playground,3
NEWLANDS ARM,EAST GIPPSLAND,22110,Gippsland,shopping,convenience_store,Convenience Store,1
NEWLYN,HEPBURN,22910,Central Highlands,education,school,School,2
NEWMERELLA,EAST GIPPSLAND,22110,Gippsland,education,school,School,2
NEWMERELLA,EAST GIPPSLAND,22110,Gippsland,recreation,park,Park,2
NEWRY,WELLINGTON,26810,Gippsland,community,town_hall,Town Hall,1
NEWRY,WELLINGTON,26810,Gippsland,recreation,playground,Playground,1
NEWRY,WELLINGTON,26810,Gippsland,shopping,convenience_store,Convenience Store,1
NEWSTEAD,MOUNT ALEXANDER,25430,Loddon Campaspe,education,kindergarten,Kindergarten,2
NEWSTEAD,MOUNT ALEXANDER,25430,Loddon Campaspe,education,school,School,2
NEWSTEAD,MOUNT ALEXANDER,25430,Loddon Campaspe,recreation,park,Park,8
NEWSTEAD,MOUNT ALEXANDER,25430,Loddon Campaspe,recreation,playground,Playground,2
NEWSTEAD,MOUNT ALEXANDER,25430,Loddon Campaspe,recreation,sports_centre,Sports Centre,2
NEWSTEAD,MOUNT ALEXANDER,25430,Loddon Campaspe,shopping,convenience_store,Convenience Store,1
NEWTOWN (BALLARAT),GOLDEN PLAINS,22490,Central Highlands,education,school,School,2
NEWTOWN (GEELONG),GREATER GEELONG,22750,Barwon,community,community_centre,Community Centre,2
NEWTOWN (GEELONG),GREATER GEELONG,22750,Barwon,community,library,Library,2
NEWTOWN (GEELONG),GREATER GEELONG,22750,Barwon,community,social_facility,Social Facility,2
NEWTOWN (GEELONG),GREATER GEELONG,22750,Barwon,education,kindergarten,Kindergarten,8
NEWTOWN (GEELONG),GREATER GEELONG,22750,Barwon,education,school,School,21
NEWTOWN (GEELONG),GREATER GEELONG,22750,Barwon,healthcare,dentist,Dentist,6
NEWTOWN (GEELONG),GREATER GEELONG,22750,Barwon,healthcare,doctor,Doctor,2
NEWTOWN (GEELONG),GREATER GEELONG,22750,Barwon,healthcare,pharmacy,Pharmacy,2
NEWTOWN (GEELONG),GREATER GEELONG,22750,Barwon,public_transport,bus_stop,Bus Stop,27
NEWTOWN (GEELONG),GREATER GEELONG,22750,Barwon,recreation,garden,Garden,66
NEWTOWN (GEELONG),GREATER GEELONG,22750,Barwon,recreation,park,Park,35
NEWTOWN (GEELONG),GREATER GEELONG,22750,Barwon,recreation,playground,Playground,32
NEWTOWN (GEELONG),GREATER GEELONG,22750,Barwon,recreation,sports_centre,Sports Centre,8
NEWTOWN (GEELONG),GREATER GEELONG,22750,Barwon,shopping,convenience_store,Convenience Store,2
NEWTOWN (GEELONG),GREATER GEELONG,22750,Barwon,shopping,supermarket,Supermarket,4
NHILL,HINDMARSH,22980,Wimmera Southern Mallee,community,community_centre,Community Centre,4
NHILL,HINDMARSH,22980,Wimmera Southern Mallee,community,library,Library,1
NHILL,HINDMARSH,22980,Wimmera Southern Mallee,education,school,School,6
NHILL,HINDMARSH,22980,Wimmera Southern Mallee,healthcare,dentist,Dentist,1
NHILL,HINDMARSH,22980,Wimmera Southern Mallee,healthcare,hospital,Hospital,2
NHILL,HINDMARSH,22980,Wimmera Southern Mallee,healthcare,pharmacy,Pharmacy,1
NHILL,HINDMARSH,22980,Wimmera Southern Mallee,public_transport,bus_stop,Bus Stop,5
NHILL,HINDMARSH,22980,Wimmera Southern Mallee,public_transport,railway_station,Railway Station,1
NHILL,HINDMARSH,22980,Wimmera Southern Mallee,public_transport,stop_position,Public Transport Stop Position,4
NHILL,HINDMARSH,22980,Wimmera Southern Mallee,recreation,garden,Garden,6
NHILL,HINDMARSH,22980,Wimmera Southern Mallee,recreation,nature_reserve,Nature Reserve,43
NHILL,HINDMARSH,22980,Wimmera Southern Mallee,recreation,park,Park,18
NHILL,HINDMARSH,22980,Wimmera Southern Mallee,recreation,playground,Playground,13
NHILL,HINDMARSH,22980,Wimmera Southern Mallee,recreation,sports_centre,Sports Centre,3
NHILL,HINDMARSH,22980,Wimmera Southern Mallee,shopping,convenience_store,Convenience Store,3
NHILL,HINDMARSH,22980,Wimmera Southern Mallee,shopping,supermarket,Supermarket,2
NICHOLS POINT,MILDURA,24780,Mallee,education,school,School,2
NICHOLS POINT,MILDURA,24780,Mallee,recreation,park,Park,4
NICHOLSON,EAST GIPPSLAND,22110,Gippsland,education,school,School,2
NICHOLSON,EAST GIPPSLAND,22110,Gippsland,public_transport,bus_stop,Bus Stop,2
NICHOLSON,EAST GIPPSLAND,22110,Gippsland,recreation,nature_reserve,Nature Reserve,2
NICHOLSON,EAST GIPPSLAND,22110,Gippsland,recreation,park,Park,2
NICHOLSON,EAST GIPPSLAND,22110,Gippsland,recreation,playground,Playground,2
NICHOLSON,EAST GIPPSLAND,22110,Gippsland,shopping,convenience_store,Convenience Store,1
NILMA,BAW BAW,20830,Gippsland,education,school,School,2
NILMA NORTH,BAW BAW,20830,Gippsland,community,community_centre,Community Centre,1
NINDA,BULOKE,21270,Mallee,recreation,nature_reserve,Nature Reserve,2
NINYEUNOOK,GANNAWARRA,22250,Mallee,recreation,nature_reserve,Nature Reserve,6
NIRRANDA,MOYNE,25490,Great South Coast,recreation,sports_centre,Sports Centre,2
NOOJEE,BAW BAW,20830,Gippsland,community,town_hall,Town Hall,2
NOOJEE,BAW BAW,20830,Gippsland,education,school,School,2
NOOJEE,BAW BAW,20830,Gippsland,public_transport,bus_stop,Bus Stop,3
NOOJEE,BAW BAW,20830,Gippsland,public_transport,platform,Public Transport Platform,1
NOOJEE,BAW BAW,20830,Gippsland,public_transport,stop_position,Public Transport Stop Position,1
NOOJEE,BAW BAW,20830,Gippsland,recreation,garden,Garden,2
NOOJEE,BAW BAW,20830,Gippsland,recreation,nature_reserve,Nature Reserve,7
NOOJEE,BAW BAW,20830,Gippsland,recreation,playground,Playground,2
NOORAT,CORANGAMITE,21830,Great South Coast,education,school,School,4
NOORAT,CORANGAMITE,21830,Great South Coast,recreation,park,Park,3
NOORAT,CORANGAMITE,21830,Great South Coast,recreation,playground,Playground,2
NOORAT,MOYNE,25490,Great South Coast,public_transport,platform,Public Transport Platform,1
NOORINBEE,EAST GIPPSLAND,22110,Gippsland,recreation,park,Park,1
NORADJUHA,HORSHAM,23190,Wimmera Southern Mallee,community,community_centre,Community Centre,2
NORADJUHA,HORSHAM,23190,Wimmera Southern Mallee,recreation,nature_reserve,Nature Reserve,8
NORADJUHA,HORSHAM,23190,Wimmera Southern Mallee,recreation,park,Park,2
NORLANE,GREATER GEELONG,22750,Barwon,community,community_centre,Community Centre,7
NORLANE,GREATER GEELONG,22750,Barwon,community,library,Library,2
NORLANE,GREATER GEELONG,22750,Barwon,community,social_facility,Social Facility,2
NORLANE,GREATER GEELONG,22750,Barwon,education,kindergarten,Kindergarten,4
NORLANE,GREATER GEELONG,22750,Barwon,education,school,School,6
NORLANE,GREATER GEELONG,22750,Barwon,healthcare,clinic,Clinic,9
NORLANE,GREATER GEELONG,22750,Barwon,healthcare,dentist,Dentist,6
NORLANE,GREATER GEELONG,22750,Barwon,healthcare,pharmacy,Pharmacy,1
NORLANE,GREATER GEELONG,22750,Barwon,public_transport,bus_stop,Bus Stop,45
NORLANE,GREATER GEELONG,22750,Barwon,public_transport,platform,Public Transport Platform,1
NORLANE,GREATER GEELONG,22750,Barwon,public_transport,stop_position,Public Transport Stop Position,25
NORLANE,GREATER GEELONG,22750,Barwon,recreation,garden,Garden,2
NORLANE,GREATER GEELONG,22750,Barwon,recreation,park,Park,26
NORLANE,GREATER GEELONG,22750,Barwon,recreation,playground,Playground,16
NORLANE,GREATER GEELONG,22750,Barwon,recreation,sports_centre,Sports Centre,2
NORLANE,GREATER GEELONG,22750,Barwon,shopping,convenience_store,Convenience Store,10
NORLANE,GREATER GEELONG,22750,Barwon,shopping,supermarket,Supermarket,2
NORONG,INDIGO,23350,Ovens Murray,recreation,nature_reserve,Nature Reserve,3
NORTH BENDIGO,GREATER BENDIGO,22620,Loddon Campaspe,community,social_facility,Social Facility,10
NORTH BENDIGO,GREATER BENDIGO,22620,Loddon Campaspe,education,kindergarten,Kindergarten,2
NORTH BENDIGO,GREATER BENDIGO,22620,Loddon Campaspe,education,school,School,4
NORTH BENDIGO,GREATER BENDIGO,22620,Loddon Campaspe,healthcare,clinic,Clinic,6
NORTH BENDIGO,GREATER BENDIGO,22620,Loddon Campaspe,healthcare,pharmacy,Pharmacy,1
NORTH BENDIGO,GREATER BENDIGO,22620,Loddon Campaspe,public_transport,bus_stop,Bus Stop,34
NORTH BENDIGO,GREATER BENDIGO,22620,Loddon Campaspe,public_transport,tram_stop,Tram Stop,1
NORTH BENDIGO,GREATER BENDIGO,22620,Loddon Campaspe,recreation,garden,Garden,8
NORTH BENDIGO,GREATER BENDIGO,22620,Loddon Campaspe,recreation,nature_reserve,Nature Reserve,3
NORTH BENDIGO,GREATER BENDIGO,22620,Loddon Campaspe,recreation,park,Park,4
NORTH BENDIGO,GREATER BENDIGO,22620,Loddon Campaspe,recreation,playground,Playground,2
NORTH GEELONG,GREATER GEELONG,22750,Barwon,community,social_facility,Social Facility,1
NORTH GEELONG,GREATER GEELONG,22750,Barwon,education,kindergarten,Kindergarten,2
NORTH GEELONG,GREATER GEELONG,22750,Barwon,healthcare,clinic,Clinic,2
NORTH GEELONG,GREATER GEELONG,22750,Barwon,healthcare,dentist,Dentist,1
NORTH GEELONG,GREATER GEELONG,22750,Barwon,healthcare,hospital,Hospital,2
NORTH GEELONG,GREATER GEELONG,22750,Barwon,public_transport,bus_stop,Bus Stop,28
NORTH GEELONG,GREATER GEELONG,22750,Barwon,public_transport,platform,Public Transport Platform,2
NORTH GEELONG,GREATER GEELONG,22750,Barwon,public_transport,railway_station,Railway Station,3
NORTH GEELONG,GREATER GEELONG,22750,Barwon,public_transport,station,Public Transport Station,2
NORTH GEELONG,GREATER GEELONG,22750,Barwon,public_transport,stop_position,Public Transport Stop Position,11
NORTH GEELONG,GREATER GEELONG,22750,Barwon,recreation,garden,Garden,2
NORTH GEELONG,GREATER GEELONG,22750,Barwon,recreation,park,Park,23
NORTH GEELONG,GREATER GEELONG,22750,Barwon,recreation,playground,Playground,6
NORTH GEELONG,GREATER GEELONG,22750,Barwon,recreation,sports_centre,Sports Centre,6
NORTH GEELONG,GREATER GEELONG,22750,Barwon,shopping,convenience_store,Convenience Store,8
NORTH SHORE,GREATER GEELONG,22750,Barwon,public_transport,bus_stop,Bus Stop,3
NORTH SHORE,GREATER GEELONG,22750,Barwon,public_transport,platform,Public Transport Platform,2
NORTH SHORE,GREATER GEELONG,22750,Barwon,public_transport,railway_station,Railway Station,1
NORTH SHORE,GREATER GEELONG,22750,Barwon,public_transport,stop_position,Public Transport Stop Position,2
NORTH SHORE,GREATER GEELONG,22750,Barwon,recreation,park,Park,3
NORTH SHORE,GREATER GEELONG,22750,Barwon,recreation,playground,Playground,2
NORTH WANGARATTA,WANGARATTA,26700,Ovens Murray,recreation,nature_reserve,Nature Reserve,3
NORTH WONTHAGGI,BASS COAST,20740,Gippsland,community,community_centre,Community Centre,2
NORTH WONTHAGGI,BASS COAST,20740,Gippsland,education,kindergarten,Kindergarten,2
NORTH WONTHAGGI,BASS COAST,20740,Gippsland,public_transport,bus_stop,Bus Stop,7
NORTH WONTHAGGI,BASS COAST,20740,Gippsland,public_transport,stop_position,Public Transport Stop Position,6
NORTH WONTHAGGI,BASS COAST,20740,Gippsland,recreation,park,Park,10
NORTH WONTHAGGI,BASS COAST,20740,Gippsland,recreation,playground,Playground,2
NORTHWOOD,MITCHELL,24850,Goulburn,recreation,nature_reserve,Nature Reserve,4
NORVAL,ARARAT,20260,Central Highlands,recreation,nature_reserve,Nature Reserve,3
NOWA NOWA,EAST GIPPSLAND,22110,Gippsland,education,kindergarten,Kindergarten,2
NOWA NOWA,EAST GIPPSLAND,22110,Gippsland,public_transport,bus_stop,Bus Stop,4
NOWA NOWA,EAST GIPPSLAND,22110,Gippsland,recreation,park,Park,4
NOWA NOWA,EAST GIPPSLAND,22110,Gippsland,shopping,convenience_store,Convenience Store,1
NOWIE,SWAN HILL,26610,Mallee,recreation,nature_reserve,Nature Reserve,2
NUGGETTY,MOUNT ALEXANDER,25430,Loddon Campaspe,public_transport,bus_stop,Bus Stop,1
NUGGETTY,MOUNT ALEXANDER,25430,Loddon Campaspe,public_transport,stop_position,Public Transport Stop Position,1
NUGGETTY,MOUNT ALEXANDER,25430,Loddon Campaspe,recreation,nature_reserve,Nature Reserve,2
NULLA VALE,MITCHELL,24850,Goulburn,recreation,nature_reserve,Nature Reserve,4
NULLAWARRE,MOYNE,25490,Great South Coast,community,town_hall,Town Hall,2
NULLAWARRE,MOYNE,25490,Great South Coast,education,kindergarten,Kindergarten,1
NULLAWARRE,MOYNE,25490,Great South Coast,education,school,School,2
NULLAWARRE,MOYNE,25490,Great South Coast,public_transport,bus_stop,Bus Stop,1
NULLAWARRE,MOYNE,25490,Great South Coast,recreation,nature_reserve,Nature Reserve,1
NULLAWARRE,MOYNE,25490,Great South Coast,recreation,playground,Playground,2
NULLAWARRE,MOYNE,25490,Great South Coast,shopping,convenience_store,Convenience Store,2
NULLAWIL,BULOKE,21270,Mallee,community,community_centre,Community Centre,1
NULLAWIL,BULOKE,21270,Mallee,education,school,School,2
NULLAWIL,BULOKE,21270,Mallee,public_transport,bus_stop,Bus Stop,2
NULLAWIL,BULOKE,21270,Mallee,recreation,nature_reserve,Nature Reserve,1
NULLAWIL,BULOKE,21270,Mallee,recreation,park,Park,4
NULLAWIL,BULOKE,21270,Mallee,recreation,playground,Playground,1
NUMURKAH,MOIRA,24900,Goulburn,community,library,Library,1
NUMURKAH,MOIRA,24900,Goulburn,education,kindergarten,Kindergarten,1
NUMURKAH,MOIRA,24900,Goulburn,education,school,School,6
NUMURKAH,MOIRA,24900,Goulburn,healthcare,dentist,Dentist,1
NUMURKAH,MOIRA,24900,Goulburn,healthcare,doctor,Doctor,2
NUMURKAH,MOIRA,24900,Goulburn,healthcare,hospital,Hospital,2
NUMURKAH,MOIRA,24900,Goulburn,public_transport,bus_stop,Bus Stop,1
NUMURKAH,MOIRA,24900,Goulburn,recreation,nature_reserve,Nature Reserve,4
NUMURKAH,MOIRA,24900,Goulburn,recreation,park,Park,9
NUMURKAH,MOIRA,24900,Goulburn,recreation,playground,Playground,1
NUMURKAH,MOIRA,24900,Goulburn,recreation,sports_centre,Sports Centre,4
NUMURKAH,MOIRA,24900,Goulburn,shopping,supermarket,Supermarket,2
NUNGURNER,EAST GIPPSLAND,22110,Gippsland,education,school,School,2
NUNGURNER,EAST GIPPSLAND,22110,Gippsland,recreation,nature_reserve,Nature Reserve,2
NUNGURNER,EAST GIPPSLAND,22110,Gippsland,recreation,park,Park,2
NUNNIONG,EAST GIPPSLAND,22110,Gippsland,recreation,nature_reserve,Nature Reserve,7
NURCOUNG,WEST WIMMERA,26890,Wimmera Southern Mallee,recreation,nature_reserve,Nature Reserve,8
NURRABIEL,HORSHAM,23190,Wimmera Southern Mallee,recreation,nature_reserve,Nature Reserve,12
NURRAN,EAST GIPPSLAND,22110,Gippsland,recreation,nature_reserve,Nature Reserve,5
NYAH,SWAN HILL,26610,Mallee,public_transport,bus_stop,Bus Stop,3
NYAH,SWAN HILL,26610,Mallee,public_transport,stop_position,Public Transport Stop Position,3
NYAH,SWAN HILL,26610,Mallee,recreation,nature_reserve,Nature Reserve,2
NYAH,SWAN HILL,26610,Mallee,recreation,park,Park,4
NYAH,SWAN HILL,26610,Mallee,recreation,playground,Playground,4
NYAH,SWAN HILL,26610,Mallee,recreation,sports_centre,Sports Centre,2
NYAH,SWAN HILL,26610,Mallee,shopping,convenience_store,Convenience Store,1
NYAH WEST,SWAN HILL,26610,Mallee,community,community_centre,Community Centre,2
NYAH WEST,SWAN HILL,26610,Mallee,community,social_facility,Social Facility,2
NYAH WEST,SWAN HILL,26610,Mallee,education,school,School,2
NYAH WEST,SWAN HILL,26610,Mallee,healthcare,pharmacy,Pharmacy,1
NYAH WEST,SWAN HILL,26610,Mallee,public_transport,bus_stop,Bus Stop,1
NYAH WEST,SWAN HILL,26610,Mallee,recreation,park,Park,2
NYAH WEST,SWAN HILL,26610,Mallee,recreation,playground,Playground,4
NYAH WEST,SWAN HILL,26610,Mallee,recreation,sports_centre,Sports Centre,4
NYAH WEST,SWAN HILL,26610,Mallee,shopping,supermarket,Supermarket,1
NYERIMILANG,EAST GIPPSLAND,22110,Gippsland,recreation,nature_reserve,Nature Reserve,7
NYERIMILANG,EAST GIPPSLAND,22110,Gippsland,recreation,park,Park,2
NYERIMILANG,EAST GIPPSLAND,22110,Gippsland,recreation,playground,Playground,2
NYORA,SOUTH GIPPSLAND,26170,Gippsland,community,community_centre,Community Centre,2
NYORA,SOUTH GIPPSLAND,26170,Gippsland,education,school,School,2
NYORA,SOUTH GIPPSLAND,26170,Gippsland,public_transport,bus_stop,Bus Stop,2
NYORA,SOUTH GIPPSLAND,26170,Gippsland,recreation,garden,Garden,1
NYORA,SOUTH GIPPSLAND,26170,Gippsland,recreation,nature_reserve,Nature Reserve,4
NYORA,SOUTH GIPPSLAND,26170,Gippsland,recreation,park,Park,12
NYORA,SOUTH GIPPSLAND,26170,Gippsland,recreation,playground,Playground,6
OAKVALE,GANNAWARRA,22250,Mallee,recreation,nature_reserve,Nature Reserve,3
OCEAN GROVE,GREATER GEELONG,22750,Barwon,community,community_centre,Community Centre,1
OCEAN GROVE,GREATER GEELONG,22750,Barwon,community,library,Library,2
OCEAN GROVE,GREATER GEELONG,22750,Barwon,education,kindergarten,Kindergarten,4
OCEAN GROVE,GREATER GEELONG,22750,Barwon,education,school,School,8
OCEAN GROVE,GREATER GEELONG,22750,Barwon,healthcare,clinic,Clinic,7
OCEAN GROVE,GREATER GEELONG,22750,Barwon,healthcare,dentist,Dentist,3
OCEAN GROVE,GREATER GEELONG,22750,Barwon,healthcare,pharmacy,Pharmacy,2
OCEAN GROVE,GREATER GEELONG,22750,Barwon,public_transport,bus_stop,Bus Stop,23
OCEAN GROVE,GREATER GEELONG,22750,Barwon,public_transport,stop_position,Public Transport Stop Position,1
OCEAN GROVE,GREATER GEELONG,22750,Barwon,recreation,garden,Garden,2
OCEAN GROVE,GREATER GEELONG,22750,Barwon,recreation,nature_reserve,Nature Reserve,2
OCEAN GROVE,GREATER GEELONG,22750,Barwon,recreation,park,Park,55
OCEAN GROVE,GREATER GEELONG,22750,Barwon,recreation,playground,Playground,26
OCEAN GROVE,GREATER GEELONG,22750,Barwon,recreation,sports_centre,Sports Centre,3
OCEAN GROVE,GREATER GEELONG,22750,Barwon,shopping,convenience_store,Convenience Store,8
OCEAN GROVE,GREATER GEELONG,22750,Barwon,shopping,supermarket,Supermarket,5
OMBERSLEY,COLAC OTWAY,21750,Barwon,recreation,nature_reserve,Nature Reserve,1
OMBERSLEY,SURF COAST,26490,Barwon,recreation,nature_reserve,Nature Reserve,1
OMEO,EAST GIPPSLAND,22110,Gippsland,community,community_centre,Community Centre,1
OMEO,EAST GIPPSLAND,22110,Gippsland,education,childcare,Childcare Centre,1
OMEO,EAST GIPPSLAND,22110,Gippsland,education,school,School,2
OMEO,EAST GIPPSLAND,22110,Gippsland,healthcare,doctor,Doctor,1
OMEO,EAST GIPPSLAND,22110,Gippsland,healthcare,hospital,Hospital,2
OMEO,EAST GIPPSLAND,22110,Gippsland,healthcare,pharmacy,Pharmacy,1
OMEO,EAST GIPPSLAND,22110,Gippsland,public_transport,bus_stop,Bus Stop,3
OMEO,EAST GIPPSLAND,22110,Gippsland,public_transport,stop_position,Public Transport Stop Position,1
OMEO,EAST GIPPSLAND,22110,Gippsland,recreation,nature_reserve,Nature Reserve,8
OMEO,EAST GIPPSLAND,22110,Gippsland,recreation,park,Park,10
OMEO,EAST GIPPSLAND,22110,Gippsland,recreation,playground,Playground,3
OMEO,EAST GIPPSLAND,22110,Gippsland,shopping,supermarket,Supermarket,1
OMEO VALLEY,EAST GIPPSLAND,22110,Gippsland,recreation,park,Park,2
ONDIT,COLAC OTWAY,21750,Barwon,recreation,park,Park,4
ORBOST,EAST GIPPSLAND,22110,Gippsland,community,library,Library,2
ORBOST,EAST GIPPSLAND,22110,Gippsland,education,kindergarten,Kindergarten,2
ORBOST,EAST GIPPSLAND,22110,Gippsland,education,school,School,8
ORBOST,EAST GIPPSLAND,22110,Gippsland,healthcare,doctor,Doctor,2
ORBOST,EAST GIPPSLAND,22110,Gippsland,healthcare,hospital,Hospital,2
ORBOST,EAST GIPPSLAND,22110,Gippsland,healthcare,pharmacy,Pharmacy,1
ORBOST,EAST GIPPSLAND,22110,Gippsland,public_transport,platform,Public Transport Platform,3
ORBOST,EAST GIPPSLAND,22110,Gippsland,recreation,garden,Garden,2
ORBOST,EAST GIPPSLAND,22110,Gippsland,recreation,nature_reserve,Nature Reserve,1
ORBOST,EAST GIPPSLAND,22110,Gippsland,recreation,park,Park,6
ORBOST,EAST GIPPSLAND,22110,Gippsland,recreation,playground,Playground,2
ORBOST,EAST GIPPSLAND,22110,Gippsland,recreation,sports_centre,Sports Centre,3
ORBOST,EAST GIPPSLAND,22110,Gippsland,shopping,convenience_store,Convenience Store,2
ORBOST,EAST GIPPSLAND,22110,Gippsland,shopping,supermarket,Supermarket,2
ORFORD,MOYNE,25490,Great South Coast,recreation,nature_reserve,Nature Reserve,4
ORRVALE,GREATER SHEPPARTON,22830,Goulburn,education,school,School,2
OSBORNES FLAT,INDIGO,23350,Ovens Murray,education,school,School,2
OUTTRIM,SOUTH GIPPSLAND,26170,Gippsland,recreation,nature_reserve,Nature Reserve,3
OUYEN,MILDURA,24780,Mallee,community,community_centre,Community Centre,1
OUYEN,MILDURA,24780,Mallee,education,childcare,Childcare Centre,1
OUYEN,MILDURA,24780,Mallee,education,kindergarten,Kindergarten,2
OUYEN,MILDURA,24780,Mallee,education,school,School,2
OUYEN,MILDURA,24780,Mallee,healthcare,hospital,Hospital,2
OUYEN,MILDURA,24780,Mallee,healthcare,pharmacy,Pharmacy,1
OUYEN,MILDURA,24780,Mallee,public_transport,bus_stop,Bus Stop,2
OUYEN,MILDURA,24780,Mallee,public_transport,stop_position,Public Transport Stop Position,1
OUYEN,MILDURA,24780,Mallee,recreation,nature_reserve,Nature Reserve,79
OUYEN,MILDURA,24780,Mallee,recreation,park,Park,6
OUYEN,MILDURA,24780,Mallee,recreation,playground,Playground,5
OUYEN,MILDURA,24780,Mallee,recreation,sports_centre,Sports Centre,4
OUYEN,MILDURA,24780,Mallee,shopping,supermarket,Supermarket,1
OXLEY,WANGARATTA,26700,Ovens Murray,community,town_hall,Town Hall,4
OXLEY,WANGARATTA,26700,Ovens Murray,education,school,School,2
OXLEY,WANGARATTA,26700,Ovens Murray,public_transport,bus_stop,Bus Stop,2
OXLEY,WANGARATTA,26700,Ovens Murray,recreation,nature_reserve,Nature Reserve,3
OXLEY,WANGARATTA,26700,Ovens Murray,recreation,park,Park,2
OZENKADNOOK,WEST WIMMERA,26890,Wimmera Southern Mallee,recreation,nature_reserve,Nature Reserve,4
PANITYA,MILDURA,24780,Mallee,recreation,nature_reserve,Nature Reserve,5
PANMURE,MOYNE,25490,Great South Coast,education,school,School,2
PANMURE,MOYNE,25490,Great South Coast,recreation,park,Park,2
PANMURE,MOYNE,25490,Great South Coast,recreation,playground,Playground,1
PANMURE,MOYNE,25490,Great South Coast,shopping,convenience_store,Convenience Store,1
PARADISE,NORTHERN GRAMPIANS,25810,Wimmera Southern Mallee,recreation,nature_reserve,Nature Reserve,2
PARAPARAP,SURF COAST,26490,Barwon,recreation,nature_reserve,Nature Reserve,2
PARWAN,MOORABOOL,25150,Central Highlands,education,college,College,2
PARWAN,MOORABOOL,25150,Central Highlands,recreation,sports_centre,Sports Centre,2
PASTORIA,MACEDON RANGES,24130,Loddon Campaspe,recreation,nature_reserve,Nature Reserve,2
PATCHEWOLLOCK,MILDURA,24780,Mallee,recreation,nature_reserve,Nature Reserve,16
PATCHEWOLLOCK,YARRIAMBIACK,27630,Wimmera Southern Mallee,recreation,nature_reserve,Nature Reserve,19
PATCHEWOLLOCK,YARRIAMBIACK,27630,Wimmera Southern Mallee,recreation,sports_centre,Sports Centre,2
PATHO,CAMPASPE,21370,Loddon Campaspe,recreation,nature_reserve,Nature Reserve,1
PATYAH,WEST WIMMERA,26890,Wimmera Southern Mallee,recreation,nature_reserve,Nature Reserve,24
PAYNESVILLE,EAST GIPPSLAND,22110,Gippsland,community,community_centre,Community Centre,6
PAYNESVILLE,EAST GIPPSLAND,22110,Gippsland,community,library,Library,1
PAYNESVILLE,EAST GIPPSLAND,22110,Gippsland,education,childcare,Childcare Centre,2
PAYNESVILLE,EAST GIPPSLAND,22110,Gippsland,education,school,School,2
PAYNESVILLE,EAST GIPPSLAND,22110,Gippsland,healthcare,clinic,Clinic,2
PAYNESVILLE,EAST GIPPSLAND,22110,Gippsland,public_transport,bus_stop,Bus Stop,2
PAYNESVILLE,EAST GIPPSLAND,22110,Gippsland,public_transport,station,Public Transport Station,1
PAYNESVILLE,EAST GIPPSLAND,22110,Gippsland,public_transport,stop_position,Public Transport Stop Position,1
PAYNESVILLE,EAST GIPPSLAND,22110,Gippsland,recreation,nature_reserve,Nature Reserve,2
PAYNESVILLE,EAST GIPPSLAND,22110,Gippsland,recreation,park,Park,4
PAYNESVILLE,EAST GIPPSLAND,22110,Gippsland,recreation,playground,Playground,7
PAYNESVILLE,EAST GIPPSLAND,22110,Gippsland,shopping,supermarket,Supermarket,2
PEECHELBA,MOIRA,24900,Goulburn,recreation,nature_reserve,Nature Reserve,3
PEECHELBA,WANGARATTA,26700,Ovens Murray,community,community_centre,Community Centre,1
PEECHELBA,WANGARATTA,26700,Ovens Murray,recreation,garden,Garden,1
PEECHELBA,WANGARATTA,26700,Ovens Murray,recreation,park,Park,2
PEECHELBA,WANGARATTA,26700,Ovens Murray,recreation,playground,Playground,1
PENNYROYAL,COLAC OTWAY,21750,Barwon,recreation,sports_centre,Sports Centre,2
PENNYROYAL,SURF COAST,26490,Barwon,recreation,nature_reserve,Nature Reserve,2
PENNYROYAL,SURF COAST,26490,Barwon,recreation,park,Park,2
PENNYROYAL,SURF COAST,26490,Barwon,recreation,playground,Playground,2
PENSHURST,SOUTHERN GRAMPIANS,26260,Great South Coast,community,community_centre,Community Centre,4
PENSHURST,SOUTHERN GRAMPIANS,26260,Great South Coast,education,kindergarten,Kindergarten,2
PENSHURST,SOUTHERN GRAMPIANS,26260,Great South Coast,education,school,School,4
PENSHURST,SOUTHERN GRAMPIANS,26260,Great South Coast,healthcare,hospital,Hospital,2
PENSHURST,SOUTHERN GRAMPIANS,26260,Great South Coast,recreation,nature_reserve,Nature Reserve,4
PENSHURST,SOUTHERN GRAMPIANS,26260,Great South Coast,recreation,park,Park,4
PENSHURST,SOUTHERN GRAMPIANS,26260,Great South Coast,recreation,playground,Playground,2
PENSHURST,SOUTHERN GRAMPIANS,26260,Great South Coast,recreation,sports_centre,Sports Centre,4
PENTLAND HILLS,MOORABOOL,25150,Central Highlands,recreation,nature_reserve,Nature Reserve,1
PERCYDALE,PYRENEES,25990,Central Highlands,recreation,nature_reserve,Nature Reserve,4
PERONNE,WEST WIMMERA,26890,Wimmera Southern Mallee,community,community_centre,Community Centre,2
PERONNE,WEST WIMMERA,26890,Wimmera Southern Mallee,public_transport,platform,Public Transport Platform,2
PERONNE,WEST WIMMERA,26890,Wimmera Southern Mallee,recreation,nature_reserve,Nature Reserve,9
PERONNE,WEST WIMMERA,26890,Wimmera Southern Mallee,recreation,park,Park,2
PERRY BRIDGE,WELLINGTON,26810,Gippsland,public_transport,platform,Public Transport Platform,6
PERRY BRIDGE,WELLINGTON,26810,Gippsland,recreation,nature_reserve,Nature Reserve,15
PETERBOROUGH,CORANGAMITE,21830,Great South Coast,public_transport,bus_stop,Bus Stop,1
PETERBOROUGH,CORANGAMITE,21830,Great South Coast,recreation,nature_reserve,Nature Reserve,1
PETERBOROUGH,MOYNE,25490,Great South Coast,public_transport,bus_stop,Bus Stop,2
PETERBOROUGH,MOYNE,25490,Great South Coast,recreation,nature_reserve,Nature Reserve,1
PETERBOROUGH,MOYNE,25490,Great South Coast,recreation,playground,Playground,2
PETERBOROUGH,MOYNE,25490,Great South Coast,shopping,convenience_store,Convenience Store,1
PETTICOAT CREEK,COLAC OTWAY,21750,Barwon,recreation,nature_reserve,Nature Reserve,1
PHEASANT CREEK,MURRINDINDI,25620,Goulburn,public_transport,bus_stop,Bus Stop,2
PHEASANT CREEK,MURRINDINDI,25620,Goulburn,recreation,nature_reserve,Nature Reserve,2
PIANGIL,SWAN HILL,26610,Mallee,public_transport,bus_stop,Bus Stop,3
PIANGIL,SWAN HILL,26610,Mallee,public_transport,stop_position,Public Transport Stop Position,2
PIANGIL,SWAN HILL,26610,Mallee,recreation,nature_reserve,Nature Reserve,8
PIANGIL,SWAN HILL,26610,Mallee,recreation,park,Park,2
PIANGIL,SWAN HILL,26610,Mallee,recreation,playground,Playground,2
PICOLA,MOIRA,24900,Goulburn,recreation,nature_reserve,Nature Reserve,7
PICOLA,MOIRA,24900,Goulburn,recreation,park,Park,2
PIER MILAN,BULOKE,21270,Mallee,recreation,nature_reserve,Nature Reserve,3
PIGEON PONDS,SOUTHERN GRAMPIANS,26260,Great South Coast,community,community_centre,Community Centre,1
PIGEON PONDS,SOUTHERN GRAMPIANS,26260,Great South Coast,recreation,nature_reserve,Nature Reserve,2
PIGEON PONDS,SOUTHERN GRAMPIANS,26260,Great South Coast,recreation,park,Park,2
PIGGOREET,GOLDEN PLAINS,22490,Central Highlands,recreation,nature_reserve,Nature Reserve,4
PIMPINIO,HORSHAM,23190,Wimmera Southern Mallee,public_transport,bus_stop,Bus Stop,3
PIMPINIO,HORSHAM,23190,Wimmera Southern Mallee,recreation,nature_reserve,Nature Reserve,5
PIMPINIO,HORSHAM,23190,Wimmera Southern Mallee,recreation,park,Park,2
PINE GROVE,CAMPASPE,21370,Loddon Campaspe,recreation,nature_reserve,Nature Reserve,2
PINE MOUNTAIN,TOWONG,26670,Ovens Murray,recreation,nature_reserve,Nature Reserve,3
PIONEER BAY,BASS COAST,20740,Gippsland,public_transport,bus_stop,Bus Stop,1
PIONEER BAY,BASS COAST,20740,Gippsland,recreation,park,Park,2
PIONEER BAY,BASS COAST,20740,Gippsland,recreation,playground,Playground,2
PIRA,SWAN HILL,26610,Mallee,public_transport,railway_station,Railway Station,1
PIRA,SWAN HILL,26610,Mallee,recreation,nature_reserve,Nature Reserve,1
PIRIES,MANSFIELD,24250,Ovens Murray,public_transport,bus_stop,Bus Stop,1
PIRRON YALLOCK,COLAC OTWAY,21750,Barwon,recreation,nature_reserve,Nature Reserve,2
PIRRON YALLOCK,CORANGAMITE,21830,Great South Coast,recreation,nature_reserve,Nature Reserve,1
PITFIELD,GOLDEN PLAINS,22490,Central Highlands,recreation,nature_reserve,Nature Reserve,2
PITTONG,GOLDEN PLAINS,22490,Central Highlands,recreation,nature_reserve,Nature Reserve,2
POINT LONSDALE,GREATER GEELONG,22750,Barwon,community,social_facility,Social Facility,2
POINT LONSDALE,GREATER GEELONG,22750,Barwon,public_transport,platform,Public Transport Platform,2
POINT LONSDALE,GREATER GEELONG,22750,Barwon,public_transport,railway_halt,Railway Halt,2
POINT LONSDALE,GREATER GEELONG,22750,Barwon,public_transport,stop_position,Public Transport Stop Position,4
POINT LONSDALE,GREATER GEELONG,22750,Barwon,recreation,nature_reserve,Nature Reserve,1
POINT LONSDALE,GREATER GEELONG,22750,Barwon,recreation,park,Park,8
POINT LONSDALE,GREATER GEELONG,22750,Barwon,recreation,playground,Playground,5
POINT LONSDALE,QUEENSCLIFFE,26080,Barwon,education,school,School,2
POINT LONSDALE,QUEENSCLIFFE,26080,Barwon,healthcare,pharmacy,Pharmacy,2
POINT LONSDALE,QUEENSCLIFFE,26080,Barwon,recreation,park,Park,14
POINT LONSDALE,QUEENSCLIFFE,26080,Barwon,recreation,playground,Playground,6
POINT LONSDALE,QUEENSCLIFFE,26080,Barwon,shopping,supermarket,Supermarket,2
POINT WILSON,GREATER GEELONG,22750,Barwon,recreation,nature_reserve,Nature Reserve,2
POLISBET,SWAN HILL,26610,Mallee,recreation,nature_reserve,Nature Reserve,3
POMBORNEIT NORTH,CORANGAMITE,21830,Great South Coast,recreation,nature_reserve,Nature Reserve,1
POMBORNEIT NORTH,CORANGAMITE,21830,Great South Coast,recreation,sports_centre,Sports Centre,2
POMONAL,ARARAT,20260,Central Highlands,community,community_centre,Community Centre,2
POMONAL,ARARAT,20260,Central Highlands,education,school,School,2
POMONAL,ARARAT,20260,Central Highlands,public_transport,bus_stop,Bus Stop,1
POMONAL,ARARAT,20260,Central Highlands,recreation,nature_reserve,Nature Reserve,7
POOLAIJELO,WEST WIMMERA,26890,Wimmera Southern Mallee,recreation,nature_reserve,Nature Reserve,5
POOWONG,SOUTH GIPPSLAND,26170,Gippsland,community,library,Library,1
POOWONG,SOUTH GIPPSLAND,26170,Gippsland,education,school,School,2
POOWONG,SOUTH GIPPSLAND,26170,Gippsland,public_transport,bus_stop,Bus Stop,1
POOWONG,SOUTH GIPPSLAND,26170,Gippsland,recreation,nature_reserve,Nature Reserve,2
POOWONG,SOUTH GIPPSLAND,26170,Gippsland,recreation,park,Park,4
POOWONG,SOUTH GIPPSLAND,26170,Gippsland,recreation,sports_centre,Sports Centre,2
POOWONG,SOUTH GIPPSLAND,26170,Gippsland,shopping,convenience_store,Convenience Store,1
POOWONG,SOUTH GIPPSLAND,26170,Gippsland,shopping,supermarket,Supermarket,1
POOWONG NORTH,SOUTH GIPPSLAND,26170,Gippsland,community,community_centre,Community Centre,2
POOWONG NORTH,SOUTH GIPPSLAND,26170,Gippsland,recreation,nature_reserve,Nature Reserve,2
PORCUPINE RIDGE,HEPBURN,22910,Central Highlands,recreation,nature_reserve,Nature Reserve,5
POREPUNKAH,ALPINE,20110,Ovens Murray,community,community_centre,Community Centre,2
POREPUNKAH,ALPINE,20110,Ovens Murray,education,school,School,2
POREPUNKAH,ALPINE,20110,Ovens Murray,public_transport,bus_stop,Bus Stop,1
POREPUNKAH,ALPINE,20110,Ovens Murray,recreation,nature_reserve,Nature Reserve,2
POREPUNKAH,ALPINE,20110,Ovens Murray,recreation,park,Park,4
POREPUNKAH,ALPINE,20110,Ovens Murray,recreation,playground,Playground,2
PORT ALBERT,WELLINGTON,26810,Gippsland,recreation,garden,Garden,2
PORT ALBERT,WELLINGTON,26810,Gippsland,recreation,nature_reserve,Nature Reserve,2
PORT ALBERT,WELLINGTON,26810,Gippsland,recreation,park,Park,2
PORT CAMPBELL,CORANGAMITE,21830,Great South Coast,public_transport,bus_stop,Bus Stop,2
PORT CAMPBELL,CORANGAMITE,21830,Great South Coast,recreation,nature_reserve,Nature Reserve,2
PORT CAMPBELL,CORANGAMITE,21830,Great South Coast,recreation,park,Park,4
PORT CAMPBELL,CORANGAMITE,21830,Great South Coast,recreation,playground,Playground,2
PORT CAMPBELL,CORANGAMITE,21830,Great South Coast,shopping,supermarket,Supermarket,1
PORT FAIRY,MOYNE,25490,Great South Coast,education,school,School,4
PORT FAIRY,MOYNE,25490,Great South Coast,healthcare,hospital,Hospital,2
PORT FAIRY,MOYNE,25490,Great South Coast,healthcare,pharmacy,Pharmacy,1
PORT FAIRY,MOYNE,25490,Great South Coast,public_transport,bus_stop,Bus Stop,21
PORT FAIRY,MOYNE,25490,Great South Coast,public_transport,stop_position,Public Transport Stop Position,2
PORT FAIRY,MOYNE,25490,Great South Coast,recreation,nature_reserve,Nature Reserve,6
PORT FAIRY,MOYNE,25490,Great South Coast,recreation,park,Park,28
PORT FAIRY,MOYNE,25490,Great South Coast,recreation,playground,Playground,3
PORT FAIRY,MOYNE,25490,Great South Coast,recreation,sports_centre,Sports Centre,2
PORT FAIRY,MOYNE,25490,Great South Coast,shopping,supermarket,Supermarket,1
PORT WELSHPOOL,SOUTH GIPPSLAND,26170,Gippsland,recreation,nature_reserve,Nature Reserve,1
PORT WELSHPOOL,SOUTH GIPPSLAND,26170,Gippsland,shopping,convenience_store,Convenience Store,2
PORTARLINGTON,GREATER GEELONG,22750,Barwon,community,community_centre,Community Centre,1
PORTARLINGTON,GREATER GEELONG,22750,Barwon,community,social_facility,Social Facility,1
PORTARLINGTON,GREATER GEELONG,22750,Barwon,education,school,School,2
PORTARLINGTON,GREATER GEELONG,22750,Barwon,healthcare,pharmacy,Pharmacy,1
PORTARLINGTON,GREATER GEELONG,22750,Barwon,public_transport,bus_stop,Bus Stop,29
PORTARLINGTON,GREATER GEELONG,22750,Barwon,recreation,nature_reserve,Nature Reserve,3
PORTARLINGTON,GREATER GEELONG,22750,Barwon,recreation,park,Park,20
PORTARLINGTON,GREATER GEELONG,22750,Barwon,recreation,playground,Playground,12
PORTARLINGTON,GREATER GEELONG,22750,Barwon,shopping,supermarket,Supermarket,2
PORTLAND,GLENELG,22410,Great South Coast,community,community_centre,Community Centre,2
PORTLAND,GLENELG,22410,Great South Coast,community,library,Library,2
PORTLAND,GLENELG,22410,Great South Coast,education,kindergarten,Kindergarten,2
PORTLAND,GLENELG,22410,Great South Coast,education,school,School,18
PORTLAND,GLENELG,22410,Great South Coast,healthcare,clinic,Clinic,1
PORTLAND,GLENELG,22410,Great South Coast,healthcare,doctor,Doctor,1
PORTLAND,GLENELG,22410,Great South Coast,healthcare,hospital,Hospital,2
PORTLAND,GLENELG,22410,Great South Coast,healthcare,pharmacy,Pharmacy,2
PORTLAND,GLENELG,22410,Great South Coast,public_transport,bus_stop,Bus Stop,58
PORTLAND,GLENELG,22410,Great South Coast,public_transport,platform,Public Transport Platform,1
PORTLAND,GLENELG,22410,Great South Coast,public_transport,stop_position,Public Transport Stop Position,1
PORTLAND,GLENELG,22410,Great South Coast,public_transport,tram_stop,Tram Stop,6
PORTLAND,GLENELG,22410,Great South Coast,recreation,garden,Garden,9
PORTLAND,GLENELG,22410,Great South Coast,recreation,nature_reserve,Nature Reserve,4
PORTLAND,GLENELG,22410,Great South Coast,recreation,park,Park,44
PORTLAND,GLENELG,22410,Great South Coast,recreation,playground,Playground,11
PORTLAND,GLENELG,22410,Great South Coast,recreation,sports_centre,Sports Centre,2
PORTLAND,GLENELG,22410,Great South Coast,shopping,convenience_store,Convenience Store,6
PORTLAND,GLENELG,22410,Great South Coast,shopping,supermarket,Supermarket,3
PORTLAND NORTH,GLENELG,22410,Great South Coast,education,school,School,2
PORTLAND NORTH,GLENELG,22410,Great South Coast,public_transport,bus_stop,Bus Stop,1
PORTLAND NORTH,GLENELG,22410,Great South Coast,recreation,nature_reserve,Nature Reserve,2
PORTLAND NORTH,GLENELG,22410,Great South Coast,recreation,park,Park,6
PORTLAND WEST,GLENELG,22410,Great South Coast,recreation,nature_reserve,Nature Reserve,8
PORTLAND WEST,GLENELG,22410,Great South Coast,recreation,park,Park,2
POUND CREEK,SOUTH GIPPSLAND,26170,Gippsland,public_transport,bus_stop,Bus Stop,1
POWERS CREEK,WEST WIMMERA,26890,Wimmera Southern Mallee,recreation,nature_reserve,Nature Reserve,3
POWLETT PLAINS,LODDON,23940,Loddon Campaspe,community,community_centre,Community Centre,2
POWLETT PLAINS,LODDON,23940,Loddon Campaspe,recreation,nature_reserve,Nature Reserve,3
PRAIRIE,LODDON,23940,Loddon Campaspe,recreation,nature_reserve,Nature Reserve,3
PRANJIP,STRATHBOGIE,26430,Goulburn,recreation,nature_reserve,Nature Reserve,2
PRINCETOWN,CORANGAMITE,21830,Great South Coast,public_transport,bus_stop,Bus Stop,3
PRINCETOWN,CORANGAMITE,21830,Great South Coast,recreation,nature_reserve,Nature Reserve,2
PRINCETOWN,CORANGAMITE,21830,Great South Coast,recreation,park,Park,2
PRINCETOWN,CORANGAMITE,21830,Great South Coast,recreation,playground,Playground,1
PRINCETOWN,CORANGAMITE,21830,Great South Coast,shopping,convenience_store,Convenience Store,3
PUCKAPUNYAL,MITCHELL,24850,Goulburn,education,school,School,2
PUCKAPUNYAL,MITCHELL,24850,Goulburn,public_transport,bus_stop,Bus Stop,14
PUCKAPUNYAL,MITCHELL,24850,Goulburn,recreation,sports_centre,Sports Centre,2
PURA PURA,ARARAT,20260,Central Highlands,community,community_centre,Community Centre,2
PURA PURA,ARARAT,20260,Central Highlands,recreation,park,Park,2
PURA PURA,MOYNE,25490,Great South Coast,recreation,nature_reserve,Nature Reserve,2
PURNIM,MOYNE,25490,Great South Coast,public_transport,bus_stop,Bus Stop,1
PURNIM,MOYNE,25490,Great South Coast,recreation,park,Park,2
PYALONG,MITCHELL,24850,Goulburn,education,school,School,2
PYALONG,MITCHELL,24850,Goulburn,recreation,nature_reserve,Nature Reserve,4
PYRAMID HILL,LODDON,23940,Loddon Campaspe,community,community_centre,Community Centre,4
PYRAMID HILL,LODDON,23940,Loddon Campaspe,education,school,School,4
PYRAMID HILL,LODDON,23940,Loddon Campaspe,healthcare,pharmacy,Pharmacy,1
PYRAMID HILL,LODDON,23940,Loddon Campaspe,public_transport,platform,Public Transport Platform,1
PYRAMID HILL,LODDON,23940,Loddon Campaspe,public_transport,railway_station,Railway Station,1
PYRAMID HILL,LODDON,23940,Loddon Campaspe,recreation,garden,Garden,2
PYRAMID HILL,LODDON,23940,Loddon Campaspe,recreation,nature_reserve,Nature Reserve,17
PYRAMID HILL,LODDON,23940,Loddon Campaspe,recreation,park,Park,2
PYRAMID HILL,LODDON,23940,Loddon Campaspe,recreation,playground,Playground,1
PYRAMID HILL,LODDON,23940,Loddon Campaspe,shopping,supermarket,Supermarket,3
QUAMBATOOK,GANNAWARRA,22250,Mallee,community,community_centre,Community Centre,1
QUAMBATOOK,GANNAWARRA,22250,Mallee,community,library,Library,1
QUAMBATOOK,GANNAWARRA,22250,Mallee,public_transport,bus_stop,Bus Stop,3
QUAMBATOOK,GANNAWARRA,22250,Mallee,recreation,nature_reserve,Nature Reserve,6
QUAMBATOOK,GANNAWARRA,22250,Mallee,recreation,park,Park,6
QUAMBATOOK,GANNAWARRA,22250,Mallee,recreation,playground,Playground,3
QUAMBATOOK,GANNAWARRA,22250,Mallee,recreation,sports_centre,Sports Centre,6
QUANTONG,HORSHAM,23190,Wimmera Southern Mallee,community,community_centre,Community Centre,4
QUANTONG,HORSHAM,23190,Wimmera Southern Mallee,public_transport,bus_stop,Bus Stop,1
QUANTONG,HORSHAM,23190,Wimmera Southern Mallee,recreation,park,Park,2
QUARRY HILL,GREATER BENDIGO,22620,Loddon Campaspe,community,community_centre,Community Centre,1
QUARRY HILL,GREATER BENDIGO,22620,Loddon Campaspe,education,kindergarten,Kindergarten,2
QUARRY HILL,GREATER BENDIGO,22620,Loddon Campaspe,education,school,School,4
QUARRY HILL,GREATER BENDIGO,22620,Loddon Campaspe,public_transport,bus_stop,Bus Stop,19
QUARRY HILL,GREATER BENDIGO,22620,Loddon Campaspe,public_transport,platform,Public Transport Platform,2
QUARRY HILL,GREATER BENDIGO,22620,Loddon Campaspe,public_transport,railway_station,Railway Station,1
QUARRY HILL,GREATER BENDIGO,22620,Loddon Campaspe,public_transport,station,Public Transport Station,1
QUARRY HILL,GREATER BENDIGO,22620,Loddon Campaspe,public_transport,stop_position,Public Transport Stop Position,1
QUARRY HILL,GREATER BENDIGO,22620,Loddon Campaspe,recreation,garden,Garden,2
QUARRY HILL,GREATER BENDIGO,22620,Loddon Campaspe,recreation,nature_reserve,Nature Reserve,1
QUARRY HILL,GREATER BENDIGO,22620,Loddon Campaspe,recreation,park,Park,12
QUARRY HILL,GREATER BENDIGO,22620,Loddon Campaspe,recreation,playground,Playground,2
QUARRY HILL,GREATER BENDIGO,22620,Loddon Campaspe,recreation,sports_centre,Sports Centre,4
QUARRY HILL,GREATER BENDIGO,22620,Loddon Campaspe,shopping,convenience_store,Convenience Store,2
QUEENSCLIFF,QUEENSCLIFFE,26080,Barwon,community,community_centre,Community Centre,1
QUEENSCLIFF,QUEENSCLIFFE,26080,Barwon,education,school,School,4
QUEENSCLIFF,QUEENSCLIFFE,26080,Barwon,public_transport,bus_stop,Bus Stop,2
QUEENSCLIFF,QUEENSCLIFFE,26080,Barwon,public_transport,platform,Public Transport Platform,2
QUEENSCLIFF,QUEENSCLIFFE,26080,Barwon,public_transport,railway_halt,Railway Halt,3
QUEENSCLIFF,QUEENSCLIFFE,26080,Barwon,public_transport,station,Public Transport Station,1
QUEENSCLIFF,QUEENSCLIFFE,26080,Barwon,public_transport,stop_position,Public Transport Stop Position,5
QUEENSCLIFF,QUEENSCLIFFE,26080,Barwon,recreation,nature_reserve,Nature Reserve,2
QUEENSCLIFF,QUEENSCLIFFE,26080,Barwon,recreation,park,Park,14
QUEENSCLIFF,QUEENSCLIFFE,26080,Barwon,recreation,playground,Playground,5
QUEENSCLIFF,QUEENSCLIFFE,26080,Barwon,shopping,supermarket,Supermarket,2
RAINBOW,HINDMARSH,22980,Wimmera Southern Mallee,community,community_centre,Community Centre,4
RAINBOW,HINDMARSH,22980,Wimmera Southern Mallee,community,library,Library,1
RAINBOW,HINDMARSH,22980,Wimmera Southern Mallee,education,school,School,4
RAINBOW,HINDMARSH,22980,Wimmera Southern Mallee,healthcare,hospital,Hospital,2
RAINBOW,HINDMARSH,22980,Wimmera Southern Mallee,healthcare,pharmacy,Pharmacy,1
RAINBOW,HINDMARSH,22980,Wimmera Southern Mallee,public_transport,bus_stop,Bus Stop,1
RAINBOW,HINDMARSH,22980,Wimmera Southern Mallee,recreation,garden,Garden,4
RAINBOW,HINDMARSH,22980,Wimmera Southern Mallee,recreation,nature_reserve,Nature Reserve,11
RAINBOW,HINDMARSH,22980,Wimmera Southern Mallee,recreation,park,Park,9
RAINBOW,HINDMARSH,22980,Wimmera Southern Mallee,recreation,playground,Playground,1
RAINBOW,HINDMARSH,22980,Wimmera Southern Mallee,recreation,sports_centre,Sports Centre,6
RAINBOW,HINDMARSH,22980,Wimmera Southern Mallee,shopping,convenience_store,Convenience Store,1
RAINBOW,HINDMARSH,22980,Wimmera Southern Mallee,shopping,supermarket,Supermarket,1
RAINBOW,YARRIAMBIACK,27630,Wimmera Southern Mallee,recreation,nature_reserve,Nature Reserve,2
RATHSCAR,PYRENEES,25990,Central Highlands,recreation,nature_reserve,Nature Reserve,5
RAVENSWOOD,GREATER BENDIGO,22620,Loddon Campaspe,recreation,nature_reserve,Nature Reserve,1
RAVENSWOOD,GREATER BENDIGO,22620,Loddon Campaspe,shopping,convenience_store,Convenience Store,2
RAWSON,BAW BAW,20830,Gippsland,education,school,School,2
RAWSON,BAW BAW,20830,Gippsland,public_transport,railway_halt,Railway Halt,1
RAWSON,BAW BAW,20830,Gippsland,recreation,park,Park,2
RAWSON,BAW BAW,20830,Gippsland,recreation,playground,Playground,5
RAWSON,BAW BAW,20830,Gippsland,recreation,sports_centre,Sports Centre,2
RAWSON,BAW BAW,20830,Gippsland,shopping,convenience_store,Convenience Store,1
RAYMOND ISLAND,EAST GIPPSLAND,22110,Gippsland,community,community_centre,Community Centre,2
RAYMOND ISLAND,EAST GIPPSLAND,22110,Gippsland,public_transport,station,Public Transport Station,1
RAYMOND ISLAND,EAST GIPPSLAND,22110,Gippsland,recreation,nature_reserve,Nature Reserve,1
RAYMOND ISLAND,EAST GIPPSLAND,22110,Gippsland,recreation,playground,Playground,1
RAYWOOD,GREATER BENDIGO,22620,Loddon Campaspe,community,community_centre,Community Centre,2
RAYWOOD,GREATER BENDIGO,22620,Loddon Campaspe,education,school,School,2
RAYWOOD,GREATER BENDIGO,22620,Loddon Campaspe,public_transport,platform,Public Transport Platform,1
RAYWOOD,GREATER BENDIGO,22620,Loddon Campaspe,public_transport,railway_station,Railway Station,1
RAYWOOD,GREATER BENDIGO,22620,Loddon Campaspe,recreation,nature_reserve,Nature Reserve,3
RAYWOOD,GREATER BENDIGO,22620,Loddon Campaspe,recreation,park,Park,2
RAYWOOD,GREATER BENDIGO,22620,Loddon Campaspe,recreation,playground,Playground,1
RAYWOOD,LODDON,23940,Loddon Campaspe,recreation,nature_reserve,Nature Reserve,2
RED CLIFFS,MILDURA,24780,Mallee,community,community_centre,Community Centre,5
RED CLIFFS,MILDURA,24780,Mallee,community,library,Library,2
RED CLIFFS,MILDURA,24780,Mallee,community,social_facility,Social Facility,4
RED CLIFFS,MILDURA,24780,Mallee,education,kindergarten,Kindergarten,2
RED CLIFFS,MILDURA,24780,Mallee,education,school,School,11
RED CLIFFS,MILDURA,24780,Mallee,healthcare,dentist,Dentist,2
RED CLIFFS,MILDURA,24780,Mallee,healthcare,doctor,Doctor,5
RED CLIFFS,MILDURA,24780,Mallee,healthcare,pharmacy,Pharmacy,3
RED CLIFFS,MILDURA,24780,Mallee,public_transport,bus_stop,Bus Stop,19
RED CLIFFS,MILDURA,24780,Mallee,public_transport,platform,Public Transport Platform,2
RED CLIFFS,MILDURA,24780,Mallee,public_transport,railway_station,Railway Station,2
RED CLIFFS,MILDURA,24780,Mallee,recreation,garden,Garden,33
RED CLIFFS,MILDURA,24780,Mallee,recreation,nature_reserve,Nature Reserve,15
RED CLIFFS,MILDURA,24780,Mallee,recreation,park,Park,12
RED CLIFFS,MILDURA,24780,Mallee,recreation,playground,Playground,10
RED CLIFFS,MILDURA,24780,Mallee,recreation,sports_centre,Sports Centre,4
RED CLIFFS,MILDURA,24780,Mallee,shopping,convenience_store,Convenience Store,2
RED CLIFFS,MILDURA,24780,Mallee,shopping,supermarket,Supermarket,5
RED LION,CENTRAL GOLDFIELDS,21670,Loddon Campaspe,recreation,nature_reserve,Nature Reserve,2
REDAN,BALLARAT,20570,Central Highlands,community,community_centre,Community Centre,2
REDAN,BALLARAT,20570,Central Highlands,education,school,School,2
REDAN,BALLARAT,20570,Central Highlands,public_transport,bus_stop,Bus Stop,23
REDAN,BALLARAT,20570,Central Highlands,recreation,garden,Garden,2
REDAN,BALLARAT,20570,Central Highlands,recreation,park,Park,14
REDAN,BALLARAT,20570,Central Highlands,recreation,playground,Playground,8
REDAN,BALLARAT,20570,Central Highlands,shopping,supermarket,Supermarket,1
REDBANK,NORTHERN GRAMPIANS,25810,Wimmera Southern Mallee,recreation,nature_reserve,Nature Reserve,1
REDBANK,PYRENEES,25990,Central Highlands,recreation,nature_reserve,Nature Reserve,3
REDCASTLE,GREATER BENDIGO,22620,Loddon Campaspe,recreation,nature_reserve,Nature Reserve,1
REDESDALE,GREATER BENDIGO,22620,Loddon Campaspe,education,school,School,2
REDESDALE,GREATER BENDIGO,22620,Loddon Campaspe,public_transport,bus_stop,Bus Stop,1
REDESDALE,GREATER BENDIGO,22620,Loddon Campaspe,recreation,park,Park,2
REDESDALE,MOUNT ALEXANDER,25430,Loddon Campaspe,recreation,nature_reserve,Nature Reserve,5
REEDY LAKE,GANNAWARRA,22250,Mallee,recreation,nature_reserve,Nature Reserve,2
REYNARD,WELLINGTON,26810,Gippsland,recreation,nature_reserve,Nature Reserve,2
RHEOLA,LODDON,23940,Loddon Campaspe,community,community_centre,Community Centre,2
RHEOLA,LODDON,23940,Loddon Campaspe,recreation,nature_reserve,Nature Reserve,2
RHEOLA,LODDON,23940,Loddon Campaspe,recreation,park,Park,1
RHYLL,BASS COAST,20740,Gippsland,community,community_centre,Community Centre,2
RHYLL,BASS COAST,20740,Gippsland,education,school,School,2
RHYLL,BASS COAST,20740,Gippsland,public_transport,bus_stop,Bus Stop,7
RHYLL,BASS COAST,20740,Gippsland,recreation,nature_reserve,Nature Reserve,1
RHYLL,BASS COAST,20740,Gippsland,recreation,park,Park,4
RHYLL,BASS COAST,20740,Gippsland,recreation,playground,Playground,3
RHYLL,BASS COAST,20740,Gippsland,recreation,sports_centre,Sports Centre,2
RHYLL,BASS COAST,20740,Gippsland,shopping,convenience_store,Convenience Store,2
RHYMNEY,ARARAT,20260,Central Highlands,recreation,nature_reserve,Nature Reserve,2
RICH AVON,BULOKE,21270,Mallee,recreation,nature_reserve,Nature Reserve,2
RICH AVON WEST,NORTHERN GRAMPIANS,25810,Wimmera Southern Mallee,recreation,park,Park,2
RICH AVON WEST,NORTHERN GRAMPIANS,25810,Wimmera Southern Mallee,recreation,playground,Playground,2
RICHMOND PLAINS,BULOKE,21270,Mallee,recreation,nature_reserve,Nature Reserve,2
RIDDELLS CREEK,MACEDON RANGES,24130,Loddon Campaspe,education,childcare,Childcare Centre,2
RIDDELLS CREEK,MACEDON RANGES,24130,Loddon Campaspe,education,kindergarten,Kindergarten,2
RIDDELLS CREEK,MACEDON RANGES,24130,Loddon Campaspe,education,school,School,2
RIDDELLS CREEK,MACEDON RANGES,24130,Loddon Campaspe,healthcare,doctor,Doctor,2
RIDDELLS CREEK,MACEDON RANGES,24130,Loddon Campaspe,healthcare,pharmacy,Pharmacy,1
RIDDELLS CREEK,MACEDON RANGES,24130,Loddon Campaspe,public_transport,bus_station,Bus Station,1
RIDDELLS CREEK,MACEDON RANGES,24130,Loddon Campaspe,public_transport,bus_stop,Bus Stop,2
RIDDELLS CREEK,MACEDON RANGES,24130,Loddon Campaspe,public_transport,platform,Public Transport Platform,2
RIDDELLS CREEK,MACEDON RANGES,24130,Loddon Campaspe,public_transport,railway_station,Railway Station,3
RIDDELLS CREEK,MACEDON RANGES,24130,Loddon Campaspe,recreation,nature_reserve,Nature Reserve,10
RIDDELLS CREEK,MACEDON RANGES,24130,Loddon Campaspe,recreation,park,Park,8
RIDDELLS CREEK,MACEDON RANGES,24130,Loddon Campaspe,recreation,playground,Playground,8
RIDDELLS CREEK,MACEDON RANGES,24130,Loddon Campaspe,shopping,convenience_store,Convenience Store,1
RIDDELLS CREEK,MACEDON RANGES,24130,Loddon Campaspe,shopping,supermarket,Supermarket,3
RIPPLEBROOK,BAW BAW,20830,Gippsland,education,school,School,2
RIPPLEBROOK,BAW BAW,20830,Gippsland,public_transport,bus_stop,Bus Stop,1
RIPPLESIDE,GREATER GEELONG,22750,Barwon,public_transport,bus_stop,Bus Stop,3
RIPPLESIDE,GREATER GEELONG,22750,Barwon,recreation,park,Park,4
RIPPLESIDE,GREATER GEELONG,22750,Barwon,recreation,playground,Playground,4
RIPPLESIDE,GREATER GEELONG,22750,Barwon,shopping,convenience_store,Convenience Store,2
RIVERSIDE,HORSHAM,23190,Wimmera Southern Mallee,recreation,nature_reserve,Nature Reserve,2
ROBINVALE,SWAN HILL,26610,Mallee,community,community_centre,Community Centre,2
ROBINVALE,SWAN HILL,26610,Mallee,community,social_facility,Social Facility,2
ROBINVALE,SWAN HILL,26610,Mallee,education,school,School,4
ROBINVALE,SWAN HILL,26610,Mallee,healthcare,dentist,Dentist,1
ROBINVALE,SWAN HILL,26610,Mallee,healthcare,hospital,Hospital,2
ROBINVALE,SWAN HILL,26610,Mallee,healthcare,pharmacy,Pharmacy,1
ROBINVALE,SWAN HILL,26610,Mallee,public_transport,bus_stop,Bus Stop,6
ROBINVALE,SWAN HILL,26610,Mallee,public_transport,stop_position,Public Transport Stop Position,2
ROBINVALE,SWAN HILL,26610,Mallee,recreation,garden,Garden,2
ROBINVALE,SWAN HILL,26610,Mallee,recreation,nature_reserve,Nature Reserve,6
ROBINVALE,SWAN HILL,26610,Mallee,recreation,park,Park,24
ROBINVALE,SWAN HILL,26610,Mallee,recreation,playground,Playground,10
ROBINVALE,SWAN HILL,26610,Mallee,recreation,sports_centre,Sports Centre,4
ROBINVALE,SWAN HILL,26610,Mallee,shopping,convenience_store,Convenience Store,2
ROBINVALE,SWAN HILL,26610,Mallee,shopping,supermarket,Supermarket,4
ROCHESTER,CAMPASPE,21370,Loddon Campaspe,education,school,School,6
ROCHESTER,CAMPASPE,21370,Loddon Campaspe,healthcare,hospital,Hospital,2
ROCHESTER,CAMPASPE,21370,Loddon Campaspe,healthcare,pharmacy,Pharmacy,1
ROCHESTER,CAMPASPE,21370,Loddon Campaspe,public_transport,platform,Public Transport Platform,1
ROCHESTER,CAMPASPE,21370,Loddon Campaspe,public_transport,railway_station,Railway Station,1
ROCHESTER,CAMPASPE,21370,Loddon Campaspe,recreation,nature_reserve,Nature Reserve,4
ROCHESTER,CAMPASPE,21370,Loddon Campaspe,recreation,park,Park,16
ROCHESTER,CAMPASPE,21370,Loddon Campaspe,recreation,playground,Playground,2
ROCHESTER,CAMPASPE,21370,Loddon Campaspe,recreation,sports_centre,Sports Centre,2
ROCHESTER,CAMPASPE,21370,Loddon Campaspe,shopping,supermarket,Supermarket,1
ROCKLANDS,SOUTHERN GRAMPIANS,26260,Great South Coast,recreation,nature_reserve,Nature Reserve,9
ROKEBY,BAW BAW,20830,Gippsland,community,community_centre,Community Centre,2
ROKEBY,BAW BAW,20830,Gippsland,public_transport,bus_stop,Bus Stop,1
ROKEBY,BAW BAW,20830,Gippsland,recreation,nature_reserve,Nature Reserve,2
ROKEBY,BAW BAW,20830,Gippsland,recreation,playground,Playground,2
ROKEWOOD,GOLDEN PLAINS,22490,Central Highlands,education,kindergarten,Kindergarten,2
ROKEWOOD,GOLDEN PLAINS,22490,Central Highlands,education,school,School,2
ROKEWOOD,GOLDEN PLAINS,22490,Central Highlands,healthcare,pharmacy,Pharmacy,1
ROKEWOOD,GOLDEN PLAINS,22490,Central Highlands,recreation,nature_reserve,Nature Reserve,5
ROKEWOOD,GOLDEN PLAINS,22490,Central Highlands,recreation,playground,Playground,2
ROKEWOOD JUNCTION,GOLDEN PLAINS,22490,Central Highlands,recreation,nature_reserve,Nature Reserve,2
ROMSEY,MACEDON RANGES,24130,Loddon Campaspe,community,library,Library,1
ROMSEY,MACEDON RANGES,24130,Loddon Campaspe,education,school,School,3
ROMSEY,MACEDON RANGES,24130,Loddon Campaspe,healthcare,clinic,Clinic,1
ROMSEY,MACEDON RANGES,24130,Loddon Campaspe,recreation,nature_reserve,Nature Reserve,5
ROMSEY,MACEDON RANGES,24130,Loddon Campaspe,recreation,park,Park,14
ROMSEY,MACEDON RANGES,24130,Loddon Campaspe,recreation,playground,Playground,3
ROMSEY,MACEDON RANGES,24130,Loddon Campaspe,shopping,supermarket,Supermarket,2
ROSE RIVER,WANGARATTA,26700,Ovens Murray,recreation,nature_reserve,Nature Reserve,2
ROSEBROOK,MOYNE,25490,Great South Coast,public_transport,bus_stop,Bus Stop,1
ROSEDALE,WELLINGTON,26810,Gippsland,community,community_centre,Community Centre,2
ROSEDALE,WELLINGTON,26810,Gippsland,education,kindergarten,Kindergarten,1
ROSEDALE,WELLINGTON,26810,Gippsland,education,school,School,2
ROSEDALE,WELLINGTON,26810,Gippsland,healthcare,pharmacy,Pharmacy,1
ROSEDALE,WELLINGTON,26810,Gippsland,public_transport,platform,Public Transport Platform,2
ROSEDALE,WELLINGTON,26810,Gippsland,public_transport,railway_station,Railway Station,1
ROSEDALE,WELLINGTON,26810,Gippsland,public_transport,stop_position,Public Transport Stop Position,2
ROSEDALE,WELLINGTON,26810,Gippsland,recreation,garden,Garden,6
ROSEDALE,WELLINGTON,26810,Gippsland,recreation,nature_reserve,Nature Reserve,2
ROSEDALE,WELLINGTON,26810,Gippsland,recreation,park,Park,8
ROSEDALE,WELLINGTON,26810,Gippsland,recreation,playground,Playground,3
ROSEDALE,WELLINGTON,26810,Gippsland,recreation,sports_centre,Sports Centre,1
ROSEDALE,WELLINGTON,26810,Gippsland,shopping,supermarket,Supermarket,1
ROSEWHITE,ALPINE,20110,Ovens Murray,community,town_hall,Town Hall,2
ROSLYNMEAD,CAMPASPE,21370,Loddon Campaspe,recreation,nature_reserve,Nature Reserve,1
ROSS CREEK,GOLDEN PLAINS,22490,Central Highlands,education,school,School,2
ROSS CREEK,GOLDEN PLAINS,22490,Central Highlands,recreation,nature_reserve,Nature Reserve,2
ROSS CREEK,GOLDEN PLAINS,22490,Central Highlands,recreation,park,Park,2
ROSS CREEK,GOLDEN PLAINS,22490,Central Highlands,recreation,playground,Playground,2
ROSSBRIDGE,ARARAT,20260,Central Highlands,recreation,nature_reserve,Nature Reserve,2
ROSTRON,NORTHERN GRAMPIANS,25810,Wimmera Southern Mallee,recreation,nature_reserve,Nature Reserve,2
ROWSLEY,MOORABOOL,25150,Central Highlands,recreation,nature_reserve,Nature Reserve,2
RUBICON,MURRINDINDI,25620,Goulburn,education,school,School,2
RUBICON,MURRINDINDI,25620,Goulburn,recreation,nature_reserve,Nature Reserve,2
RUBICON,MURRINDINDI,25620,Goulburn,recreation,park,Park,2
RUFFY,STRATHBOGIE,26430,Goulburn,recreation,nature_reserve,Nature Reserve,6
RUNNING CREEK,ALPINE,20110,Ovens Murray,community,town_hall,Town Hall,2
RUNNING CREEK,ALPINE,20110,Ovens Murray,public_transport,bus_stop,Bus Stop,1
RUNNYMEDE,CAMPASPE,21370,Loddon Campaspe,recreation,nature_reserve,Nature Reserve,3
RUPANYUP,YARRIAMBIACK,27630,Wimmera Southern Mallee,community,community_centre,Community Centre,2
RUPANYUP,YARRIAMBIACK,27630,Wimmera Southern Mallee,education,kindergarten,Kindergarten,2
RUPANYUP,YARRIAMBIACK,27630,Wimmera Southern Mallee,education,school,School,2
RUPANYUP,YARRIAMBIACK,27630,Wimmera Southern Mallee,healthcare,doctor,Doctor,1
RUPANYUP,YARRIAMBIACK,27630,Wimmera Southern Mallee,healthcare,hospital,Hospital,2
RUPANYUP,YARRIAMBIACK,27630,Wimmera Southern Mallee,public_transport,bus_stop,Bus Stop,2
RUPANYUP,YARRIAMBIACK,27630,Wimmera Southern Mallee,public_transport,platform,Public Transport Platform,1
RUPANYUP,YARRIAMBIACK,27630,Wimmera Southern Mallee,public_transport,stop_position,Public Transport Stop Position,2
RUPANYUP,YARRIAMBIACK,27630,Wimmera Southern Mallee,recreation,nature_reserve,Nature Reserve,5
RUPANYUP,YARRIAMBIACK,27630,Wimmera Southern Mallee,recreation,park,Park,2
RUPANYUP,YARRIAMBIACK,27630,Wimmera Southern Mallee,recreation,playground,Playground,2
RUPANYUP,YARRIAMBIACK,27630,Wimmera Southern Mallee,recreation,sports_centre,Sports Centre,2
RUPANYUP,YARRIAMBIACK,27630,Wimmera Southern Mallee,shopping,supermarket,Supermarket,1
RUSHWORTH,CAMPASPE,21370,Loddon Campaspe,community,community_centre,Community Centre,2
RUSHWORTH,CAMPASPE,21370,Loddon Campaspe,community,library,Library,2
RUSHWORTH,CAMPASPE,21370,Loddon Campaspe,education,school,School,4
RUSHWORTH,CAMPASPE,21370,Loddon Campaspe,healthcare,clinic,Clinic,2
RUSHWORTH,CAMPASPE,21370,Loddon Campaspe,healthcare,doctor,Doctor,1
RUSHWORTH,CAMPASPE,21370,Loddon Campaspe,healthcare,pharmacy,Pharmacy,1
RUSHWORTH,CAMPASPE,21370,Loddon Campaspe,public_transport,bus_stop,Bus Stop,2
RUSHWORTH,CAMPASPE,21370,Loddon Campaspe,public_transport,railway_station,Railway Station,1
RUSHWORTH,CAMPASPE,21370,Loddon Campaspe,recreation,nature_reserve,Nature Reserve,7
RUSHWORTH,CAMPASPE,21370,Loddon Campaspe,recreation,park,Park,20
RUSHWORTH,CAMPASPE,21370,Loddon Campaspe,recreation,sports_centre,Sports Centre,2
RUSHWORTH,CAMPASPE,21370,Loddon Campaspe,shopping,supermarket,Supermarket,2
RUTHERGLEN,INDIGO,23350,Ovens Murray,community,library,Library,1
RUTHERGLEN,INDIGO,23350,Ovens Murray,community,social_facility,Social Facility,1
RUTHERGLEN,INDIGO,23350,Ovens Murray,community,town_hall,Town Hall,2
RUTHERGLEN,INDIGO,23350,Ovens Murray,education,childcare,Childcare Centre,1
RUTHERGLEN,INDIGO,23350,Ovens Murray,education,school,School,6
RUTHERGLEN,INDIGO,23350,Ovens Murray,healthcare,doctor,Doctor,2
RUTHERGLEN,INDIGO,23350,Ovens Murray,healthcare,pharmacy,Pharmacy,1
RUTHERGLEN,INDIGO,23350,Ovens Murray,public_transport,bus_stop,Bus Stop,2
RUTHERGLEN,INDIGO,23350,Ovens Murray,recreation,garden,Garden,7
RUTHERGLEN,INDIGO,23350,Ovens Murray,recreation,nature_reserve,Nature Reserve,15
RUTHERGLEN,INDIGO,23350,Ovens Murray,recreation,park,Park,19
RUTHERGLEN,INDIGO,23350,Ovens Murray,recreation,playground,Playground,1
RUTHERGLEN,INDIGO,23350,Ovens Murray,recreation,sports_centre,Sports Centre,1
RUTHERGLEN,INDIGO,23350,Ovens Murray,shopping,supermarket,Supermarket,1
RYANSTON,BASS COAST,20740,Gippsland,education,school,School,2
SAILORS FALLS,HEPBURN,22910,Central Highlands,public_transport,bus_stop,Bus Stop,2
SAILORS GULLY,GREATER BENDIGO,22620,Loddon Campaspe,education,school,School,2
SALE,WELLINGTON,26810,Gippsland,community,community_centre,Community Centre,6
SALE,WELLINGTON,26810,Gippsland,community,library,Library,1
SALE,WELLINGTON,26810,Gippsland,community,social_facility,Social Facility,11
SALE,WELLINGTON,26810,Gippsland,education,childcare,Childcare Centre,3
SALE,WELLINGTON,26810,Gippsland,education,college,College,2
SALE,WELLINGTON,26810,Gippsland,education,kindergarten,Kindergarten,7
SALE,WELLINGTON,26810,Gippsland,education,school,School,25
SALE,WELLINGTON,26810,Gippsland,healthcare,clinic,Clinic,3
SALE,WELLINGTON,26810,Gippsland,healthcare,dentist,Dentist,2
SALE,WELLINGTON,26810,Gippsland,healthcare,doctor,Doctor,6
SALE,WELLINGTON,26810,Gippsland,healthcare,hospital,Hospital,8
SALE,WELLINGTON,26810,Gippsland,healthcare,pharmacy,Pharmacy,3
SALE,WELLINGTON,26810,Gippsland,public_transport,bus_station,Bus Station,6
SALE,WELLINGTON,26810,Gippsland,public_transport,bus_stop,Bus Stop,63
SALE,WELLINGTON,26810,Gippsland,public_transport,platform,Public Transport Platform,1
SALE,WELLINGTON,26810,Gippsland,public_transport,railway_station,Railway Station,1
SALE,WELLINGTON,26810,Gippsland,public_transport,stop_position,Public Transport Stop Position,11
SALE,WELLINGTON,26810,Gippsland,recreation,garden,Garden,1
SALE,WELLINGTON,26810,Gippsland,recreation,nature_reserve,Nature Reserve,2
SALE,WELLINGTON,26810,Gippsland,recreation,park,Park,33
SALE,WELLINGTON,26810,Gippsland,recreation,playground,Playground,15
SALE,WELLINGTON,26810,Gippsland,recreation,sports_centre,Sports Centre,9
SALE,WELLINGTON,26810,Gippsland,shopping,convenience_store,Convenience Store,11
SALE,WELLINGTON,26810,Gippsland,shopping,supermarket,Supermarket,7
SAN REMO,BASS COAST,20740,Gippsland,community,library,Library,1
SAN REMO,BASS COAST,20740,Gippsland,community,social_facility,Social Facility,1
SAN REMO,BASS COAST,20740,Gippsland,education,kindergarten,Kindergarten,2
SAN REMO,BASS COAST,20740,Gippsland,education,school,School,4
SAN REMO,BASS COAST,20740,Gippsland,healthcare,pharmacy,Pharmacy,1
SAN REMO,BASS COAST,20740,Gippsland,public_transport,bus_stop,Bus Stop,15
SAN REMO,BASS COAST,20740,Gippsland,recreation,nature_reserve,Nature Reserve,3
SAN REMO,BASS COAST,20740,Gippsland,recreation,park,Park,26
SAN REMO,BASS COAST,20740,Gippsland,recreation,playground,Playground,7
SAN REMO,BASS COAST,20740,Gippsland,recreation,sports_centre,Sports Centre,2
SAN REMO,BASS COAST,20740,Gippsland,shopping,convenience_store,Convenience Store,2
SAN REMO,BASS COAST,20740,Gippsland,shopping,supermarket,Supermarket,2
SANDFORD,GLENELG,22410,Great South Coast,recreation,nature_reserve,Nature Reserve,1
SANDHILL LAKE,GANNAWARRA,22250,Mallee,recreation,nature_reserve,Nature Reserve,2
SANDY CREEK,INDIGO,23350,Ovens Murray,community,town_hall,Town Hall,1
SANDY CREEK,INDIGO,23350,Ovens Murray,education,school,School,2
SANDY POINT,SOUTH GIPPSLAND,26170,Gippsland,public_transport,bus_stop,Bus Stop,1
SANDY POINT,SOUTH GIPPSLAND,26170,Gippsland,recreation,nature_reserve,Nature Reserve,1
SANDY POINT,SOUTH GIPPSLAND,26170,Gippsland,recreation,park,Park,4
SANDY POINT,SOUTH GIPPSLAND,26170,Gippsland,recreation,playground,Playground,2
SANDY POINT,SOUTH GIPPSLAND,26170,Gippsland,shopping,convenience_store,Convenience Store,1
SARSFIELD,EAST GIPPSLAND,22110,Gippsland,recreation,nature_reserve,Nature Reserve,4
SARSFIELD,EAST GIPPSLAND,22110,Gippsland,recreation,park,Park,4
SCARSDALE,GOLDEN PLAINS,22490,Central Highlands,community,community_centre,Community Centre,2
SCARSDALE,GOLDEN PLAINS,22490,Central Highlands,education,kindergarten,Kindergarten,2
SCARSDALE,GOLDEN PLAINS,22490,Central Highlands,recreation,nature_reserve,Nature Reserve,5
SCARSDALE,GOLDEN PLAINS,22490,Central Highlands,recreation,playground,Playground,1
SCOTSBURN,BALLARAT,20570,Central Highlands,education,school,School,2
SCOTTS CREEK,CORANGAMITE,21830,Great South Coast,public_transport,bus_stop,Bus Stop,1
SCOTTS CREEK,CORANGAMITE,21830,Great South Coast,recreation,sports_centre,Sports Centre,2
SEA LAKE,BULOKE,21270,Mallee,community,community_centre,Community Centre,4
SEA LAKE,BULOKE,21270,Mallee,education,school,School,4
SEA LAKE,BULOKE,21270,Mallee,healthcare,hospital,Hospital,2
SEA LAKE,BULOKE,21270,Mallee,healthcare,pharmacy,Pharmacy,2
SEA LAKE,BULOKE,21270,Mallee,public_transport,bus_stop,Bus Stop,1
SEA LAKE,BULOKE,21270,Mallee,public_transport,platform,Public Transport Platform,1
SEA LAKE,BULOKE,21270,Mallee,public_transport,stop_position,Public Transport Stop Position,1
SEA LAKE,BULOKE,21270,Mallee,recreation,garden,Garden,6
SEA LAKE,BULOKE,21270,Mallee,recreation,nature_reserve,Nature Reserve,3
SEA LAKE,BULOKE,21270,Mallee,recreation,park,Park,10
SEA LAKE,BULOKE,21270,Mallee,recreation,playground,Playground,2
SEA LAKE,BULOKE,21270,Mallee,recreation,sports_centre,Sports Centre,6
SEA LAKE,BULOKE,21270,Mallee,shopping,supermarket,Supermarket,1
SEASPRAY,WELLINGTON,26810,Gippsland,education,school,School,2
SEASPRAY,WELLINGTON,26810,Gippsland,public_transport,bus_stop,Bus Stop,4
SEASPRAY,WELLINGTON,26810,Gippsland,public_transport,stop_position,Public Transport Stop Position,1
SEASPRAY,WELLINGTON,26810,Gippsland,recreation,park,Park,4
SEASPRAY,WELLINGTON,26810,Gippsland,recreation,playground,Playground,2
SEASPRAY,WELLINGTON,26810,Gippsland,shopping,convenience_store,Convenience Store,1
SEATON,WELLINGTON,26810,Gippsland,recreation,nature_reserve,Nature Reserve,9
SEAVIEW,BAW BAW,20830,Gippsland,recreation,nature_reserve,Nature Reserve,1
SEBASTOPOL,BALLARAT,20570,Central Highlands,community,library,Library,1
SEBASTOPOL,BALLARAT,20570,Central Highlands,community,social_facility,Social Facility,2
SEBASTOPOL,BALLARAT,20570,Central Highlands,education,childcare,Childcare Centre,3
SEBASTOPOL,BALLARAT,20570,Central Highlands,education,kindergarten,Kindergarten,1
SEBASTOPOL,BALLARAT,20570,Central Highlands,education,school,School,14
SEBASTOPOL,BALLARAT,20570,Central Highlands,healthcare,clinic,Clinic,2
SEBASTOPOL,BALLARAT,20570,Central Highlands,healthcare,pharmacy,Pharmacy,3
SEBASTOPOL,BALLARAT,20570,Central Highlands,public_transport,bus_stop,Bus Stop,26
SEBASTOPOL,BALLARAT,20570,Central Highlands,public_transport,stop_position,Public Transport Stop Position,1
SEBASTOPOL,BALLARAT,20570,Central Highlands,recreation,park,Park,42
SEBASTOPOL,BALLARAT,20570,Central Highlands,recreation,playground,Playground,24
SEBASTOPOL,BALLARAT,20570,Central Highlands,recreation,sports_centre,Sports Centre,2
SEBASTOPOL,BALLARAT,20570,Central Highlands,shopping,convenience_store,Convenience Store,3
SEBASTOPOL,BALLARAT,20570,Central Highlands,shopping,supermarket,Supermarket,8
SEDGWICK,GREATER BENDIGO,22620,Loddon Campaspe,community,community_centre,Community Centre,2
SEDGWICK,GREATER BENDIGO,22620,Loddon Campaspe,recreation,garden,Garden,4
SEDGWICK,GREATER BENDIGO,22620,Loddon Campaspe,recreation,nature_reserve,Nature Reserve,4
SELWYN,ALPINE,20110,Ovens Murray,recreation,nature_reserve,Nature Reserve,6
SERPENTINE,LODDON,23940,Loddon Campaspe,recreation,park,Park,2
SERPENTINE,LODDON,23940,Loddon Campaspe,shopping,convenience_store,Convenience Store,1
SERVICETON,WEST WIMMERA,26890,Wimmera Southern Mallee,recreation,nature_reserve,Nature Reserve,11
SERVICETON,WEST WIMMERA,26890,Wimmera Southern Mallee,recreation,park,Park,2
SEYMOUR,MITCHELL,24850,Goulburn,community,library,Library,1
SEYMOUR,MITCHELL,24850,Goulburn,education,school,School,6
SEYMOUR,MITCHELL,24850,Goulburn,healthcare,hospital,Hospital,3
SEYMOUR,MITCHELL,24850,Goulburn,healthcare,pharmacy,Pharmacy,1
SEYMOUR,MITCHELL,24850,Goulburn,public_transport,bus_station,Bus Station,1
SEYMOUR,MITCHELL,24850,Goulburn,public_transport,bus_stop,Bus Stop,48
SEYMOUR,MITCHELL,24850,Goulburn,public_transport,platform,Public Transport Platform,6
SEYMOUR,MITCHELL,24850,Goulburn,public_transport,railway_station,Railway Station,1
SEYMOUR,MITCHELL,24850,Goulburn,public_transport,stop_position,Public Transport Stop Position,10
SEYMOUR,MITCHELL,24850,Goulburn,recreation,nature_reserve,Nature Reserve,4
SEYMOUR,MITCHELL,24850,Goulburn,recreation,park,Park,36
SEYMOUR,MITCHELL,24850,Goulburn,recreation,playground,Playground,4
SEYMOUR,MITCHELL,24850,Goulburn,recreation,sports_centre,Sports Centre,11
SEYMOUR,MITCHELL,24850,Goulburn,shopping,convenience_store,Convenience Store,1
SEYMOUR,MITCHELL,24850,Goulburn,shopping,supermarket,Supermarket,6
SHADY CREEK,BAW BAW,20830,Gippsland,recreation,nature_reserve,Nature Reserve,2
SHAYS FLAT,NORTHERN GRAMPIANS,25810,Wimmera Southern Mallee,recreation,nature_reserve,Nature Reserve,2
SHEEP HILLS,YARRIAMBIACK,27630,Wimmera Southern Mallee,recreation,nature_reserve,Nature Reserve,11
SHELBOURNE,GREATER BENDIGO,22620,Loddon Campaspe,recreation,nature_reserve,Nature Reserve,4
SHELBOURNE,LODDON,23940,Loddon Campaspe,recreation,nature_reserve,Nature Reserve,2
SHELFORD,GOLDEN PLAINS,22490,Central Highlands,education,school,School,2
SHELFORD,GOLDEN PLAINS,22490,Central Highlands,recreation,nature_reserve,Nature Reserve,2
SHELFORD,GOLDEN PLAINS,22490,Central Highlands,recreation,sports_centre,Sports Centre,2
SHELLEY,TOWONG,26670,Ovens Murray,recreation,nature_reserve,Nature Reserve,5
SHEPHERDS FLAT,HEPBURN,22910,Central Highlands,recreation,garden,Garden,4
SHEPHERDS FLAT,HEPBURN,22910,Central Highlands,recreation,nature_reserve,Nature Reserve,4
SHEPHERDS FLAT,HEPBURN,22910,Central Highlands,recreation,park,Park,2
SHEPPARTON,GREATER SHEPPARTON,22830,Goulburn,community,library,Library,3
SHEPPARTON,GREATER SHEPPARTON,22830,Goulburn,community,social_facility,Social Facility,3
SHEPPARTON,GREATER SHEPPARTON,22830,Goulburn,community,town_hall,Town Hall,2
SHEPPARTON,GREATER SHEPPARTON,22830,Goulburn,education,college,College,2
SHEPPARTON,GREATER SHEPPARTON,22830,Goulburn,education,kindergarten,Kindergarten,4
SHEPPARTON,GREATER SHEPPARTON,22830,Goulburn,education,school,School,25
SHEPPARTON,GREATER SHEPPARTON,22830,Goulburn,healthcare,clinic,Clinic,15
SHEPPARTON,GREATER SHEPPARTON,22830,Goulburn,healthcare,dentist,Dentist,2
SHEPPARTON,GREATER SHEPPARTON,22830,Goulburn,healthcare,doctor,Doctor,7
SHEPPARTON,GREATER SHEPPARTON,22830,Goulburn,healthcare,hospital,Hospital,9
SHEPPARTON,GREATER SHEPPARTON,22830,Goulburn,healthcare,pharmacy,Pharmacy,4
SHEPPARTON,GREATER SHEPPARTON,22830,Goulburn,public_transport,bus_station,Bus Station,1
SHEPPARTON,GREATER SHEPPARTON,22830,Goulburn,public_transport,bus_stop,Bus Stop,289
SHEPPARTON,GREATER SHEPPARTON,22830,Goulburn,public_transport,platform,Public Transport Platform,2
SHEPPARTON,GREATER SHEPPARTON,22830,Goulburn,public_transport,railway_station,Railway Station,1
SHEPPARTON,GREATER SHEPPARTON,22830,Goulburn,public_transport,station,Public Transport Station,2
SHEPPARTON,GREATER SHEPPARTON,22830,Goulburn,public_transport,stop_position,Public Transport Stop Position,17
SHEPPARTON,GREATER SHEPPARTON,22830,Goulburn,recreation,garden,Garden,10
SHEPPARTON,GREATER SHEPPARTON,22830,Goulburn,recreation,nature_reserve,Nature Reserve,2
SHEPPARTON,GREATER SHEPPARTON,22830,Goulburn,recreation,park,Park,88
SHEPPARTON,GREATER SHEPPARTON,22830,Goulburn,recreation,playground,Playground,29
SHEPPARTON,GREATER SHEPPARTON,22830,Goulburn,recreation,sports_centre,Sports Centre,11
SHEPPARTON,GREATER SHEPPARTON,22830,Goulburn,shopping,convenience_store,Convenience Store,22
SHEPPARTON,GREATER SHEPPARTON,22830,Goulburn,shopping,supermarket,Supermarket,11
SHEPPARTON EAST,GREATER SHEPPARTON,22830,Goulburn,education,school,School,2
SHEPPARTON NORTH,GREATER SHEPPARTON,22830,Goulburn,community,community_centre,Community Centre,4
SHEPPARTON NORTH,GREATER SHEPPARTON,22830,Goulburn,education,school,School,6
SHEPPARTON NORTH,GREATER SHEPPARTON,22830,Goulburn,public_transport,bus_stop,Bus Stop,4
SHEPPARTON NORTH,GREATER SHEPPARTON,22830,Goulburn,public_transport,stop_position,Public Transport Stop Position,1
SILVERLEAVES,BASS COAST,20740,Gippsland,recreation,park,Park,4
SIMPSON,CORANGAMITE,21830,Great South Coast,community,town_hall,Town Hall,2
SIMPSON,CORANGAMITE,21830,Great South Coast,education,school,School,2
SIMPSON,CORANGAMITE,21830,Great South Coast,recreation,nature_reserve,Nature Reserve,6
SIMPSON,CORANGAMITE,21830,Great South Coast,recreation,park,Park,8
SIMPSON,CORANGAMITE,21830,Great South Coast,shopping,supermarket,Supermarket,1
SIMSON,CENTRAL GOLDFIELDS,21670,Loddon Campaspe,recreation,nature_reserve,Nature Reserve,2
SKENES CREEK,COLAC OTWAY,21750,Barwon,public_transport,bus_stop,Bus Stop,2
SKENES CREEK,COLAC OTWAY,21750,Barwon,recreation,park,Park,2
SKENES CREEK NORTH,COLAC OTWAY,21750,Barwon,recreation,nature_reserve,Nature Reserve,2
SKIPTON,CORANGAMITE,21830,Great South Coast,community,community_centre,Community Centre,2
SKIPTON,CORANGAMITE,21830,Great South Coast,education,school,School,2
SKIPTON,CORANGAMITE,21830,Great South Coast,healthcare,hospital,Hospital,2
SKIPTON,CORANGAMITE,21830,Great South Coast,public_transport,bus_stop,Bus Stop,1
SKIPTON,CORANGAMITE,21830,Great South Coast,recreation,nature_reserve,Nature Reserve,2
SKIPTON,CORANGAMITE,21830,Great South Coast,recreation,park,Park,10
SKIPTON,CORANGAMITE,21830,Great South Coast,recreation,sports_centre,Sports Centre,2
SKIPTON,CORANGAMITE,21830,Great South Coast,shopping,supermarket,Supermarket,2
SLATY CREEK,LODDON,23940,Loddon Campaspe,recreation,nature_reserve,Nature Reserve,2
SLATY CREEK,NORTHERN GRAMPIANS,25810,Wimmera Southern Mallee,recreation,garden,Garden,2
SLATY CREEK,NORTHERN GRAMPIANS,25810,Wimmera Southern Mallee,recreation,nature_reserve,Nature Reserve,1
SMEATON,HEPBURN,22910,Central Highlands,recreation,park,Park,2
SMITHS BEACH,BASS COAST,20740,Gippsland,public_transport,bus_stop,Bus Stop,1
SMITHS BEACH,BASS COAST,20740,Gippsland,recreation,park,Park,2
SMITHS BEACH,BASS COAST,20740,Gippsland,recreation,playground,Playground,2
SMITHS BEACH,BASS COAST,20740,Gippsland,shopping,convenience_store,Convenience Store,2
SMOKO,ALPINE,20110,Ovens Murray,recreation,nature_reserve,Nature Reserve,2
SMYTHES CREEK,BALLARAT,20570,Central Highlands,education,kindergarten,Kindergarten,1
SMYTHES CREEK,BALLARAT,20570,Central Highlands,healthcare,doctor,Doctor,1
SMYTHES CREEK,BALLARAT,20570,Central Highlands,healthcare,pharmacy,Pharmacy,1
SMYTHES CREEK,BALLARAT,20570,Central Highlands,public_transport,bus_stop,Bus Stop,1
SMYTHES CREEK,BALLARAT,20570,Central Highlands,recreation,park,Park,2
SMYTHES CREEK,BALLARAT,20570,Central Highlands,shopping,convenience_store,Convenience Store,2
SMYTHES CREEK,BALLARAT,20570,Central Highlands,shopping,supermarket,Supermarket,2
SMYTHESDALE,GOLDEN PLAINS,22490,Central Highlands,education,school,School,2
SMYTHESDALE,GOLDEN PLAINS,22490,Central Highlands,healthcare,pharmacy,Pharmacy,1
SMYTHESDALE,GOLDEN PLAINS,22490,Central Highlands,public_transport,bus_stop,Bus Stop,2
SMYTHESDALE,GOLDEN PLAINS,22490,Central Highlands,recreation,nature_reserve,Nature Reserve,9
SMYTHESDALE,GOLDEN PLAINS,22490,Central Highlands,recreation,park,Park,7
SMYTHESDALE,GOLDEN PLAINS,22490,Central Highlands,recreation,sports_centre,Sports Centre,2
SMYTHESDALE,GOLDEN PLAINS,22490,Central Highlands,shopping,supermarket,Supermarket,2
SNAKE ISLAND,WELLINGTON,26810,Gippsland,recreation,nature_reserve,Nature Reserve,1
SNAKE VALLEY,PYRENEES,25990,Central Highlands,education,school,School,2
SNAKE VALLEY,PYRENEES,25990,Central Highlands,recreation,nature_reserve,Nature Reserve,2
SOLDIERS HILL,BALLARAT,20570,Central Highlands,education,school,School,4
SOLDIERS HILL,BALLARAT,20570,Central Highlands,public_transport,bus_stop,Bus Stop,16
SOLDIERS HILL,BALLARAT,20570,Central Highlands,public_transport,platform,Public Transport Platform,3
SOLDIERS HILL,BALLARAT,20570,Central Highlands,public_transport,stop_position,Public Transport Stop Position,4
SOLDIERS HILL,BALLARAT,20570,Central Highlands,recreation,garden,Garden,1
SOLDIERS HILL,BALLARAT,20570,Central Highlands,recreation,park,Park,6
SOLDIERS HILL,BALLARAT,20570,Central Highlands,recreation,playground,Playground,4
SOLDIERS HILL,BALLARAT,20570,Central Highlands,shopping,convenience_store,Convenience Store,2
SOUTH DUDLEY,BASS COAST,20740,Gippsland,community,community_centre,Community Centre,2
SOUTH DUDLEY,BASS COAST,20740,Gippsland,public_transport,bus_stop,Bus Stop,2
SOUTH DUDLEY,BASS COAST,20740,Gippsland,public_transport,stop_position,Public Transport Stop Position,3
SOUTH DUDLEY,BASS COAST,20740,Gippsland,recreation,park,Park,2
SOUTH DUDLEY,BASS COAST,20740,Gippsland,recreation,playground,Playground,2
SOUTH GEELONG,GREATER GEELONG,22750,Barwon,education,kindergarten,Kindergarten,2
SOUTH GEELONG,GREATER GEELONG,22750,Barwon,healthcare,dentist,Dentist,2
SOUTH GEELONG,GREATER GEELONG,22750,Barwon,public_transport,bus_stop,Bus Stop,11
SOUTH GEELONG,GREATER GEELONG,22750,Barwon,public_transport,platform,Public Transport Platform,2
SOUTH GEELONG,GREATER GEELONG,22750,Barwon,public_transport,railway_station,Railway Station,1
SOUTH GEELONG,GREATER GEELONG,22750,Barwon,public_transport,stop_position,Public Transport Stop Position,8
SOUTH GEELONG,GREATER GEELONG,22750,Barwon,recreation,garden,Garden,2
SOUTH GEELONG,GREATER GEELONG,22750,Barwon,recreation,park,Park,9
SOUTH GEELONG,GREATER GEELONG,22750,Barwon,recreation,playground,Playground,6
SOUTH GEELONG,GREATER GEELONG,22750,Barwon,recreation,sports_centre,Sports Centre,14
SOUTH GEELONG,GREATER GEELONG,22750,Barwon,shopping,convenience_store,Convenience Store,5
SPARGO CREEK,MOORABOOL,25150,Central Highlands,public_transport,bus_stop,Bus Stop,2
SPARGO CREEK,MOORABOOL,25150,Central Highlands,recreation,nature_reserve,Nature Reserve,2
SPEED,YARRIAMBIACK,27630,Wimmera Southern Mallee,public_transport,bus_stop,Bus Stop,2
SPEED,YARRIAMBIACK,27630,Wimmera Southern Mallee,recreation,nature_reserve,Nature Reserve,9
SPEEWA,SWAN HILL,26610,Mallee,public_transport,station,Public Transport Station,1
SPRING GULLY,GREATER BENDIGO,22620,Loddon Campaspe,community,social_facility,Social Facility,2
SPRING GULLY,GREATER BENDIGO,22620,Loddon Campaspe,education,kindergarten,Kindergarten,2
SPRING GULLY,GREATER BENDIGO,22620,Loddon Campaspe,education,school,School,2
SPRING GULLY,GREATER BENDIGO,22620,Loddon Campaspe,public_transport,bus_stop,Bus Stop,16
SPRING GULLY,GREATER BENDIGO,22620,Loddon Campaspe,public_transport,stop_position,Public Transport Stop Position,1
SPRING GULLY,GREATER BENDIGO,22620,Loddon Campaspe,recreation,nature_reserve,Nature Reserve,3
SPRING GULLY,GREATER BENDIGO,22620,Loddon Campaspe,recreation,park,Park,4
SPRING GULLY,GREATER BENDIGO,22620,Loddon Campaspe,recreation,playground,Playground,2
SPRING GULLY,GREATER BENDIGO,22620,Loddon Campaspe,recreation,sports_centre,Sports Centre,4
SPRING HILL,HEPBURN,22910,Central Highlands,recreation,nature_reserve,Nature Reserve,4
SPRINGFIELD (SEA LAKE),BULOKE,21270,Mallee,recreation,nature_reserve,Nature Reserve,4
SPRINGHURST,WANGARATTA,26700,Ovens Murray,education,school,School,2
SPRINGHURST,WANGARATTA,26700,Ovens Murray,public_transport,platform,Public Transport Platform,1
SPRINGHURST,WANGARATTA,26700,Ovens Murray,public_transport,railway_station,Railway Station,1
SPRINGHURST,WANGARATTA,26700,Ovens Murray,public_transport,stop_position,Public Transport Stop Position,1
SPRINGHURST,WANGARATTA,26700,Ovens Murray,recreation,nature_reserve,Nature Reserve,9
SPRINGHURST,WANGARATTA,26700,Ovens Murray,recreation,playground,Playground,1
SPRINGHURST,WANGARATTA,26700,Ovens Murray,recreation,sports_centre,Sports Centre,2
ST ALBANS PARK,GREATER GEELONG,22750,Barwon,community,social_facility,Social Facility,2
ST ALBANS PARK,GREATER GEELONG,22750,Barwon,healthcare,hospital,Hospital,2
ST ALBANS PARK,GREATER GEELONG,22750,Barwon,public_transport,bus_stop,Bus Stop,2
ST ALBANS PARK,GREATER GEELONG,22750,Barwon,recreation,park,Park,16
ST ALBANS PARK,GREATER GEELONG,22750,Barwon,recreation,playground,Playground,11
ST ARNAUD,NORTHERN GRAMPIANS,25810,Wimmera Southern Mallee,education,school,School,6
ST ARNAUD,NORTHERN GRAMPIANS,25810,Wimmera Southern Mallee,healthcare,hospital,Hospital,2
ST ARNAUD,NORTHERN GRAMPIANS,25810,Wimmera Southern Mallee,public_transport,bus_stop,Bus Stop,2
ST ARNAUD,NORTHERN GRAMPIANS,25810,Wimmera Southern Mallee,public_transport,platform,Public Transport Platform,1
ST ARNAUD,NORTHERN GRAMPIANS,25810,Wimmera Southern Mallee,public_transport,stop_position,Public Transport Stop Position,2
ST ARNAUD,NORTHERN GRAMPIANS,25810,Wimmera Southern Mallee,recreation,nature_reserve,Nature Reserve,6
ST ARNAUD,NORTHERN GRAMPIANS,25810,Wimmera Southern Mallee,recreation,park,Park,27
ST ARNAUD,NORTHERN GRAMPIANS,25810,Wimmera Southern Mallee,recreation,playground,Playground,8
ST ARNAUD,NORTHERN GRAMPIANS,25810,Wimmera Southern Mallee,recreation,sports_centre,Sports Centre,2
ST ARNAUD,NORTHERN GRAMPIANS,25810,Wimmera Southern Mallee,shopping,convenience_store,Convenience Store,1
ST ARNAUD,NORTHERN GRAMPIANS,25810,Wimmera Southern Mallee,shopping,supermarket,Supermarket,2
ST ARNAUD EAST,NORTHERN GRAMPIANS,25810,Wimmera Southern Mallee,recreation,nature_reserve,Nature Reserve,9
ST ARNAUD NORTH,NORTHERN GRAMPIANS,25810,Wimmera Southern Mallee,recreation,nature_reserve,Nature Reserve,2
ST GERMAINS,GREATER SHEPPARTON,22830,Goulburn,recreation,nature_reserve,Nature Reserve,2
ST HELENS,MOYNE,25490,Great South Coast,recreation,nature_reserve,Nature Reserve,2
ST LEONARDS,GREATER GEELONG,22750,Barwon,education,school,School,2
ST LEONARDS,GREATER GEELONG,22750,Barwon,healthcare,pharmacy,Pharmacy,1
ST LEONARDS,GREATER GEELONG,22750,Barwon,public_transport,bus_stop,Bus Stop,3
ST LEONARDS,GREATER GEELONG,22750,Barwon,public_transport,stop_position,Public Transport Stop Position,1
ST LEONARDS,GREATER GEELONG,22750,Barwon,recreation,nature_reserve,Nature Reserve,3
ST LEONARDS,GREATER GEELONG,22750,Barwon,recreation,park,Park,14
ST LEONARDS,GREATER GEELONG,22750,Barwon,recreation,playground,Playground,12
ST LEONARDS,GREATER GEELONG,22750,Barwon,shopping,convenience_store,Convenience Store,1
ST LEONARDS,GREATER GEELONG,22750,Barwon,shopping,supermarket,Supermarket,1
STACEYS BRIDGE,WELLINGTON,26810,Gippsland,recreation,nature_reserve,Nature Reserve,2
STAFFORDSHIRE REEF,GOLDEN PLAINS,22490,Central Highlands,recreation,nature_reserve,Nature Reserve,2
STAGHORN FLAT,INDIGO,23350,Ovens Murray,recreation,nature_reserve,Nature Reserve,1
STAGHORN FLAT,WODONGA,27170,Ovens Murray,public_transport,bus_stop,Bus Stop,1
STAGHORN FLAT,WODONGA,27170,Ovens Murray,recreation,nature_reserve,Nature Reserve,2
STANHOPE,CAMPASPE,21370,Loddon Campaspe,education,school,School,2
STANHOPE,CAMPASPE,21370,Loddon Campaspe,public_transport,bus_stop,Bus Stop,2
STANHOPE,CAMPASPE,21370,Loddon Campaspe,recreation,park,Park,4
STANLEY,INDIGO,23350,Ovens Murray,recreation,nature_reserve,Nature Reserve,8
STANLEY,INDIGO,23350,Ovens Murray,recreation,park,Park,1
STAUGHTON VALE,GREATER GEELONG,22750,Barwon,education,school,School,4
STAUGHTON VALE,GREATER GEELONG,22750,Barwon,recreation,nature_reserve,Nature Reserve,2
STAWELL,NORTHERN GRAMPIANS,25810,Wimmera Southern Mallee,community,town_hall,Town Hall,1
STAWELL,NORTHERN GRAMPIANS,25810,Wimmera Southern Mallee,education,school,School,10
STAWELL,NORTHERN GRAMPIANS,25810,Wimmera Southern Mallee,healthcare,clinic,Clinic,2
STAWELL,NORTHERN GRAMPIANS,25810,Wimmera Southern Mallee,healthcare,hospital,Hospital,2
STAWELL,NORTHERN GRAMPIANS,25810,Wimmera Southern Mallee,healthcare,pharmacy,Pharmacy,1
STAWELL,NORTHERN GRAMPIANS,25810,Wimmera Southern Mallee,public_transport,bus_stop,Bus Stop,52
STAWELL,NORTHERN GRAMPIANS,25810,Wimmera Southern Mallee,public_transport,platform,Public Transport Platform,2
STAWELL,NORTHERN GRAMPIANS,25810,Wimmera Southern Mallee,public_transport,railway_station,Railway Station,1
STAWELL,NORTHERN GRAMPIANS,25810,Wimmera Southern Mallee,public_transport,stop_position,Public Transport Stop Position,2
STAWELL,NORTHERN GRAMPIANS,25810,Wimmera Southern Mallee,recreation,garden,Garden,4
STAWELL,NORTHERN GRAMPIANS,25810,Wimmera Southern Mallee,recreation,nature_reserve,Nature Reserve,27
STAWELL,NORTHERN GRAMPIANS,25810,Wimmera Southern Mallee,recreation,park,Park,36
STAWELL,NORTHERN GRAMPIANS,25810,Wimmera Southern Mallee,recreation,playground,Playground,11
STAWELL,NORTHERN GRAMPIANS,25810,Wimmera Southern Mallee,recreation,sports_centre,Sports Centre,8
STAWELL,NORTHERN GRAMPIANS,25810,Wimmera Southern Mallee,shopping,convenience_store,Convenience Store,3
STAWELL,NORTHERN GRAMPIANS,25810,Wimmera Southern Mallee,shopping,supermarket,Supermarket,3
STEIGLITZ,GOLDEN PLAINS,22490,Central Highlands,recreation,nature_reserve,Nature Reserve,1
STEWARTON,BENALLA,21010,Ovens Murray,recreation,nature_reserve,Nature Reserve,1
STOCKDALE,WELLINGTON,26810,Gippsland,recreation,nature_reserve,Nature Reserve,2
STOCKYARD HILL,PYRENEES,25990,Central Highlands,recreation,nature_reserve,Nature Reserve,4
STONEHAVEN,GOLDEN PLAINS,22490,Central Highlands,recreation,nature_reserve,Nature Reserve,2
STONY CREEK (FOSTER),SOUTH GIPPSLAND,26170,Gippsland,recreation,nature_reserve,Nature Reserve,2
STONY CREEK (FOSTER),SOUTH GIPPSLAND,26170,Gippsland,recreation,sports_centre,Sports Centre,4
STONYFORD,COLAC OTWAY,21750,Barwon,recreation,nature_reserve,Nature Reserve,1
STRADBROKE,WELLINGTON,26810,Gippsland,recreation,nature_reserve,Nature Reserve,1
STRATFORD,WELLINGTON,26810,Gippsland,community,community_centre,Community Centre,2
STRATFORD,WELLINGTON,26810,Gippsland,community,library,Library,1
STRATFORD,WELLINGTON,26810,Gippsland,education,kindergarten,Kindergarten,1
STRATFORD,WELLINGTON,26810,Gippsland,education,school,School,4
STRATFORD,WELLINGTON,26810,Gippsland,healthcare,pharmacy,Pharmacy,1
STRATFORD,WELLINGTON,26810,Gippsland,public_transport,bus_stop,Bus Stop,4
STRATFORD,WELLINGTON,26810,Gippsland,public_transport,platform,Public Transport Platform,2
STRATFORD,WELLINGTON,26810,Gippsland,public_transport,railway_station,Railway Station,1
STRATFORD,WELLINGTON,26810,Gippsland,public_transport,stop_position,Public Transport Stop Position,4
STRATFORD,WELLINGTON,26810,Gippsland,recreation,nature_reserve,Nature Reserve,8
STRATFORD,WELLINGTON,26810,Gippsland,recreation,park,Park,12
STRATFORD,WELLINGTON,26810,Gippsland,recreation,playground,Playground,10
STRATFORD,WELLINGTON,26810,Gippsland,recreation,sports_centre,Sports Centre,2
STRATFORD,WELLINGTON,26810,Gippsland,shopping,supermarket,Supermarket,1
STRATH CREEK,MURRINDINDI,25620,Goulburn,recreation,nature_reserve,Nature Reserve,2
STRATHBOGIE,STRATHBOGIE,26430,Goulburn,education,school,School,2
STRATHBOGIE,STRATHBOGIE,26430,Goulburn,recreation,nature_reserve,Nature Reserve,11
STRATHDALE,GREATER BENDIGO,22620,Loddon Campaspe,education,kindergarten,Kindergarten,2
STRATHDALE,GREATER BENDIGO,22620,Loddon Campaspe,healthcare,clinic,Clinic,1
STRATHDALE,GREATER BENDIGO,22620,Loddon Campaspe,public_transport,bus_stop,Bus Stop,25
STRATHDALE,GREATER BENDIGO,22620,Loddon Campaspe,recreation,garden,Garden,8
STRATHDALE,GREATER BENDIGO,22620,Loddon Campaspe,recreation,park,Park,24
STRATHDALE,GREATER BENDIGO,22620,Loddon Campaspe,recreation,playground,Playground,8
STRATHDALE,GREATER BENDIGO,22620,Loddon Campaspe,recreation,sports_centre,Sports Centre,2
STRATHDOWNIE,GLENELG,22410,Great South Coast,community,community_centre,Community Centre,2
STRATHDOWNIE,GLENELG,22410,Great South Coast,recreation,nature_reserve,Nature Reserve,26
STRATHDOWNIE,GLENELG,22410,Great South Coast,recreation,park,Park,2
STRATHFIELDSAYE,GREATER BENDIGO,22620,Loddon Campaspe,community,community_centre,Community Centre,2
STRATHFIELDSAYE,GREATER BENDIGO,22620,Loddon Campaspe,education,childcare,Childcare Centre,2
STRATHFIELDSAYE,GREATER BENDIGO,22620,Loddon Campaspe,education,kindergarten,Kindergarten,8
STRATHFIELDSAYE,GREATER BENDIGO,22620,Loddon Campaspe,education,school,School,4
STRATHFIELDSAYE,GREATER BENDIGO,22620,Loddon Campaspe,healthcare,pharmacy,Pharmacy,1
STRATHFIELDSAYE,GREATER BENDIGO,22620,Loddon Campaspe,public_transport,bus_stop,Bus Stop,46
STRATHFIELDSAYE,GREATER BENDIGO,22620,Loddon Campaspe,public_transport,stop_position,Public Transport Stop Position,1
STRATHFIELDSAYE,GREATER BENDIGO,22620,Loddon Campaspe,recreation,garden,Garden,4
STRATHFIELDSAYE,GREATER BENDIGO,22620,Loddon Campaspe,recreation,nature_reserve,Nature Reserve,8
STRATHFIELDSAYE,GREATER BENDIGO,22620,Loddon Campaspe,recreation,park,Park,32
STRATHFIELDSAYE,GREATER BENDIGO,22620,Loddon Campaspe,recreation,playground,Playground,9
STRATHFIELDSAYE,GREATER BENDIGO,22620,Loddon Campaspe,shopping,convenience_store,Convenience Store,2
STRATHFIELDSAYE,GREATER BENDIGO,22620,Loddon Campaspe,shopping,supermarket,Supermarket,1
STRATHMERTON,MOIRA,24900,Goulburn,community,community_centre,Community Centre,2
STRATHMERTON,MOIRA,24900,Goulburn,education,school,School,2
STRATHMERTON,MOIRA,24900,Goulburn,recreation,park,Park,2
STRATHMERTON,MOIRA,24900,Goulburn,recreation,sports_centre,Sports Centre,4
STRATHMERTON,MOIRA,24900,Goulburn,shopping,convenience_store,Convenience Store,1
STREATHAM,ARARAT,20260,Central Highlands,community,community_centre,Community Centre,1
STREATHAM,ARARAT,20260,Central Highlands,recreation,nature_reserve,Nature Reserve,4
STREATHAM,ARARAT,20260,Central Highlands,recreation,park,Park,2
STREATHAM,ARARAT,20260,Central Highlands,recreation,playground,Playground,2
STUART MILL,NORTHERN GRAMPIANS,25810,Wimmera Southern Mallee,community,community_centre,Community Centre,2
STUART MILL,NORTHERN GRAMPIANS,25810,Wimmera Southern Mallee,recreation,nature_reserve,Nature Reserve,11
STUART MILL,NORTHERN GRAMPIANS,25810,Wimmera Southern Mallee,recreation,playground,Playground,2
SUGGAN BUGGAN,EAST GIPPSLAND,22110,Gippsland,recreation,nature_reserve,Nature Reserve,2
SULKY,BALLARAT,20570,Central Highlands,public_transport,bus_stop,Bus Stop,3
SULKY,HEPBURN,22910,Central Highlands,public_transport,bus_stop,Bus Stop,6
SUMMERLANDS,BASS COAST,20740,Gippsland,public_transport,bus_stop,Bus Stop,1
SUMMERLANDS,BASS COAST,20740,Gippsland,recreation,garden,Garden,52
SUNDERLAND BAY,BASS COAST,20740,Gippsland,public_transport,bus_stop,Bus Stop,2
SUNSET STRIP,BASS COAST,20740,Gippsland,public_transport,bus_stop,Bus Stop,1
SUNSET STRIP,BASS COAST,20740,Gippsland,recreation,park,Park,2
SUNSET STRIP,BASS COAST,20740,Gippsland,recreation,playground,Playground,2
SURF BEACH,BASS COAST,20740,Gippsland,public_transport,bus_stop,Bus Stop,2
SURF BEACH,BASS COAST,20740,Gippsland,recreation,nature_reserve,Nature Reserve,1
SURF BEACH,BASS COAST,20740,Gippsland,recreation,park,Park,2
SURF BEACH,BASS COAST,20740,Gippsland,recreation,playground,Playground,2
SUTHERLAND,NORTHERN GRAMPIANS,25810,Wimmera Southern Mallee,recreation,nature_reserve,Nature Reserve,2
SUTTON GRANGE,MOUNT ALEXANDER,25430,Loddon Campaspe,community,community_centre,Community Centre,2
SUTTON GRANGE,MOUNT ALEXANDER,25430,Loddon Campaspe,recreation,park,Park,2
SWAN BAY,GREATER GEELONG,22750,Barwon,recreation,nature_reserve,Nature Reserve,1
SWAN HILL,SWAN HILL,26610,Mallee,community,community_centre,Community Centre,2
SWAN HILL,SWAN HILL,26610,Mallee,community,library,Library,1
SWAN HILL,SWAN HILL,26610,Mallee,community,town_hall,Town Hall,4
SWAN HILL,SWAN HILL,26610,Mallee,education,college,College,2
SWAN HILL,SWAN HILL,26610,Mallee,education,kindergarten,Kindergarten,2
SWAN HILL,SWAN HILL,26610,Mallee,education,school,School,16
SWAN HILL,SWAN HILL,26610,Mallee,healthcare,clinic,Clinic,2
SWAN HILL,SWAN HILL,26610,Mallee,healthcare,doctor,Doctor,2
SWAN HILL,SWAN HILL,26610,Mallee,healthcare,hospital,Hospital,2
SWAN HILL,SWAN HILL,26610,Mallee,healthcare,pharmacy,Pharmacy,1
SWAN HILL,SWAN HILL,26610,Mallee,public_transport,bus_stop,Bus Stop,49
SWAN HILL,SWAN HILL,26610,Mallee,public_transport,platform,Public Transport Platform,2
SWAN HILL,SWAN HILL,26610,Mallee,public_transport,railway_station,Railway Station,1
SWAN HILL,SWAN HILL,26610,Mallee,public_transport,station,Public Transport Station,2
SWAN HILL,SWAN HILL,26610,Mallee,public_transport,stop_position,Public Transport Stop Position,6
SWAN HILL,SWAN HILL,26610,Mallee,recreation,garden,Garden,2
SWAN HILL,SWAN HILL,26610,Mallee,recreation,park,Park,48
SWAN HILL,SWAN HILL,26610,Mallee,recreation,playground,Playground,18
SWAN HILL,SWAN HILL,26610,Mallee,recreation,sports_centre,Sports Centre,16
SWAN HILL,SWAN HILL,26610,Mallee,shopping,convenience_store,Convenience Store,1
SWAN HILL,SWAN HILL,26610,Mallee,shopping,supermarket,Supermarket,5
SWAN REACH,EAST GIPPSLAND,22110,Gippsland,education,school,School,2
SWAN REACH,EAST GIPPSLAND,22110,Gippsland,public_transport,bus_stop,Bus Stop,4
SWAN REACH,EAST GIPPSLAND,22110,Gippsland,recreation,nature_reserve,Nature Reserve,2
SWAN REACH,EAST GIPPSLAND,22110,Gippsland,shopping,convenience_store,Convenience Store,1
SWANPOOL,BENALLA,21010,Ovens Murray,community,community_centre,Community Centre,2
SWANPOOL,BENALLA,21010,Ovens Murray,education,school,School,2
SWANPOOL,BENALLA,21010,Ovens Murray,recreation,nature_reserve,Nature Reserve,4
SWANPOOL,BENALLA,21010,Ovens Murray,shopping,convenience_store,Convenience Store,1
SWANWATER WEST,NORTHERN GRAMPIANS,25810,Wimmera Southern Mallee,recreation,nature_reserve,Nature Reserve,2
SWIFTS CREEK,EAST GIPPSLAND,22110,Gippsland,community,community_centre,Community Centre,1
SWIFTS CREEK,EAST GIPPSLAND,22110,Gippsland,community,town_hall,Town Hall,2
SWIFTS CREEK,EAST GIPPSLAND,22110,Gippsland,education,childcare,Childcare Centre,1
SWIFTS CREEK,EAST GIPPSLAND,22110,Gippsland,education,school,School,1
SWIFTS CREEK,EAST GIPPSLAND,22110,Gippsland,public_transport,bus_stop,Bus Stop,1
SWIFTS CREEK,EAST GIPPSLAND,22110,Gippsland,recreation,playground,Playground,1
SWIFTS CREEK,EAST GIPPSLAND,22110,Gippsland,recreation,sports_centre,Sports Centre,4
TABBERABBERA,EAST GIPPSLAND,22110,Gippsland,recreation,nature_reserve,Nature Reserve,1
TABILK,STRATHBOGIE,26430,Goulburn,recreation,nature_reserve,Nature Reserve,7
TABOR,SOUTHERN GRAMPIANS,26260,Great South Coast,recreation,nature_reserve,Nature Reserve,1
TABOR,SOUTHERN GRAMPIANS,26260,Great South Coast,recreation,park,Park,4
TAGGERTY,MURRINDINDI,25620,Goulburn,community,community_centre,Community Centre,2
TAGGERTY,MURRINDINDI,25620,Goulburn,public_transport,bus_stop,Bus Stop,2
TAGGERTY,MURRINDINDI,25620,Goulburn,recreation,nature_reserve,Nature Reserve,7
TAGGERTY,MURRINDINDI,25620,Goulburn,recreation,park,Park,2
TAHARA,GLENELG,22410,Great South Coast,recreation,park,Park,2
TAHARA BRIDGE,GLENELG,22410,Great South Coast,recreation,nature_reserve,Nature Reserve,1
TALBOT,CENTRAL GOLDFIELDS,21670,Loddon Campaspe,education,kindergarten,Kindergarten,2
TALBOT,CENTRAL GOLDFIELDS,21670,Loddon Campaspe,education,school,School,2
TALBOT,CENTRAL GOLDFIELDS,21670,Loddon Campaspe,public_transport,platform,Public Transport Platform,1
TALBOT,CENTRAL GOLDFIELDS,21670,Loddon Campaspe,public_transport,railway_station,Railway Station,1
TALBOT,CENTRAL GOLDFIELDS,21670,Loddon Campaspe,public_transport,stop_position,Public Transport Stop Position,2
TALBOT,CENTRAL GOLDFIELDS,21670,Loddon Campaspe,recreation,nature_reserve,Nature Reserve,12
TALBOT,CENTRAL GOLDFIELDS,21670,Loddon Campaspe,recreation,park,Park,6
TALBOT,CENTRAL GOLDFIELDS,21670,Loddon Campaspe,recreation,playground,Playground,1
TALBOT,CENTRAL GOLDFIELDS,21670,Loddon Campaspe,recreation,sports_centre,Sports Centre,2
TALGARNO,TOWONG,26670,Ovens Murray,community,town_hall,Town Hall,2
TALGARNO,TOWONG,26670,Ovens Murray,education,school,School,2
TALGARNO,TOWONG,26670,Ovens Murray,recreation,nature_reserve,Nature Reserve,2
TALLANDOON,TOWONG,26670,Ovens Murray,recreation,nature_reserve,Nature Reserve,2
TALLANGATTA,TOWONG,26670,Ovens Murray,community,library,Library,1
TALLANGATTA,TOWONG,26670,Ovens Murray,community,town_hall,Town Hall,2
TALLANGATTA,TOWONG,26670,Ovens Murray,education,school,School,6
TALLANGATTA,TOWONG,26670,Ovens Murray,healthcare,hospital,Hospital,2
TALLANGATTA,TOWONG,26670,Ovens Murray,healthcare,pharmacy,Pharmacy,1
TALLANGATTA,TOWONG,26670,Ovens Murray,public_transport,bus_stop,Bus Stop,1
TALLANGATTA,TOWONG,26670,Ovens Murray,public_transport,stop_position,Public Transport Stop Position,1
TALLANGATTA,TOWONG,26670,Ovens Murray,recreation,nature_reserve,Nature Reserve,2
TALLANGATTA,TOWONG,26670,Ovens Murray,recreation,park,Park,10
TALLANGATTA,TOWONG,26670,Ovens Murray,recreation,playground,Playground,2
TALLANGATTA,TOWONG,26670,Ovens Murray,shopping,supermarket,Supermarket,1
TALLANGATTA SOUTH,TOWONG,26670,Ovens Murray,recreation,nature_reserve,Nature Reserve,6
TALLANGATTA VALLEY,TOWONG,26670,Ovens Murray,community,town_hall,Town Hall,2
TALLANGATTA VALLEY,TOWONG,26670,Ovens Murray,recreation,nature_reserve,Nature Reserve,3
TALLAROOK,MITCHELL,24850,Goulburn,education,school,School,2
TALLAROOK,MITCHELL,24850,Goulburn,public_transport,platform,Public Transport Platform,4
TALLAROOK,MITCHELL,24850,Goulburn,public_transport,railway_station,Railway Station,1
TALLAROOK,MITCHELL,24850,Goulburn,public_transport,stop_position,Public Transport Stop Position,2
TALLAROOK,MITCHELL,24850,Goulburn,recreation,garden,Garden,4
TALLAROOK,MITCHELL,24850,Goulburn,recreation,nature_reserve,Nature Reserve,9
TALLAROOK,MITCHELL,24850,Goulburn,recreation,park,Park,4
TALLAROOK,MITCHELL,24850,Goulburn,shopping,convenience_store,Convenience Store,2
TALLYGAROOPNA,GREATER SHEPPARTON,22830,Goulburn,education,school,School,2
TALLYGAROOPNA,GREATER SHEPPARTON,22830,Goulburn,recreation,park,Park,6
TALLYGAROOPNA,GREATER SHEPPARTON,22830,Goulburn,recreation,playground,Playground,2
TAMBO UPPER,EAST GIPPSLAND,22110,Gippsland,education,school,School,2
TAMBOON,EAST GIPPSLAND,22110,Gippsland,recreation,nature_reserve,Nature Reserve,3
TAMINICK,BENALLA,21010,Ovens Murray,recreation,nature_reserve,Nature Reserve,4
TAMLEUGH,STRATHBOGIE,26430,Goulburn,recreation,nature_reserve,Nature Reserve,3
TAMLEUGH NORTH,GREATER SHEPPARTON,22830,Goulburn,recreation,nature_reserve,Nature Reserve,2
TANGAMBALANGA,INDIGO,23350,Ovens Murray,education,childcare,Childcare Centre,2
TANGAMBALANGA,INDIGO,23350,Ovens Murray,education,school,School,2
TANGAMBALANGA,INDIGO,23350,Ovens Murray,healthcare,pharmacy,Pharmacy,1
TANGAMBALANGA,INDIGO,23350,Ovens Murray,public_transport,bus_stop,Bus Stop,1
TANGAMBALANGA,INDIGO,23350,Ovens Murray,recreation,nature_reserve,Nature Reserve,1
TANGAMBALANGA,INDIGO,23350,Ovens Murray,recreation,park,Park,4
TANGAMBALANGA,INDIGO,23350,Ovens Murray,recreation,playground,Playground,2
TANJIL,BAW BAW,20830,Gippsland,recreation,nature_reserve,Nature Reserve,3
TANJIL SOUTH,BAW BAW,20830,Gippsland,education,school,School,2
TANJIL SOUTH,BAW BAW,20830,Gippsland,recreation,nature_reserve,Nature Reserve,1
TANJIL SOUTH,LATROBE,23810,Gippsland,recreation,nature_reserve,Nature Reserve,2
TANWOOD,PYRENEES,25990,Central Highlands,recreation,nature_reserve,Nature Reserve,1
TANYBRYN,COLAC OTWAY,21750,Barwon,education,school,School,2
TANYBRYN,COLAC OTWAY,21750,Barwon,public_transport,bus_stop,Bus Stop,1
TARADALE,MOUNT ALEXANDER,25430,Loddon Campaspe,education,school,School,2
TARADALE,MOUNT ALEXANDER,25430,Loddon Campaspe,public_transport,platform,Public Transport Platform,2
TARADALE,MOUNT ALEXANDER,25430,Loddon Campaspe,recreation,nature_reserve,Nature Reserve,2
TARADALE,MOUNT ALEXANDER,25430,Loddon Campaspe,recreation,park,Park,4
TARADALE,MOUNT ALEXANDER,25430,Loddon Campaspe,recreation,playground,Playground,4
TARCOMBE,STRATHBOGIE,26430,Goulburn,recreation,nature_reserve,Nature Reserve,2
TARNAGULLA,LODDON,23940,Loddon Campaspe,education,school,School,2
TARNAGULLA,LODDON,23940,Loddon Campaspe,public_transport,platform,Public Transport Platform,2
TARNAGULLA,LODDON,23940,Loddon Campaspe,public_transport,stop_position,Public Transport Stop Position,2
TARNAGULLA,LODDON,23940,Loddon Campaspe,recreation,playground,Playground,1
TARRANYURK,HINDMARSH,22980,Wimmera Southern Mallee,public_transport,bus_stop,Bus Stop,1
TARRAWINGEE,WANGARATTA,26700,Ovens Murray,community,town_hall,Town Hall,2
TARRAWINGEE,WANGARATTA,26700,Ovens Murray,recreation,nature_reserve,Nature Reserve,3
TARRAWINGEE,WANGARATTA,26700,Ovens Murray,recreation,sports_centre,Sports Centre,2
TARRINGTON,SOUTHERN GRAMPIANS,26260,Great South Coast,education,school,School,2
TARRINGTON,SOUTHERN GRAMPIANS,26260,Great South Coast,public_transport,bus_stop,Bus Stop,1
TARRINGTON,SOUTHERN GRAMPIANS,26260,Great South Coast,recreation,playground,Playground,1
TARRINGTON,SOUTHERN GRAMPIANS,26260,Great South Coast,recreation,sports_centre,Sports Centre,2
TARWIN,SOUTH GIPPSLAND,26170,Gippsland,recreation,nature_reserve,Nature Reserve,1
TARWIN LOWER,SOUTH GIPPSLAND,26170,Gippsland,community,community_centre,Community Centre,4
TARWIN LOWER,SOUTH GIPPSLAND,26170,Gippsland,education,school,School,2
TARWIN LOWER,SOUTH GIPPSLAND,26170,Gippsland,recreation,nature_reserve,Nature Reserve,10
TARWIN LOWER,SOUTH GIPPSLAND,26170,Gippsland,recreation,park,Park,4
TARWIN LOWER,SOUTH GIPPSLAND,26170,Gippsland,recreation,playground,Playground,2
TARWIN LOWER,SOUTH GIPPSLAND,26170,Gippsland,shopping,supermarket,Supermarket,1
TATONG,BENALLA,21010,Ovens Murray,community,community_centre,Community Centre,2
TATONG,BENALLA,21010,Ovens Murray,public_transport,bus_stop,Bus Stop,1
TATONG,BENALLA,21010,Ovens Murray,recreation,nature_reserve,Nature Reserve,4
TATURA,GREATER SHEPPARTON,22830,Goulburn,community,community_centre,Community Centre,5
TATURA,GREATER SHEPPARTON,22830,Goulburn,community,library,Library,2
TATURA,GREATER SHEPPARTON,22830,Goulburn,community,social_facility,Social Facility,2
TATURA,GREATER SHEPPARTON,22830,Goulburn,education,kindergarten,Kindergarten,4
TATURA,GREATER SHEPPARTON,22830,Goulburn,education,school,School,4
TATURA,GREATER SHEPPARTON,22830,Goulburn,healthcare,dentist,Dentist,2
TATURA,GREATER SHEPPARTON,22830,Goulburn,healthcare,doctor,Doctor,4
TATURA,GREATER SHEPPARTON,22830,Goulburn,healthcare,hospital,Hospital,2
TATURA,GREATER SHEPPARTON,22830,Goulburn,healthcare,pharmacy,Pharmacy,2
TATURA,GREATER SHEPPARTON,22830,Goulburn,public_transport,bus_stop,Bus Stop,1
TATURA,GREATER SHEPPARTON,22830,Goulburn,recreation,nature_reserve,Nature Reserve,3
TATURA,GREATER SHEPPARTON,22830,Goulburn,recreation,park,Park,26
TATURA,GREATER SHEPPARTON,22830,Goulburn,recreation,playground,Playground,9
TATURA,GREATER SHEPPARTON,22830,Goulburn,recreation,sports_centre,Sports Centre,4
TATURA,GREATER SHEPPARTON,22830,Goulburn,shopping,convenience_store,Convenience Store,2
TATURA,GREATER SHEPPARTON,22830,Goulburn,shopping,supermarket,Supermarket,4
TATYOON,ARARAT,20260,Central Highlands,community,community_centre,Community Centre,4
TATYOON,ARARAT,20260,Central Highlands,recreation,nature_reserve,Nature Reserve,2
TATYOON,ARARAT,20260,Central Highlands,recreation,sports_centre,Sports Centre,2
TAWONGA,ALPINE,20110,Ovens Murray,community,town_hall,Town Hall,2
TAWONGA,ALPINE,20110,Ovens Murray,education,school,School,2
TAWONGA,ALPINE,20110,Ovens Murray,public_transport,bus_stop,Bus Stop,2
TAWONGA,ALPINE,20110,Ovens Murray,recreation,nature_reserve,Nature Reserve,3
TAWONGA,ALPINE,20110,Ovens Murray,recreation,park,Park,4
TAWONGA,ALPINE,20110,Ovens Murray,recreation,sports_centre,Sports Centre,1
TAWONGA,ALPINE,20110,Ovens Murray,shopping,convenience_store,Convenience Store,2
TAWONGA SOUTH,ALPINE,20110,Ovens Murray,public_transport,bus_stop,Bus Stop,1
TAWONGA SOUTH,ALPINE,20110,Ovens Murray,public_transport,stop_position,Public Transport Stop Position,1
TEAL POINT,GANNAWARRA,22250,Mallee,recreation,nature_reserve,Nature Reserve,6
TEDDYWADDY,BULOKE,21270,Mallee,public_transport,bus_stop,Bus Stop,2
TEDDYWADDY,BULOKE,21270,Mallee,recreation,nature_reserve,Nature Reserve,2
TEDDYWADDY WEST,BULOKE,21270,Mallee,recreation,nature_reserve,Nature Reserve,2
TEESDALE,GOLDEN PLAINS,22490,Central Highlands,education,school,School,2
TEESDALE,GOLDEN PLAINS,22490,Central Highlands,recreation,nature_reserve,Nature Reserve,2
TEESDALE,GOLDEN PLAINS,22490,Central Highlands,recreation,park,Park,4
TEESDALE,GOLDEN PLAINS,22490,Central Highlands,recreation,playground,Playground,3
TEESDALE,GOLDEN PLAINS,22490,Central Highlands,shopping,convenience_store,Convenience Store,2
TELANGATUK EAST,HORSHAM,23190,Wimmera Southern Mallee,community,community_centre,Community Centre,2
TELANGATUK EAST,HORSHAM,23190,Wimmera Southern Mallee,recreation,nature_reserve,Nature Reserve,7
TELANGATUK EAST,HORSHAM,23190,Wimmera Southern Mallee,recreation,playground,Playground,2
TELOPEA DOWNS,WEST WIMMERA,26890,Wimmera Southern Mallee,recreation,nature_reserve,Nature Reserve,12
TEMPY,MILDURA,24780,Mallee,recreation,nature_reserve,Nature Reserve,7
TEMPY,YARRIAMBIACK,27630,Wimmera Southern Mallee,education,school,School,2
TEMPY,YARRIAMBIACK,27630,Wimmera Southern Mallee,public_transport,bus_stop,Bus Stop,2
TEMPY,YARRIAMBIACK,27630,Wimmera Southern Mallee,recreation,nature_reserve,Nature Reserve,4
TENNYSON,CAMPASPE,21370,Loddon Campaspe,recreation,nature_reserve,Nature Reserve,1
TERANG,CORANGAMITE,21830,Great South Coast,community,community_centre,Community Centre,1
TERANG,CORANGAMITE,21830,Great South Coast,education,school,School,6
TERANG,CORANGAMITE,21830,Great South Coast,healthcare,hospital,Hospital,3
TERANG,CORANGAMITE,21830,Great South Coast,healthcare,pharmacy,Pharmacy,1
TERANG,CORANGAMITE,21830,Great South Coast,public_transport,platform,Public Transport Platform,2
TERANG,CORANGAMITE,21830,Great South Coast,public_transport,railway_station,Railway Station,1
TERANG,CORANGAMITE,21830,Great South Coast,public_transport,stop_position,Public Transport Stop Position,2
TERANG,CORANGAMITE,21830,Great South Coast,recreation,garden,Garden,2
TERANG,CORANGAMITE,21830,Great South Coast,recreation,park,Park,11
TERANG,CORANGAMITE,21830,Great South Coast,recreation,playground,Playground,2
TERANG,CORANGAMITE,21830,Great South Coast,recreation,sports_centre,Sports Centre,7
TERANG,CORANGAMITE,21830,Great South Coast,shopping,supermarket,Supermarket,1
TERIP TERIP,MURRINDINDI,25620,Goulburn,recreation,nature_reserve,Nature Reserve,2
TERRAPPEE,LODDON,23940,Loddon Campaspe,recreation,nature_reserve,Nature Reserve,1
TERRICK TERRICK,LODDON,23940,Loddon Campaspe,recreation,nature_reserve,Nature Reserve,3
TERRICK TERRICK EAST,CAMPASPE,21370,Loddon Campaspe,recreation,nature_reserve,Nature Reserve,4
TETOORA ROAD,BAW BAW,20830,Gippsland,community,community_centre,Community Centre,2
THALIA,BULOKE,21270,Mallee,recreation,nature_reserve,Nature Reserve,2
THE GURDIES,BASS COAST,20740,Gippsland,public_transport,bus_stop,Bus Stop,3
THE GURDIES,BASS COAST,20740,Gippsland,recreation,nature_reserve,Nature Reserve,5
THE HEART,WELLINGTON,26810,Gippsland,recreation,nature_reserve,Nature Reserve,6
THOMSON (GEELONG),GREATER GEELONG,22750,Barwon,education,kindergarten,Kindergarten,4
THOMSON (GEELONG),GREATER GEELONG,22750,Barwon,education,school,School,6
THOMSON (GEELONG),GREATER GEELONG,22750,Barwon,public_transport,bus_stop,Bus Stop,9
THOMSON (GEELONG),GREATER GEELONG,22750,Barwon,public_transport,stop_position,Public Transport Stop Position,3
THOMSON (GEELONG),GREATER GEELONG,22750,Barwon,recreation,park,Park,8
THOMSON (GEELONG),GREATER GEELONG,22750,Barwon,recreation,playground,Playground,5
THOMSON (GEELONG),GREATER GEELONG,22750,Barwon,shopping,convenience_store,Convenience Store,2
THOMSON (MOUNT BAW BAW),BAW BAW,20830,Gippsland,recreation,park,Park,2
THOONA,BENALLA,21010,Ovens Murray,community,community_centre,Community Centre,1
THOONA,BENALLA,21010,Ovens Murray,recreation,nature_reserve,Nature Reserve,10
THOONA,BENALLA,21010,Ovens Murray,shopping,convenience_store,Convenience Store,1
THORNTON,MURRINDINDI,25620,Goulburn,community,town_hall,Town Hall,1
THORNTON,MURRINDINDI,25620,Goulburn,education,school,School,2
THORNTON,MURRINDINDI,25620,Goulburn,public_transport,bus_stop,Bus Stop,2
THORNTON,MURRINDINDI,25620,Goulburn,recreation,park,Park,6
THORNTON,MURRINDINDI,25620,Goulburn,shopping,convenience_store,Convenience Store,1
THORPDALE,BAW BAW,20830,Gippsland,education,school,School,2
THORPDALE,BAW BAW,20830,Gippsland,recreation,park,Park,2
THORPDALE,BAW BAW,20830,Gippsland,recreation,sports_centre,Sports Centre,2
TIDAL RIVER,SOUTH GIPPSLAND,26170,Gippsland,public_transport,bus_stop,Bus Stop,1
TIDAL RIVER,SOUTH GIPPSLAND,26170,Gippsland,shopping,convenience_store,Convenience Store,2
TIMBARRA,EAST GIPPSLAND,22110,Gippsland,recreation,nature_reserve,Nature Reserve,1
TIMBOON,CORANGAMITE,21830,Great South Coast,education,school,School,1
TIMBOON,CORANGAMITE,21830,Great South Coast,healthcare,doctor,Doctor,1
TIMBOON,CORANGAMITE,21830,Great South Coast,healthcare,hospital,Hospital,1
TIMBOON,CORANGAMITE,21830,Great South Coast,healthcare,pharmacy,Pharmacy,1
TIMBOON,CORANGAMITE,21830,Great South Coast,public_transport,bus_stop,Bus Stop,3
TIMBOON,CORANGAMITE,21830,Great South Coast,public_transport,stop_position,Public Transport Stop Position,1
TIMBOON,CORANGAMITE,21830,Great South Coast,recreation,nature_reserve,Nature Reserve,1
TIMBOON,CORANGAMITE,21830,Great South Coast,recreation,park,Park,6
TIMBOON,CORANGAMITE,21830,Great South Coast,recreation,sports_centre,Sports Centre,3
TIMBOON,CORANGAMITE,21830,Great South Coast,shopping,supermarket,Supermarket,1
TIMOR,CENTRAL GOLDFIELDS,21670,Loddon Campaspe,education,school,School,2
TIMOR,CENTRAL GOLDFIELDS,21670,Loddon Campaspe,recreation,nature_reserve,Nature Reserve,1
TIMOR,CENTRAL GOLDFIELDS,21670,Loddon Campaspe,shopping,convenience_store,Convenience Store,1
TINAMBA,WELLINGTON,26810,Gippsland,recreation,nature_reserve,Nature Reserve,2
TINAMBA,WELLINGTON,26810,Gippsland,shopping,convenience_store,Convenience Store,1
TINAMBA WEST,WELLINGTON,26810,Gippsland,recreation,nature_reserve,Nature Reserve,3
TINTALDRA,TOWONG,26670,Ovens Murray,community,community_centre,Community Centre,2
TINTALDRA,TOWONG,26670,Ovens Murray,community,library,Library,1
TINTALDRA,TOWONG,26670,Ovens Murray,recreation,nature_reserve,Nature Reserve,3
TINTALDRA,TOWONG,26670,Ovens Murray,recreation,park,Park,2
TOL TOL,SWAN HILL,26610,Mallee,recreation,nature_reserve,Nature Reserve,1
TOLMIE,MANSFIELD,24250,Ovens Murray,community,town_hall,Town Hall,1
TOLMIE,MANSFIELD,24250,Ovens Murray,recreation,nature_reserve,Nature Reserve,5
TOLMIE,MANSFIELD,24250,Ovens Murray,recreation,playground,Playground,1
TOM GROGGIN,TOWONG,26670,Ovens Murray,recreation,nature_reserve,Nature Reserve,4
TONGALA,CAMPASPE,21370,Loddon Campaspe,community,community_centre,Community Centre,2
TONGALA,CAMPASPE,21370,Loddon Campaspe,community,social_facility,Social Facility,8
TONGALA,CAMPASPE,21370,Loddon Campaspe,education,childcare,Childcare Centre,1
TONGALA,CAMPASPE,21370,Loddon Campaspe,education,school,School,4
TONGALA,CAMPASPE,21370,Loddon Campaspe,healthcare,doctor,Doctor,1
TONGALA,CAMPASPE,21370,Loddon Campaspe,healthcare,pharmacy,Pharmacy,2
TONGALA,CAMPASPE,21370,Loddon Campaspe,recreation,sports_centre,Sports Centre,2
TONGALA,CAMPASPE,21370,Loddon Campaspe,shopping,supermarket,Supermarket,2
TONGHI CREEK,EAST GIPPSLAND,22110,Gippsland,recreation,nature_reserve,Nature Reserve,4
TONGIO,EAST GIPPSLAND,22110,Gippsland,recreation,nature_reserve,Nature Reserve,6
TOOAN,HORSHAM,23190,Wimmera Southern Mallee,recreation,nature_reserve,Nature Reserve,2
TOOBORAC,MITCHELL,24850,Goulburn,community,community_centre,Community Centre,2
TOOBORAC,MITCHELL,24850,Goulburn,education,school,School,2
TOOBORAC,MITCHELL,24850,Goulburn,public_transport,bus_stop,Bus Stop,1
TOOBORAC,MITCHELL,24850,Goulburn,recreation,nature_reserve,Nature Reserve,12
TOOLAMBA,GREATER SHEPPARTON,22830,Goulburn,education,school,School,2
TOOLAMBA,GREATER SHEPPARTON,22830,Goulburn,recreation,nature_reserve,Nature Reserve,1
TOOLAMBA,GREATER SHEPPARTON,22830,Goulburn,recreation,park,Park,2
TOOLAMBA,GREATER SHEPPARTON,22830,Goulburn,shopping,convenience_store,Convenience Store,1
TOOLANGI,MURRINDINDI,25620,Goulburn,education,school,School,2
TOOLANGI,MURRINDINDI,25620,Goulburn,recreation,nature_reserve,Nature Reserve,7
TOOLANGI,MURRINDINDI,25620,Goulburn,recreation,park,Park,2
TOOLLEEN,CAMPASPE,21370,Loddon Campaspe,recreation,nature_reserve,Nature Reserve,3
TOOLLEEN,CAMPASPE,21370,Loddon Campaspe,shopping,convenience_store,Convenience Store,1
TOOLLEEN,GREATER BENDIGO,22620,Loddon Campaspe,recreation,nature_reserve,Nature Reserve,1
TOOLONDO,HORSHAM,23190,Wimmera Southern Mallee,recreation,nature_reserve,Nature Reserve,7
TOOMBON,BAW BAW,20830,Gippsland,recreation,nature_reserve,Nature Reserve,3
TOONGABBIE,BAW BAW,20830,Gippsland,recreation,nature_reserve,Nature Reserve,3
TOONGABBIE,LATROBE,23810,Gippsland,community,community_centre,Community Centre,6
TOONGABBIE,LATROBE,23810,Gippsland,education,school,School,2
TOONGABBIE,LATROBE,23810,Gippsland,public_transport,bus_stop,Bus Stop,1
TOONGABBIE,LATROBE,23810,Gippsland,recreation,nature_reserve,Nature Reserve,4
TOONGABBIE,LATROBE,23810,Gippsland,recreation,park,Park,6
TOONGABBIE,LATROBE,23810,Gippsland,recreation,playground,Playground,2
TOORA,SOUTH GIPPSLAND,26170,Gippsland,community,community_centre,Community Centre,2
TOORA,SOUTH GIPPSLAND,26170,Gippsland,education,kindergarten,Kindergarten,2
TOORA,SOUTH GIPPSLAND,26170,Gippsland,education,school,School,2
TOORA,SOUTH GIPPSLAND,26170,Gippsland,recreation,nature_reserve,Nature Reserve,1
TOORA,SOUTH GIPPSLAND,26170,Gippsland,recreation,park,Park,4
TOORA,SOUTH GIPPSLAND,26170,Gippsland,recreation,playground,Playground,4
TOORA,SOUTH GIPPSLAND,26170,Gippsland,shopping,supermarket,Supermarket,1
TOORA NORTH,SOUTH GIPPSLAND,26170,Gippsland,recreation,nature_reserve,Nature Reserve,3
TOORLOO ARM,EAST GIPPSLAND,22110,Gippsland,education,school,School,2
TOORLOO ARM,EAST GIPPSLAND,22110,Gippsland,public_transport,bus_stop,Bus Stop,2
TOORLOO ARM,EAST GIPPSLAND,22110,Gippsland,recreation,nature_reserve,Nature Reserve,1
TOORLOO ARM,EAST GIPPSLAND,22110,Gippsland,recreation,park,Park,2
TOORONGO,BAW BAW,20830,Gippsland,recreation,nature_reserve,Nature Reserve,1
TORQUAY,SURF COAST,26490,Barwon,community,community_centre,Community Centre,3
TORQUAY,SURF COAST,26490,Barwon,community,library,Library,1
TORQUAY,SURF COAST,26490,Barwon,community,social_facility,Social Facility,3
TORQUAY,SURF COAST,26490,Barwon,community,town_hall,Town Hall,1
TORQUAY,SURF COAST,26490,Barwon,education,childcare,Childcare Centre,1
TORQUAY,SURF COAST,26490,Barwon,education,kindergarten,Kindergarten,10
TORQUAY,SURF COAST,26490,Barwon,education,school,School,10
TORQUAY,SURF COAST,26490,Barwon,healthcare,clinic,Clinic,7
TORQUAY,SURF COAST,26490,Barwon,healthcare,dentist,Dentist,3
TORQUAY,SURF COAST,26490,Barwon,healthcare,doctor,Doctor,2
TORQUAY,SURF COAST,26490,Barwon,healthcare,pharmacy,Pharmacy,3
TORQUAY,SURF COAST,26490,Barwon,public_transport,bus_stop,Bus Stop,21
TORQUAY,SURF COAST,26490,Barwon,recreation,nature_reserve,Nature Reserve,2
TORQUAY,SURF COAST,26490,Barwon,recreation,park,Park,34
TORQUAY,SURF COAST,26490,Barwon,recreation,playground,Playground,28
TORQUAY,SURF COAST,26490,Barwon,recreation,sports_centre,Sports Centre,5
TORQUAY,SURF COAST,26490,Barwon,shopping,convenience_store,Convenience Store,12
TORQUAY,SURF COAST,26490,Barwon,shopping,supermarket,Supermarket,10
TORRITA,MILDURA,24780,Mallee,community,community_centre,Community Centre,1
TORRITA,MILDURA,24780,Mallee,public_transport,bus_stop,Bus Stop,1
TORRITA,MILDURA,24780,Mallee,recreation,nature_reserve,Nature Reserve,7
TORRUMBARRY,CAMPASPE,21370,Loddon Campaspe,recreation,nature_reserve,Nature Reserve,6
TOTTINGTON,NORTHERN GRAMPIANS,25810,Wimmera Southern Mallee,recreation,nature_reserve,Nature Reserve,1
TOURELLO,BALLARAT,20570,Central Highlands,recreation,nature_reserve,Nature Reserve,2
TOWAN,SWAN HILL,26610,Mallee,recreation,nature_reserve,Nature Reserve,3
TOWANINNY,BULOKE,21270,Mallee,recreation,garden,Garden,4
TOWANINNY SOUTH,BULOKE,21270,Mallee,recreation,nature_reserve,Nature Reserve,5
TOWER HILL,MOYNE,25490,Great South Coast,public_transport,bus_stop,Bus Stop,1
TOWER HILL,MOYNE,25490,Great South Coast,recreation,nature_reserve,Nature Reserve,1
TOWER HILL,MOYNE,25490,Great South Coast,recreation,park,Park,2
TOWONG,TOWONG,26670,Ovens Murray,community,community_centre,Community Centre,2
TOWONG,TOWONG,26670,Ovens Murray,recreation,nature_reserve,Nature Reserve,4
TRAFALGAR,BAW BAW,20830,Gippsland,education,school,School,6
TRAFALGAR,BAW BAW,20830,Gippsland,healthcare,pharmacy,Pharmacy,1
TRAFALGAR,BAW BAW,20830,Gippsland,public_transport,platform,Public Transport Platform,2
TRAFALGAR,BAW BAW,20830,Gippsland,public_transport,railway_station,Railway Station,1
TRAFALGAR,BAW BAW,20830,Gippsland,public_transport,stop_position,Public Transport Stop Position,2
TRAFALGAR,BAW BAW,20830,Gippsland,recreation,nature_reserve,Nature Reserve,2
TRAFALGAR,BAW BAW,20830,Gippsland,recreation,park,Park,34
TRAFALGAR,BAW BAW,20830,Gippsland,recreation,playground,Playground,6
TRAFALGAR,BAW BAW,20830,Gippsland,shopping,convenience_store,Convenience Store,4
TRAFALGAR,BAW BAW,20830,Gippsland,shopping,supermarket,Supermarket,1
TRAFALGAR EAST,BAW BAW,20830,Gippsland,recreation,nature_reserve,Nature Reserve,2
TRAFALGAR SOUTH,BAW BAW,20830,Gippsland,recreation,nature_reserve,Nature Reserve,2
TRAGOWEL,GANNAWARRA,22250,Mallee,recreation,nature_reserve,Nature Reserve,4
TRARALGON,LATROBE,23810,Gippsland,community,community_centre,Community Centre,2
TRARALGON,LATROBE,23810,Gippsland,community,social_facility,Social Facility,8
TRARALGON,LATROBE,23810,Gippsland,education,childcare,Childcare Centre,3
TRARALGON,LATROBE,23810,Gippsland,education,kindergarten,Kindergarten,6
TRARALGON,LATROBE,23810,Gippsland,education,school,School,26
TRARALGON,LATROBE,23810,Gippsland,healthcare,clinic,Clinic,2
TRARALGON,LATROBE,23810,Gippsland,healthcare,dentist,Dentist,3
TRARALGON,LATROBE,23810,Gippsland,healthcare,doctor,Doctor,4
TRARALGON,LATROBE,23810,Gippsland,healthcare,hospital,Hospital,2
TRARALGON,LATROBE,23810,Gippsland,healthcare,pharmacy,Pharmacy,4
TRARALGON,LATROBE,23810,Gippsland,public_transport,bus_stop,Bus Stop,38
TRARALGON,LATROBE,23810,Gippsland,public_transport,platform,Public Transport Platform,4
TRARALGON,LATROBE,23810,Gippsland,public_transport,railway_station,Railway Station,1
TRARALGON,LATROBE,23810,Gippsland,public_transport,stop_position,Public Transport Stop Position,4
TRARALGON,LATROBE,23810,Gippsland,recreation,park,Park,262
TRARALGON,LATROBE,23810,Gippsland,recreation,playground,Playground,52
TRARALGON,LATROBE,23810,Gippsland,recreation,sports_centre,Sports Centre,8
TRARALGON,LATROBE,23810,Gippsland,shopping,convenience_store,Convenience Store,8
TRARALGON,LATROBE,23810,Gippsland,shopping,supermarket,Supermarket,9
TRARALGON EAST,LATROBE,23810,Gippsland,public_transport,bus_stop,Bus Stop,2
TRARALGON EAST,LATROBE,23810,Gippsland,recreation,park,Park,10
TRARALGON EAST,LATROBE,23810,Gippsland,recreation,playground,Playground,2
TRARALGON EAST,LATROBE,23810,Gippsland,recreation,sports_centre,Sports Centre,2
TRARALGON SOUTH,LATROBE,23810,Gippsland,community,community_centre,Community Centre,4
TRARALGON SOUTH,LATROBE,23810,Gippsland,education,school,School,2
TRARALGON SOUTH,LATROBE,23810,Gippsland,recreation,nature_reserve,Nature Reserve,2
TRARALGON SOUTH,LATROBE,23810,Gippsland,recreation,park,Park,4
TRARALGON SOUTH,LATROBE,23810,Gippsland,recreation,sports_centre,Sports Centre,2
TRAWALLA,PYRENEES,25990,Central Highlands,education,school,School,2
TRAWALLA,PYRENEES,25990,Central Highlands,public_transport,platform,Public Transport Platform,1
TRAWOOL,MITCHELL,24850,Goulburn,recreation,nature_reserve,Nature Reserve,1
TRENTHAM,HEPBURN,22910,Central Highlands,education,kindergarten,Kindergarten,2
TRENTHAM,HEPBURN,22910,Central Highlands,education,school,School,2
TRENTHAM,HEPBURN,22910,Central Highlands,healthcare,hospital,Hospital,2
TRENTHAM,HEPBURN,22910,Central Highlands,healthcare,pharmacy,Pharmacy,1
TRENTHAM,HEPBURN,22910,Central Highlands,public_transport,bus_stop,Bus Stop,1
TRENTHAM,HEPBURN,22910,Central Highlands,public_transport,platform,Public Transport Platform,1
TRENTHAM,HEPBURN,22910,Central Highlands,public_transport,railway_station,Railway Station,1
TRENTHAM,HEPBURN,22910,Central Highlands,recreation,nature_reserve,Nature Reserve,6
TRENTHAM,HEPBURN,22910,Central Highlands,recreation,park,Park,12
TRENTHAM,HEPBURN,22910,Central Highlands,recreation,playground,Playground,4
TRENTHAM,HEPBURN,22910,Central Highlands,recreation,sports_centre,Sports Centre,3
TRENTHAM,HEPBURN,22910,Central Highlands,shopping,supermarket,Supermarket,2
TRESCO WEST,SWAN HILL,26610,Mallee,recreation,nature_reserve,Nature Reserve,1
TUBBUT,EAST GIPPSLAND,22110,Gippsland,recreation,nature_reserve,Nature Reserve,2
TUNGAMAH,MOIRA,24900,Goulburn,education,school,School,2
TUNGAMAH,MOIRA,24900,Goulburn,public_transport,bus_stop,Bus Stop,2
TUNGAMAH,MOIRA,24900,Goulburn,recreation,garden,Garden,4
TUNGAMAH,MOIRA,24900,Goulburn,recreation,nature_reserve,Nature Reserve,8
TUNGAMAH,MOIRA,24900,Goulburn,recreation,park,Park,4
TUNGAMAH,MOIRA,24900,Goulburn,recreation,playground,Playground,1
TUNGAMAH,MOIRA,24900,Goulburn,shopping,convenience_store,Convenience Store,2
TUROAR,SWAN HILL,26610,Mallee,recreation,nature_reserve,Nature Reserve,10
TURRIFF,YARRIAMBIACK,27630,Wimmera Southern Mallee,public_transport,bus_stop,Bus Stop,1
TURRIFF,YARRIAMBIACK,27630,Wimmera Southern Mallee,recreation,nature_reserve,Nature Reserve,1
TURRIFF,YARRIAMBIACK,27630,Wimmera Southern Mallee,recreation,park,Park,2
TURTONS CREEK,SOUTH GIPPSLAND,26170,Gippsland,recreation,nature_reserve,Nature Reserve,3
TUTYE,MILDURA,24780,Mallee,recreation,nature_reserve,Nature Reserve,5
TYAAK,MITCHELL,24850,Goulburn,recreation,nature_reserve,Nature Reserve,2
TYERS,LATROBE,23810,Gippsland,community,community_centre,Community Centre,2
TYERS,LATROBE,23810,Gippsland,education,kindergarten,Kindergarten,2
TYERS,LATROBE,23810,Gippsland,education,school,School,2
TYERS,LATROBE,23810,Gippsland,public_transport,bus_stop,Bus Stop,2
TYERS,LATROBE,23810,Gippsland,recreation,park,Park,8
TYERS,LATROBE,23810,Gippsland,recreation,playground,Playground,1
TYLDEN,MACEDON RANGES,24130,Loddon Campaspe,education,school,School,2
TYLDEN,MACEDON RANGES,24130,Loddon Campaspe,recreation,park,Park,4
TYLDEN,MACEDON RANGES,24130,Loddon Campaspe,recreation,playground,Playground,2
TYLDEN,MACEDON RANGES,24130,Loddon Campaspe,recreation,sports_centre,Sports Centre,6
TYRENDARRA,GLENELG,22410,Great South Coast,recreation,nature_reserve,Nature Reserve,7
TYRENDARRA,GLENELG,22410,Great South Coast,recreation,park,Park,2
TYRRELL,BULOKE,21270,Mallee,recreation,garden,Garden,2
TYRRELL,BULOKE,21270,Mallee,recreation,nature_reserve,Nature Reserve,1
TYRRELL,SWAN HILL,26610,Mallee,recreation,nature_reserve,Nature Reserve,2
TYRRELL DOWNS,BULOKE,21270,Mallee,recreation,nature_reserve,Nature Reserve,7
ULLSWATER,WEST WIMMERA,26890,Wimmera Southern Mallee,recreation,nature_reserve,Nature Reserve,11
ULTIMA,SWAN HILL,26610,Mallee,community,community_centre,Community Centre,2
ULTIMA,SWAN HILL,26610,Mallee,education,school,School,2
ULTIMA,SWAN HILL,26610,Mallee,public_transport,bus_stop,Bus Stop,1
ULTIMA,SWAN HILL,26610,Mallee,public_transport,stop_position,Public Transport Stop Position,1
ULTIMA,SWAN HILL,26610,Mallee,recreation,nature_reserve,Nature Reserve,2
ULTIMA,SWAN HILL,26610,Mallee,recreation,park,Park,4
ULUPNA,MOIRA,24900,Goulburn,recreation,nature_reserve,Nature Reserve,1
UNDERA,GREATER SHEPPARTON,22830,Goulburn,education,school,School,2
UNDERA,GREATER SHEPPARTON,22830,Goulburn,recreation,nature_reserve,Nature Reserve,2
UNDERBOOL,MILDURA,24780,Mallee,community,community_centre,Community Centre,1
UNDERBOOL,MILDURA,24780,Mallee,education,childcare,Childcare Centre,1
UNDERBOOL,MILDURA,24780,Mallee,education,school,School,2
UNDERBOOL,MILDURA,24780,Mallee,public_transport,platform,Public Transport Platform,2
UNDERBOOL,MILDURA,24780,Mallee,public_transport,stop_position,Public Transport Stop Position,2
UNDERBOOL,MILDURA,24780,Mallee,recreation,nature_reserve,Nature Reserve,26
UNDERBOOL,MILDURA,24780,Mallee,recreation,park,Park,6
UNDERBOOL,MILDURA,24780,Mallee,recreation,playground,Playground,1
UNDERBOOL,MILDURA,24780,Mallee,shopping,convenience_store,Convenience Store,1
UPOTIPOTPON,STRATHBOGIE,26430,Goulburn,recreation,nature_reserve,Nature Reserve,10
UPPER PLENTY,MITCHELL,24850,Goulburn,education,school,School,2
UPTON HILL,STRATHBOGIE,26430,Goulburn,recreation,nature_reserve,Nature Reserve,4
VALENCIA CREEK,WELLINGTON,26810,Gippsland,recreation,nature_reserve,Nature Reserve,1
VASEY,SOUTHERN GRAMPIANS,26260,Great South Coast,recreation,nature_reserve,Nature Reserve,2
VAUGHAN,MOUNT ALEXANDER,25430,Loddon Campaspe,recreation,park,Park,2
VAUGHAN,MOUNT ALEXANDER,25430,Loddon Campaspe,recreation,playground,Playground,3
VECTIS,HORSHAM,23190,Wimmera Southern Mallee,recreation,nature_reserve,Nature Reserve,4
VECTIS,HORSHAM,23190,Wimmera Southern Mallee,recreation,playground,Playground,1
VECTIS,HORSHAM,23190,Wimmera Southern Mallee,recreation,sports_centre,Sports Centre,2
VENTNOR,BASS COAST,20740,Gippsland,education,school,School,2
VENTNOR,BASS COAST,20740,Gippsland,public_transport,bus_stop,Bus Stop,6
VENTNOR,BASS COAST,20740,Gippsland,public_transport,stop_position,Public Transport Stop Position,2
VENTNOR,BASS COAST,20740,Gippsland,recreation,nature_reserve,Nature Reserve,2
VENTNOR,BASS COAST,20740,Gippsland,recreation,park,Park,5
VENTNOR,BASS COAST,20740,Gippsland,recreation,playground,Playground,2
VENTNOR,BASS COAST,20740,Gippsland,recreation,sports_centre,Sports Centre,2
VENTNOR,BASS COAST,20740,Gippsland,shopping,convenience_store,Convenience Store,1
VENUS BAY,SOUTH GIPPSLAND,26170,Gippsland,community,community_centre,Community Centre,4
VENUS BAY,SOUTH GIPPSLAND,26170,Gippsland,recreation,nature_reserve,Nature Reserve,6
VENUS BAY,SOUTH GIPPSLAND,26170,Gippsland,recreation,park,Park,20
VENUS BAY,SOUTH GIPPSLAND,26170,Gippsland,recreation,playground,Playground,11
VENUS BAY,SOUTH GIPPSLAND,26170,Gippsland,shopping,supermarket,Supermarket,1
VICTORIA VALLEY,SOUTHERN GRAMPIANS,26260,Great South Coast,recreation,nature_reserve,Nature Reserve,5
VIOLET TOWN,GREATER SHEPPARTON,22830,Goulburn,recreation,nature_reserve,Nature Reserve,4
VIOLET TOWN,STRATHBOGIE,26430,Goulburn,education,school,School,2
VIOLET TOWN,STRATHBOGIE,26430,Goulburn,public_transport,platform,Public Transport Platform,2
VIOLET TOWN,STRATHBOGIE,26430,Goulburn,public_transport,railway_station,Railway Station,1
VIOLET TOWN,STRATHBOGIE,26430,Goulburn,public_transport,stop_position,Public Transport Stop Position,1
VIOLET TOWN,STRATHBOGIE,26430,Goulburn,recreation,garden,Garden,2
VIOLET TOWN,STRATHBOGIE,26430,Goulburn,recreation,nature_reserve,Nature Reserve,12
VIOLET TOWN,STRATHBOGIE,26430,Goulburn,recreation,park,Park,4
VITE VITE NORTH,CORANGAMITE,21830,Great South Coast,recreation,nature_reserve,Nature Reserve,1
W TREE,EAST GIPPSLAND,22110,Gippsland,public_transport,bus_stop,Bus Stop,1
W TREE,EAST GIPPSLAND,22110,Gippsland,recreation,nature_reserve,Nature Reserve,4
WAAIA,MOIRA,24900,Goulburn,education,school,School,2
WAAIA,MOIRA,24900,Goulburn,recreation,park,Park,2
WAANYARRA,LODDON,23940,Loddon Campaspe,recreation,nature_reserve,Nature Reserve,1
WAGGARANDALL,MOIRA,24900,Goulburn,recreation,nature_reserve,Nature Reserve,3
WAHGUNYAH,INDIGO,23350,Ovens Murray,community,community_centre,Community Centre,2
WAHGUNYAH,INDIGO,23350,Ovens Murray,education,childcare,Childcare Centre,1
WAHGUNYAH,INDIGO,23350,Ovens Murray,education,school,School,2
WAHGUNYAH,INDIGO,23350,Ovens Murray,public_transport,bus_stop,Bus Stop,3
WAHGUNYAH,INDIGO,23350,Ovens Murray,recreation,garden,Garden,8
WAHGUNYAH,INDIGO,23350,Ovens Murray,recreation,nature_reserve,Nature Reserve,3
WAHGUNYAH,INDIGO,23350,Ovens Murray,recreation,park,Park,4
WAHGUNYAH,INDIGO,23350,Ovens Murray,recreation,playground,Playground,2
WAHGUNYAH,INDIGO,23350,Ovens Murray,shopping,convenience_store,Convenience Store,1
WAHRING,STRATHBOGIE,26430,Goulburn,recreation,nature_reserve,Nature Reserve,6
WAHRING,STRATHBOGIE,26430,Goulburn,recreation,park,Park,2
WAIL,HORSHAM,23190,Wimmera Southern Mallee,recreation,nature_reserve,Nature Reserve,1
WAIL,HORSHAM,23190,Wimmera Southern Mallee,recreation,park,Park,2
WAITCHIE,SWAN HILL,26610,Mallee,recreation,nature_reserve,Nature Reserve,5
WAL WAL,NORTHERN GRAMPIANS,25810,Wimmera Southern Mallee,community,community_centre,Community Centre,2
WAL WAL,NORTHERN GRAMPIANS,25810,Wimmera Southern Mallee,recreation,nature_reserve,Nature Reserve,11
WALHALLA,BAW BAW,20830,Gippsland,public_transport,railway_station,Railway Station,1
WALHALLA,BAW BAW,20830,Gippsland,recreation,park,Park,2
WALHALLA,BAW BAW,20830,Gippsland,recreation,playground,Playground,2
WALHALLA,WELLINGTON,26810,Gippsland,recreation,nature_reserve,Nature Reserve,1
WALHALLA EAST,WELLINGTON,26810,Gippsland,recreation,nature_reserve,Nature Reserve,1
WALKERVILLE,SOUTH GIPPSLAND,26170,Gippsland,recreation,nature_reserve,Nature Reserve,3
WALKERVILLE NORTH,SOUTH GIPPSLAND,26170,Gippsland,recreation,playground,Playground,1
WALKERVILLE SOUTH,SOUTH GIPPSLAND,26170,Gippsland,recreation,nature_reserve,Nature Reserve,1
WALLACE,MOORABOOL,25150,Central Highlands,public_transport,bus_stop,Bus Stop,2
WALLACE,MOORABOOL,25150,Central Highlands,recreation,park,Park,2
WALLACEDALE,GLENELG,22410,Great South Coast,community,community_centre,Community Centre,2
WALLAGARAUGH,EAST GIPPSLAND,22110,Gippsland,recreation,garden,Garden,6
WALLALOO EAST,NORTHERN GRAMPIANS,25810,Wimmera Southern Mallee,recreation,nature_reserve,Nature Reserve,3
WALLAN,MITCHELL,24850,Goulburn,community,library,Library,1
WALLAN,MITCHELL,24850,Goulburn,education,kindergarten,Kindergarten,3
WALLAN,MITCHELL,24850,Goulburn,education,school,School,8
WALLAN,MITCHELL,24850,Goulburn,healthcare,dentist,Dentist,1
WALLAN,MITCHELL,24850,Goulburn,healthcare,pharmacy,Pharmacy,2
WALLAN,MITCHELL,24850,Goulburn,public_transport,bus_stop,Bus Stop,20
WALLAN,MITCHELL,24850,Goulburn,public_transport,platform,Public Transport Platform,4
WALLAN,MITCHELL,24850,Goulburn,public_transport,railway_station,Railway Station,1
WALLAN,MITCHELL,24850,Goulburn,public_transport,stop_position,Public Transport Stop Position,4
WALLAN,MITCHELL,24850,Goulburn,recreation,nature_reserve,Nature Reserve,2
WALLAN,MITCHELL,24850,Goulburn,recreation,park,Park,88
WALLAN,MITCHELL,24850,Goulburn,recreation,playground,Playground,10
WALLAN,MITCHELL,24850,Goulburn,shopping,convenience_store,Convenience Store,7
WALLAN,MITCHELL,24850,Goulburn,shopping,supermarket,Supermarket,2
WALLINDUC,GOLDEN PLAINS,22490,Central Highlands,recreation,park,Park,2
WALLINGTON,GREATER GEELONG,22750,Barwon,education,school,School,2
WALLINGTON,GREATER GEELONG,22750,Barwon,public_transport,bus_stop,Bus Stop,1
WALLINGTON,GREATER GEELONG,22750,Barwon,recreation,nature_reserve,Nature Reserve,2
WALLINGTON,GREATER GEELONG,22750,Barwon,recreation,park,Park,4
WALLINGTON,GREATER GEELONG,22750,Barwon,recreation,playground,Playground,3
WALLUP,YARRIAMBIACK,27630,Wimmera Southern Mallee,community,community_centre,Community Centre,2
WALLUP,YARRIAMBIACK,27630,Wimmera Southern Mallee,recreation,nature_reserve,Nature Reserve,2
WALMER,MOUNT ALEXANDER,25430,Loddon Campaspe,recreation,nature_reserve,Nature Reserve,16
WALPEUP,MILDURA,24780,Mallee,community,library,Library,1
WALPEUP,MILDURA,24780,Mallee,community,town_hall,Town Hall,1
WALPEUP,MILDURA,24780,Mallee,public_transport,platform,Public Transport Platform,2
WALPEUP,MILDURA,24780,Mallee,public_transport,stop_position,Public Transport Stop Position,2
WALPEUP,MILDURA,24780,Mallee,recreation,garden,Garden,2
WALPEUP,MILDURA,24780,Mallee,recreation,nature_reserve,Nature Reserve,15
WALPEUP,MILDURA,24780,Mallee,recreation,park,Park,4
WALPEUP,MILDURA,24780,Mallee,recreation,playground,Playground,1
WALWA,TOWONG,26670,Ovens Murray,community,community_centre,Community Centre,3
WALWA,TOWONG,26670,Ovens Murray,education,school,School,2
WALWA,TOWONG,26670,Ovens Murray,recreation,nature_reserve,Nature Reserve,1
WALWA,TOWONG,26670,Ovens Murray,recreation,park,Park,2
WALWA,TOWONG,26670,Ovens Murray,recreation,playground,Playground,1
WANALTA,CAMPASPE,21370,Loddon Campaspe,recreation,nature_reserve,Nature Reserve,2
WANDANA HEIGHTS,GREATER GEELONG,22750,Barwon,public_transport,bus_stop,Bus Stop,2
WANDANA HEIGHTS,GREATER GEELONG,22750,Barwon,recreation,park,Park,8
WANDANA HEIGHTS,GREATER GEELONG,22750,Barwon,recreation,playground,Playground,4
WANDELLA,GANNAWARRA,22250,Mallee,recreation,nature_reserve,Nature Reserve,3
WANDELLA,GANNAWARRA,22250,Mallee,recreation,sports_centre,Sports Centre,4
WANDILIGONG,ALPINE,20110,Ovens Murray,education,school,School,2
WANDILIGONG,ALPINE,20110,Ovens Murray,recreation,park,Park,2
WANDO BRIDGE,GLENELG,22410,Great South Coast,recreation,nature_reserve,Nature Reserve,1
WANDO VALE,GLENELG,22410,Great South Coast,community,community_centre,Community Centre,2
WANDO VALE,GLENELG,22410,Great South Coast,recreation,nature_reserve,Nature Reserve,2
WANDO VALE,GLENELG,22410,Great South Coast,recreation,playground,Playground,2
WANDO VALE,GLENELG,22410,Great South Coast,recreation,sports_centre,Sports Centre,2
WANDONG,MITCHELL,24850,Goulburn,education,school,School,2
WANDONG,MITCHELL,24850,Goulburn,healthcare,clinic,Clinic,1
WANDONG,MITCHELL,24850,Goulburn,public_transport,platform,Public Transport Platform,4
WANDONG,MITCHELL,24850,Goulburn,public_transport,railway_halt,Railway Halt,2
WANDONG,MITCHELL,24850,Goulburn,public_transport,railway_station,Railway Station,1
WANDONG,MITCHELL,24850,Goulburn,public_transport,stop_position,Public Transport Stop Position,2
WANDONG,MITCHELL,24850,Goulburn,recreation,park,Park,8
WANDONG,MITCHELL,24850,Goulburn,shopping,supermarket,Supermarket,1
WANDOWN,SWAN HILL,26610,Mallee,recreation,nature_reserve,Nature Reserve,1
WANGANDARY,WANGARATTA,26700,Ovens Murray,public_transport,stop_position,Public Transport Stop Position,1
WANGANDARY,WANGARATTA,26700,Ovens Murray,recreation,nature_reserve,Nature Reserve,4
WANGARATTA,WANGARATTA,26700,Ovens Murray,community,community_centre,Community Centre,4
WANGARATTA,WANGARATTA,26700,Ovens Murray,community,library,Library,2
WANGARATTA,WANGARATTA,26700,Ovens Murray,community,social_facility,Social Facility,6
WANGARATTA,WANGARATTA,26700,Ovens Murray,education,college,College,4
WANGARATTA,WANGARATTA,26700,Ovens Murray,education,kindergarten,Kindergarten,13
WANGARATTA,WANGARATTA,26700,Ovens Murray,education,school,School,22
WANGARATTA,WANGARATTA,26700,Ovens Murray,healthcare,clinic,Clinic,22
WANGARATTA,WANGARATTA,26700,Ovens Murray,healthcare,doctor,Doctor,2
WANGARATTA,WANGARATTA,26700,Ovens Murray,healthcare,hospital,Hospital,4
WANGARATTA,WANGARATTA,26700,Ovens Murray,healthcare,pharmacy,Pharmacy,6
WANGARATTA,WANGARATTA,26700,Ovens Murray,public_transport,bus_stop,Bus Stop,115
WANGARATTA,WANGARATTA,26700,Ovens Murray,public_transport,platform,Public Transport Platform,4
WANGARATTA,WANGARATTA,26700,Ovens Murray,public_transport,railway_station,Railway Station,1
WANGARATTA,WANGARATTA,26700,Ovens Murray,public_transport,station,Public Transport Station,2
WANGARATTA,WANGARATTA,26700,Ovens Murray,public_transport,stop_position,Public Transport Stop Position,37
WANGARATTA,WANGARATTA,26700,Ovens Murray,recreation,garden,Garden,4
WANGARATTA,WANGARATTA,26700,Ovens Murray,recreation,nature_reserve,Nature Reserve,8
WANGARATTA,WANGARATTA,26700,Ovens Murray,recreation,park,Park,70
WANGARATTA,WANGARATTA,26700,Ovens Murray,recreation,playground,Playground,17
WANGARATTA,WANGARATTA,26700,Ovens Murray,recreation,sports_centre,Sports Centre,9
WANGARATTA,WANGARATTA,26700,Ovens Murray,shopping,convenience_store,Convenience Store,14
WANGARATTA,WANGARATTA,26700,Ovens Murray,shopping,supermarket,Supermarket,6
WANGARATTA SOUTH,WANGARATTA,26700,Ovens Murray,shopping,convenience_store,Convenience Store,2
WANGIE,BULOKE,21270,Mallee,recreation,garden,Garden,10
WANGIE,BULOKE,21270,Mallee,recreation,nature_reserve,Nature Reserve,5
WANGOOM,MOYNE,25490,Great South Coast,recreation,park,Park,2
WANGOOM,MOYNE,25490,Great South Coast,shopping,convenience_store,Convenience Store,1
WANNON,SOUTHERN GRAMPIANS,26260,Great South Coast,public_transport,platform,Public Transport Platform,1
WANNON,SOUTHERN GRAMPIANS,26260,Great South Coast,recreation,nature_reserve,Nature Reserve,3
WARANGA SHORES,CAMPASPE,21370,Loddon Campaspe,recreation,nature_reserve,Nature Reserve,7
WARATAH BAY,SOUTH GIPPSLAND,26170,Gippsland,recreation,park,Park,2
WARATAH BAY,SOUTH GIPPSLAND,26170,Gippsland,recreation,playground,Playground,1
WAREEK,CENTRAL GOLDFIELDS,21670,Loddon Campaspe,recreation,nature_reserve,Nature Reserve,4
WARGAN,MILDURA,24780,Mallee,recreation,garden,Garden,2
WARGAN,MILDURA,24780,Mallee,recreation,nature_reserve,Nature Reserve,1
WARMUR,BULOKE,21270,Mallee,recreation,nature_reserve,Nature Reserve,4
WARNCOORT,COLAC OTWAY,21750,Barwon,recreation,nature_reserve,Nature Reserve,2
WARNE,BULOKE,21270,Mallee,recreation,nature_reserve,Nature Reserve,2
WARRACKNABEAL,YARRIAMBIACK,27630,Wimmera Southern Mallee,community,community_centre,Community Centre,1
WARRACKNABEAL,YARRIAMBIACK,27630,Wimmera Southern Mallee,community,town_hall,Town Hall,2
WARRACKNABEAL,YARRIAMBIACK,27630,Wimmera Southern Mallee,education,school,School,8
WARRACKNABEAL,YARRIAMBIACK,27630,Wimmera Southern Mallee,healthcare,hospital,Hospital,2
WARRACKNABEAL,YARRIAMBIACK,27630,Wimmera Southern Mallee,healthcare,pharmacy,Pharmacy,1
WARRACKNABEAL,YARRIAMBIACK,27630,Wimmera Southern Mallee,public_transport,bus_stop,Bus Stop,3
WARRACKNABEAL,YARRIAMBIACK,27630,Wimmera Southern Mallee,recreation,garden,Garden,3
WARRACKNABEAL,YARRIAMBIACK,27630,Wimmera Southern Mallee,recreation,nature_reserve,Nature Reserve,6
WARRACKNABEAL,YARRIAMBIACK,27630,Wimmera Southern Mallee,recreation,park,Park,9
WARRACKNABEAL,YARRIAMBIACK,27630,Wimmera Southern Mallee,recreation,playground,Playground,2
WARRACKNABEAL,YARRIAMBIACK,27630,Wimmera Southern Mallee,recreation,sports_centre,Sports Centre,4
WARRACKNABEAL,YARRIAMBIACK,27630,Wimmera Southern Mallee,shopping,supermarket,Supermarket,2
WARRAGUL,BAW BAW,20830,Gippsland,community,community_centre,Community Centre,2
WARRAGUL,BAW BAW,20830,Gippsland,community,library,Library,1
WARRAGUL,BAW BAW,20830,Gippsland,community,social_facility,Social Facility,9
WARRAGUL,BAW BAW,20830,Gippsland,education,childcare,Childcare Centre,4
WARRAGUL,BAW BAW,20830,Gippsland,education,college,College,1
WARRAGUL,BAW BAW,20830,Gippsland,education,kindergarten,Kindergarten,1
WARRAGUL,BAW BAW,20830,Gippsland,education,school,School,19
WARRAGUL,BAW BAW,20830,Gippsland,healthcare,clinic,Clinic,1
WARRAGUL,BAW BAW,20830,Gippsland,healthcare,dentist,Dentist,7
WARRAGUL,BAW BAW,20830,Gippsland,healthcare,doctor,Doctor,4
WARRAGUL,BAW BAW,20830,Gippsland,healthcare,hospital,Hospital,3
WARRAGUL,BAW BAW,20830,Gippsland,healthcare,pharmacy,Pharmacy,4
WARRAGUL,BAW BAW,20830,Gippsland,public_transport,bus_stop,Bus Stop,83
WARRAGUL,BAW BAW,20830,Gippsland,public_transport,platform,Public Transport Platform,2
WARRAGUL,BAW BAW,20830,Gippsland,public_transport,railway_station,Railway Station,1
WARRAGUL,BAW BAW,20830,Gippsland,public_transport,station,Public Transport Station,2
WARRAGUL,BAW BAW,20830,Gippsland,public_transport,stop_position,Public Transport Stop Position,10
WARRAGUL,BAW BAW,20830,Gippsland,recreation,garden,Garden,10
WARRAGUL,BAW BAW,20830,Gippsland,recreation,park,Park,120
WARRAGUL,BAW BAW,20830,Gippsland,recreation,playground,Playground,39
WARRAGUL,BAW BAW,20830,Gippsland,recreation,sports_centre,Sports Centre,5
WARRAGUL,BAW BAW,20830,Gippsland,shopping,convenience_store,Convenience Store,9
WARRAGUL,BAW BAW,20830,Gippsland,shopping,supermarket,Supermarket,3
WARRAK,ARARAT,20260,Central Highlands,recreation,nature_reserve,Nature Reserve,1
WARRAK,ARARAT,20260,Central Highlands,recreation,park,Park,2
WARRENHEIP,BALLARAT,20570,Central Highlands,education,school,School,2
WARRENHEIP,BALLARAT,20570,Central Highlands,recreation,garden,Garden,1
WARRENHEIP,BALLARAT,20570,Central Highlands,recreation,park,Park,5
WARRENHEIP,BALLARAT,20570,Central Highlands,shopping,convenience_store,Convenience Store,4
WARRENMANG,PYRENEES,25990,Central Highlands,recreation,nature_reserve,Nature Reserve,2
WARRION,COLAC OTWAY,21750,Barwon,public_transport,bus_stop,Bus Stop,6
WARRION,COLAC OTWAY,21750,Barwon,recreation,sports_centre,Sports Centre,2
WARRNAMBOOL,WARRNAMBOOL,26730,Great South Coast,community,community_centre,Community Centre,3
WARRNAMBOOL,WARRNAMBOOL,26730,Great South Coast,community,library,Library,3
WARRNAMBOOL,WARRNAMBOOL,26730,Great South Coast,education,college,College,8
WARRNAMBOOL,WARRNAMBOOL,26730,Great South Coast,education,kindergarten,Kindergarten,1
WARRNAMBOOL,WARRNAMBOOL,26730,Great South Coast,education,school,School,24
WARRNAMBOOL,WARRNAMBOOL,26730,Great South Coast,healthcare,clinic,Clinic,2
WARRNAMBOOL,WARRNAMBOOL,26730,Great South Coast,healthcare,dentist,Dentist,2
WARRNAMBOOL,WARRNAMBOOL,26730,Great South Coast,healthcare,doctor,Doctor,2
WARRNAMBOOL,WARRNAMBOOL,26730,Great South Coast,healthcare,hospital,Hospital,4
WARRNAMBOOL,WARRNAMBOOL,26730,Great South Coast,healthcare,pharmacy,Pharmacy,3
WARRNAMBOOL,WARRNAMBOOL,26730,Great South Coast,public_transport,bus_station,Bus Station,2
WARRNAMBOOL,WARRNAMBOOL,26730,Great South Coast,public_transport,bus_stop,Bus Stop,113
WARRNAMBOOL,WARRNAMBOOL,26730,Great South Coast,public_transport,platform,Public Transport Platform,4
WARRNAMBOOL,WARRNAMBOOL,26730,Great South Coast,public_transport,railway_station,Railway Station,3
WARRNAMBOOL,WARRNAMBOOL,26730,Great South Coast,public_transport,station,Public Transport Station,2
WARRNAMBOOL,WARRNAMBOOL,26730,Great South Coast,public_transport,stop_position,Public Transport Stop Position,12
WARRNAMBOOL,WARRNAMBOOL,26730,Great South Coast,recreation,garden,Garden,6
WARRNAMBOOL,WARRNAMBOOL,26730,Great South Coast,recreation,nature_reserve,Nature Reserve,1
WARRNAMBOOL,WARRNAMBOOL,26730,Great South Coast,recreation,park,Park,138
WARRNAMBOOL,WARRNAMBOOL,26730,Great South Coast,recreation,playground,Playground,85
WARRNAMBOOL,WARRNAMBOOL,26730,Great South Coast,recreation,sports_centre,Sports Centre,5
WARRNAMBOOL,WARRNAMBOOL,26730,Great South Coast,shopping,convenience_store,Convenience Store,10
WARRNAMBOOL,WARRNAMBOOL,26730,Great South Coast,shopping,supermarket,Supermarket,12
WARROCK,GLENELG,22410,Great South Coast,recreation,nature_reserve,Nature Reserve,4
WATCHEM,BULOKE,21270,Mallee,community,community_centre,Community Centre,1
WATCHEM,BULOKE,21270,Mallee,recreation,garden,Garden,2
WATCHEM,BULOKE,21270,Mallee,recreation,nature_reserve,Nature Reserve,3
WATCHEM,BULOKE,21270,Mallee,recreation,playground,Playground,1
WATCHEM,BULOKE,21270,Mallee,recreation,sports_centre,Sports Centre,2
WATCHEM WEST,BULOKE,21270,Mallee,recreation,nature_reserve,Nature Reserve,4
WATCHUPGA,BULOKE,21270,Mallee,recreation,nature_reserve,Nature Reserve,4
WATERFORD PARK,MITCHELL,24850,Goulburn,recreation,park,Park,2
WATERLOO,PYRENEES,25990,Central Highlands,recreation,nature_reserve,Nature Reserve,3
WAUBRA,PYRENEES,25990,Central Highlands,education,school,School,2
WAUBRA,PYRENEES,25990,Central Highlands,public_transport,bus_stop,Bus Stop,2
WAUBRA,PYRENEES,25990,Central Highlands,recreation,park,Park,2
WAURN PONDS,GREATER GEELONG,22750,Barwon,community,library,Library,2
WAURN PONDS,GREATER GEELONG,22750,Barwon,education,college,College,2
WAURN PONDS,GREATER GEELONG,22750,Barwon,education,kindergarten,Kindergarten,4
WAURN PONDS,GREATER GEELONG,22750,Barwon,education,school,School,4
WAURN PONDS,GREATER GEELONG,22750,Barwon,healthcare,dentist,Dentist,2
WAURN PONDS,GREATER GEELONG,22750,Barwon,healthcare,hospital,Hospital,2
WAURN PONDS,GREATER GEELONG,22750,Barwon,public_transport,bus_station,Bus Station,2
WAURN PONDS,GREATER GEELONG,22750,Barwon,public_transport,bus_stop,Bus Stop,7
WAURN PONDS,GREATER GEELONG,22750,Barwon,public_transport,platform,Public Transport Platform,1
WAURN PONDS,GREATER GEELONG,22750,Barwon,public_transport,railway_station,Railway Station,3
WAURN PONDS,GREATER GEELONG,22750,Barwon,public_transport,stop_position,Public Transport Stop Position,1
WAURN PONDS,GREATER GEELONG,22750,Barwon,recreation,garden,Garden,490
WAURN PONDS,GREATER GEELONG,22750,Barwon,recreation,park,Park,12
WAURN PONDS,GREATER GEELONG,22750,Barwon,recreation,playground,Playground,8
WAURN PONDS,GREATER GEELONG,22750,Barwon,recreation,sports_centre,Sports Centre,4
WAURN PONDS,GREATER GEELONG,22750,Barwon,shopping,convenience_store,Convenience Store,2
WAYGARA,EAST GIPPSLAND,22110,Gippsland,recreation,nature_reserve,Nature Reserve,1
WEDDERBURN,LODDON,23940,Loddon Campaspe,community,community_centre,Community Centre,2
WEDDERBURN,LODDON,23940,Loddon Campaspe,education,school,School,2
WEDDERBURN,LODDON,23940,Loddon Campaspe,public_transport,bus_stop,Bus Stop,2
WEDDERBURN,LODDON,23940,Loddon Campaspe,recreation,nature_reserve,Nature Reserve,14
WEDDERBURN,LODDON,23940,Loddon Campaspe,recreation,park,Park,5
WEDDERBURN,LODDON,23940,Loddon Campaspe,recreation,playground,Playground,2
WEDDERBURN,LODDON,23940,Loddon Campaspe,recreation,sports_centre,Sports Centre,2
WEDDERBURN,LODDON,23940,Loddon Campaspe,shopping,supermarket,Supermarket,1
WEDDERBURN JUNCTION,LODDON,23940,Loddon Campaspe,recreation,nature_reserve,Nature Reserve,1
WEE WEE RUP,GANNAWARRA,22250,Mallee,recreation,nature_reserve,Nature Reserve,1
WEERITE,CORANGAMITE,21830,Great South Coast,recreation,playground,Playground,2
WEHLA,LODDON,23940,Loddon Campaspe,recreation,nature_reserve,Nature Reserve,6
WELLSFORD,GREATER BENDIGO,22620,Loddon Campaspe,recreation,sports_centre,Sports Centre,2
WELSHMANS REEF,MOUNT ALEXANDER,25430,Loddon Campaspe,recreation,nature_reserve,Nature Reserve,7
WELSHPOOL,SOUTH GIPPSLAND,26170,Gippsland,education,school,School,2
WELSHPOOL,SOUTH GIPPSLAND,26170,Gippsland,public_transport,platform,Public Transport Platform,1
WELSHPOOL,SOUTH GIPPSLAND,26170,Gippsland,recreation,nature_reserve,Nature Reserve,2
WELSHPOOL,SOUTH GIPPSLAND,26170,Gippsland,recreation,park,Park,3
WELSHPOOL,SOUTH GIPPSLAND,26170,Gippsland,recreation,playground,Playground,1
WELSHPOOL,SOUTH GIPPSLAND,26170,Gippsland,shopping,supermarket,Supermarket,1
WEMEN,SWAN HILL,26610,Mallee,community,community_centre,Community Centre,1
WEMEN,SWAN HILL,26610,Mallee,recreation,nature_reserve,Nature Reserve,2
WEMEN,SWAN HILL,26610,Mallee,recreation,playground,Playground,1
WENDOUREE,BALLARAT,20570,Central Highlands,community,community_centre,Community Centre,2
WENDOUREE,BALLARAT,20570,Central Highlands,community,social_facility,Social Facility,6
WENDOUREE,BALLARAT,20570,Central Highlands,education,childcare,Childcare Centre,5
WENDOUREE,BALLARAT,20570,Central Highlands,education,school,School,12
WENDOUREE,BALLARAT,20570,Central Highlands,healthcare,clinic,Clinic,2
WENDOUREE,BALLARAT,20570,Central Highlands,healthcare,dentist,Dentist,4
WENDOUREE,BALLARAT,20570,Central Highlands,healthcare,doctor,Doctor,1
WENDOUREE,BALLARAT,20570,Central Highlands,healthcare,hospital,Hospital,2
WENDOUREE,BALLARAT,20570,Central Highlands,healthcare,pharmacy,Pharmacy,4
WENDOUREE,BALLARAT,20570,Central Highlands,public_transport,bus_stop,Bus Stop,84
WENDOUREE,BALLARAT,20570,Central Highlands,public_transport,platform,Public Transport Platform,1
WENDOUREE,BALLARAT,20570,Central Highlands,public_transport,stop_position,Public Transport Stop Position,2
WENDOUREE,BALLARAT,20570,Central Highlands,recreation,garden,Garden,8
WENDOUREE,BALLARAT,20570,Central Highlands,recreation,nature_reserve,Nature Reserve,2
WENDOUREE,BALLARAT,20570,Central Highlands,recreation,park,Park,44
WENDOUREE,BALLARAT,20570,Central Highlands,recreation,playground,Playground,31
WENDOUREE,BALLARAT,20570,Central Highlands,recreation,sports_centre,Sports Centre,18
WENDOUREE,BALLARAT,20570,Central Highlands,shopping,convenience_store,Convenience Store,12
WENDOUREE,BALLARAT,20570,Central Highlands,shopping,supermarket,Supermarket,6
WENSLEYDALE,SURF COAST,26490,Barwon,recreation,nature_reserve,Nature Reserve,2
WENTWORTH,EAST GIPPSLAND,22110,Gippsland,recreation,nature_reserve,Nature Reserve,2
WERNETH,CORANGAMITE,21830,Great South Coast,recreation,nature_reserve,Nature Reserve,2
WERRIMULL,MILDURA,24780,Mallee,community,community_centre,Community Centre,2
WERRIMULL,MILDURA,24780,Mallee,community,library,Library,1
WERRIMULL,MILDURA,24780,Mallee,education,school,School,2
WERRIMULL,MILDURA,24780,Mallee,recreation,garden,Garden,6
WERRIMULL,MILDURA,24780,Mallee,recreation,nature_reserve,Nature Reserve,4
WERRIMULL,MILDURA,24780,Mallee,recreation,park,Park,3
WEST BENDIGO,GREATER BENDIGO,22620,Loddon Campaspe,community,community_centre,Community Centre,2
WEST BENDIGO,GREATER BENDIGO,22620,Loddon Campaspe,public_transport,bus_stop,Bus Stop,2
WEST BENDIGO,GREATER BENDIGO,22620,Loddon Campaspe,recreation,garden,Garden,14
WEST BENDIGO,GREATER BENDIGO,22620,Loddon Campaspe,recreation,nature_reserve,Nature Reserve,1
WEST BENDIGO,GREATER BENDIGO,22620,Loddon Campaspe,recreation,park,Park,2
WEST WODONGA,WODONGA,27170,Ovens Murray,community,community_centre,Community Centre,2
WEST WODONGA,WODONGA,27170,Ovens Murray,community,social_facility,Social Facility,3
WEST WODONGA,WODONGA,27170,Ovens Murray,community,town_hall,Town Hall,1
WEST WODONGA,WODONGA,27170,Ovens Murray,education,childcare,Childcare Centre,9
WEST WODONGA,WODONGA,27170,Ovens Murray,education,college,College,2
WEST WODONGA,WODONGA,27170,Ovens Murray,education,kindergarten,Kindergarten,5
WEST WODONGA,WODONGA,27170,Ovens Murray,education,school,School,11
WEST WODONGA,WODONGA,27170,Ovens Murray,healthcare,dentist,Dentist,1
WEST WODONGA,WODONGA,27170,Ovens Murray,healthcare,doctor,Doctor,2
WEST WODONGA,WODONGA,27170,Ovens Murray,healthcare,pharmacy,Pharmacy,2
WEST WODONGA,WODONGA,27170,Ovens Murray,public_transport,bus_stop,Bus Stop,61
WEST WODONGA,WODONGA,27170,Ovens Murray,public_transport,stop_position,Public Transport Stop Position,2
WEST WODONGA,WODONGA,27170,Ovens Murray,recreation,nature_reserve,Nature Reserve,1
WEST WODONGA,WODONGA,27170,Ovens Murray,recreation,park,Park,116
WEST WODONGA,WODONGA,27170,Ovens Murray,recreation,playground,Playground,36
WEST WODONGA,WODONGA,27170,Ovens Murray,recreation,sports_centre,Sports Centre,9
WEST WODONGA,WODONGA,27170,Ovens Murray,shopping,convenience_store,Convenience Store,10
WEST WODONGA,WODONGA,27170,Ovens Murray,shopping,supermarket,Supermarket,1
WESTBURY,BAW BAW,20830,Gippsland,recreation,nature_reserve,Nature Reserve,2
WESTBY,GANNAWARRA,22250,Mallee,recreation,nature_reserve,Nature Reserve,1
WESTMERE,ARARAT,20260,Central Highlands,community,community_centre,Community Centre,2
WESTMERE,ARARAT,20260,Central Highlands,education,kindergarten,Kindergarten,1
WESTMERE,ARARAT,20260,Central Highlands,recreation,park,Park,2
WESTMERE,ARARAT,20260,Central Highlands,shopping,convenience_store,Convenience Store,2
WHANREGARWEN,MURRINDINDI,25620,Goulburn,recreation,nature_reserve,Nature Reserve,7
WHARPARILLA,CAMPASPE,21370,Loddon Campaspe,recreation,nature_reserve,Nature Reserve,1
WHIRILY,BULOKE,21270,Mallee,recreation,garden,Garden,4
WHIRILY,BULOKE,21270,Mallee,recreation,nature_reserve,Nature Reserve,8
WHITE HILLS,GREATER BENDIGO,22620,Loddon Campaspe,community,social_facility,Social Facility,2
WHITE HILLS,GREATER BENDIGO,22620,Loddon Campaspe,education,kindergarten,Kindergarten,2
WHITE HILLS,GREATER BENDIGO,22620,Loddon Campaspe,education,school,School,6
WHITE HILLS,GREATER BENDIGO,22620,Loddon Campaspe,healthcare,dentist,Dentist,1
WHITE HILLS,GREATER BENDIGO,22620,Loddon Campaspe,healthcare,pharmacy,Pharmacy,1
WHITE HILLS,GREATER BENDIGO,22620,Loddon Campaspe,public_transport,bus_stop,Bus Stop,35
WHITE HILLS,GREATER BENDIGO,22620,Loddon Campaspe,recreation,garden,Garden,4
WHITE HILLS,GREATER BENDIGO,22620,Loddon Campaspe,recreation,nature_reserve,Nature Reserve,7
WHITE HILLS,GREATER BENDIGO,22620,Loddon Campaspe,recreation,park,Park,8
WHITE HILLS,GREATER BENDIGO,22620,Loddon Campaspe,recreation,playground,Playground,2
WHITE HILLS,GREATER BENDIGO,22620,Loddon Campaspe,recreation,sports_centre,Sports Centre,2
WHITEHEADS CREEK,MITCHELL,24850,Goulburn,public_transport,platform,Public Transport Platform,1
WHITFIELD,WANGARATTA,26700,Ovens Murray,community,community_centre,Community Centre,2
WHITFIELD,WANGARATTA,26700,Ovens Murray,education,school,School,2
WHITFIELD,WANGARATTA,26700,Ovens Murray,public_transport,bus_stop,Bus Stop,1
WHITFIELD,WANGARATTA,26700,Ovens Murray,recreation,playground,Playground,2
WHITFIELD,WANGARATTA,26700,Ovens Murray,shopping,convenience_store,Convenience Store,1
WHITLANDS,WANGARATTA,26700,Ovens Murray,recreation,nature_reserve,Nature Reserve,3
WHITTINGTON,GREATER GEELONG,22750,Barwon,education,kindergarten,Kindergarten,2
WHITTINGTON,GREATER GEELONG,22750,Barwon,education,school,School,4
WHITTINGTON,GREATER GEELONG,22750,Barwon,public_transport,bus_stop,Bus Stop,1
WHITTINGTON,GREATER GEELONG,22750,Barwon,recreation,park,Park,10
WHITTINGTON,GREATER GEELONG,22750,Barwon,recreation,playground,Playground,6
WHOROULY,WANGARATTA,26700,Ovens Murray,community,town_hall,Town Hall,2
WHOROULY,WANGARATTA,26700,Ovens Murray,education,school,School,2
WHOROULY,WANGARATTA,26700,Ovens Murray,recreation,nature_reserve,Nature Reserve,1
WHOROULY,WANGARATTA,26700,Ovens Murray,recreation,playground,Playground,2
WHOROULY,WANGARATTA,26700,Ovens Murray,recreation,sports_centre,Sports Centre,2
WHOROULY,WANGARATTA,26700,Ovens Murray,shopping,convenience_store,Convenience Store,2
WHROO,CAMPASPE,21370,Loddon Campaspe,recreation,nature_reserve,Nature Reserve,1
WHROO,CAMPASPE,21370,Loddon Campaspe,recreation,park,Park,2
WHROO,STRATHBOGIE,26430,Goulburn,recreation,nature_reserve,Nature Reserve,1
WICKLIFFE,ARARAT,20260,Central Highlands,public_transport,bus_stop,Bus Stop,2
WICKLIFFE,ARARAT,20260,Central Highlands,recreation,nature_reserve,Nature Reserve,1
WICKLIFFE,ARARAT,20260,Central Highlands,recreation,park,Park,2
WILBY,MOIRA,24900,Goulburn,community,community_centre,Community Centre,2
WILBY,MOIRA,24900,Goulburn,recreation,nature_reserve,Nature Reserve,3
WILKUR,BULOKE,21270,Mallee,recreation,nature_reserve,Nature Reserve,2
WILLANGIE,BULOKE,21270,Mallee,recreation,nature_reserve,Nature Reserve,2
WILLAURA,ARARAT,20260,Central Highlands,education,school,School,2
WILLAURA,ARARAT,20260,Central Highlands,healthcare,hospital,Hospital,2
WILLAURA,ARARAT,20260,Central Highlands,healthcare,pharmacy,Pharmacy,2
WILLAURA,ARARAT,20260,Central Highlands,public_transport,bus_stop,Bus Stop,2
WILLAURA,ARARAT,20260,Central Highlands,recreation,garden,Garden,1
WILLAURA,ARARAT,20260,Central Highlands,recreation,nature_reserve,Nature Reserve,8
WILLAURA,ARARAT,20260,Central Highlands,recreation,park,Park,2
WILLAURA,ARARAT,20260,Central Highlands,recreation,playground,Playground,2
WILLAURA,ARARAT,20260,Central Highlands,recreation,sports_centre,Sports Centre,2
WILLAURA,ARARAT,20260,Central Highlands,shopping,supermarket,Supermarket,2
WILLENABRINA,YARRIAMBIACK,27630,Wimmera Southern Mallee,recreation,nature_reserve,Nature Reserve,4
WILLOW GROVE,BAW BAW,20830,Gippsland,community,town_hall,Town Hall,2
WILLOW GROVE,BAW BAW,20830,Gippsland,education,kindergarten,Kindergarten,2
WILLOW GROVE,BAW BAW,20830,Gippsland,education,school,School,2
WILLOW GROVE,BAW BAW,20830,Gippsland,recreation,nature_reserve,Nature Reserve,4
WILLOW GROVE,BAW BAW,20830,Gippsland,recreation,park,Park,2
WILLOW GROVE,BAW BAW,20830,Gippsland,recreation,playground,Playground,4
WILLOWMAVIN,MITCHELL,24850,Goulburn,education,school,School,2
WILLOWMAVIN,MITCHELL,24850,Goulburn,recreation,nature_reserve,Nature Reserve,1
WILLUNG SOUTH,WELLINGTON,26810,Gippsland,public_transport,bus_stop,Bus Stop,2
WILLUNG SOUTH,WELLINGTON,26810,Gippsland,recreation,nature_reserve,Nature Reserve,8
WILSONS HILL,GREATER BENDIGO,22620,Loddon Campaspe,recreation,nature_reserve,Nature Reserve,2
WILSONS PROMONTORY,SOUTH GIPPSLAND,26170,Gippsland,public_transport,bus_stop,Bus Stop,2
WILSONS PROMONTORY,SOUTH GIPPSLAND,26170,Gippsland,recreation,nature_reserve,Nature Reserve,6
WIMBLEDON HEIGHTS,BASS COAST,20740,Gippsland,public_transport,bus_stop,Bus Stop,2
WIMBLEDON HEIGHTS,BASS COAST,20740,Gippsland,recreation,garden,Garden,2
WIMBLEDON HEIGHTS,BASS COAST,20740,Gippsland,recreation,park,Park,2
WIMBLEDON HEIGHTS,BASS COAST,20740,Gippsland,recreation,playground,Playground,2
WINCHELSEA,SURF COAST,26490,Barwon,education,school,School,2
WINCHELSEA,SURF COAST,26490,Barwon,healthcare,dentist,Dentist,2
WINCHELSEA,SURF COAST,26490,Barwon,healthcare,hospital,Hospital,2
WINCHELSEA,SURF COAST,26490,Barwon,public_transport,platform,Public Transport Platform,2
WINCHELSEA,SURF COAST,26490,Barwon,public_transport,railway_station,Railway Station,1
WINCHELSEA,SURF COAST,26490,Barwon,public_transport,stop_position,Public Transport Stop Position,2
WINCHELSEA,SURF COAST,26490,Barwon,recreation,garden,Garden,4
WINCHELSEA,SURF COAST,26490,Barwon,recreation,nature_reserve,Nature Reserve,3
WINCHELSEA,SURF COAST,26490,Barwon,recreation,park,Park,10
WINCHELSEA,SURF COAST,26490,Barwon,recreation,playground,Playground,2
WINCHELSEA,SURF COAST,26490,Barwon,recreation,sports_centre,Sports Centre,3
WINCHELSEA,SURF COAST,26490,Barwon,shopping,convenience_store,Convenience Store,4
WINCHELSEA,SURF COAST,26490,Barwon,shopping,supermarket,Supermarket,4
WINGAN RIVER,EAST GIPPSLAND,22110,Gippsland,recreation,nature_reserve,Nature Reserve,11
WINGEEL,COLAC OTWAY,21750,Barwon,recreation,sports_centre,Sports Centre,2
WINJALLOK,NORTHERN GRAMPIANS,25810,Wimmera Southern Mallee,recreation,nature_reserve,Nature Reserve,2
WINLATON,SWAN HILL,26610,Mallee,recreation,nature_reserve,Nature Reserve,3
WINNAMBOOL,SWAN HILL,26610,Mallee,recreation,nature_reserve,Nature Reserve,2
WINNAP,GLENELG,22410,Great South Coast,recreation,nature_reserve,Nature Reserve,8
WINSLOW,MOYNE,25490,Great South Coast,recreation,park,Park,4
WINTER VALLEY,BALLARAT,20570,Central Highlands,public_transport,bus_stop,Bus Stop,4
WINTER VALLEY,BALLARAT,20570,Central Highlands,recreation,garden,Garden,9
WINTER VALLEY,BALLARAT,20570,Central Highlands,recreation,park,Park,26
WINTER VALLEY,BALLARAT,20570,Central Highlands,recreation,playground,Playground,12
WINTER VALLEY,BALLARAT,20570,Central Highlands,shopping,convenience_store,Convenience Store,1
WINTON,BENALLA,21010,Ovens Murray,education,school,School,2
WINTON,BENALLA,21010,Ovens Murray,recreation,nature_reserve,Nature Reserve,2
WINTON,BENALLA,21010,Ovens Murray,recreation,sports_centre,Sports Centre,2
WINTON NORTH,BENALLA,21010,Ovens Murray,recreation,nature_reserve,Nature Reserve,1
WIRRATE,STRATHBOGIE,26430,Goulburn,recreation,nature_reserve,Nature Reserve,4
WISELEIGH,EAST GIPPSLAND,22110,Gippsland,recreation,nature_reserve,Nature Reserve,2
WODONGA,WODONGA,27170,Ovens Murray,community,community_centre,Community Centre,4
WODONGA,WODONGA,27170,Ovens Murray,community,library,Library,1
WODONGA,WODONGA,27170,Ovens Murray,community,town_hall,Town Hall,1
WODONGA,WODONGA,27170,Ovens Murray,education,childcare,Childcare Centre,14
WODONGA,WODONGA,27170,Ovens Murray,education,college,College,4
WODONGA,WODONGA,27170,Ovens Murray,education,kindergarten,Kindergarten,3
WODONGA,WODONGA,27170,Ovens Murray,education,school,School,14
WODONGA,WODONGA,27170,Ovens Murray,healthcare,dentist,Dentist,6
WODONGA,WODONGA,27170,Ovens Murray,healthcare,doctor,Doctor,11
WODONGA,WODONGA,27170,Ovens Murray,healthcare,hospital,Hospital,2
WODONGA,WODONGA,27170,Ovens Murray,healthcare,pharmacy,Pharmacy,4
WODONGA,WODONGA,27170,Ovens Murray,public_transport,bus_stop,Bus Stop,102
WODONGA,WODONGA,27170,Ovens Murray,public_transport,platform,Public Transport Platform,2
WODONGA,WODONGA,27170,Ovens Murray,public_transport,railway_station,Railway Station,2
WODONGA,WODONGA,27170,Ovens Murray,public_transport,stop_position,Public Transport Stop Position,7
WODONGA,WODONGA,27170,Ovens Murray,recreation,garden,Garden,5
WODONGA,WODONGA,27170,Ovens Murray,recreation,nature_reserve,Nature Reserve,4
WODONGA,WODONGA,27170,Ovens Murray,recreation,park,Park,134
WODONGA,WODONGA,27170,Ovens Murray,recreation,playground,Playground,72
WODONGA,WODONGA,27170,Ovens Murray,recreation,sports_centre,Sports Centre,18
WODONGA,WODONGA,27170,Ovens Murray,shopping,convenience_store,Convenience Store,15
WODONGA,WODONGA,27170,Ovens Murray,shopping,supermarket,Supermarket,8
WOMBELANO,WEST WIMMERA,26890,Wimmera Southern Mallee,recreation,nature_reserve,Nature Reserve,5
WON WRON,WELLINGTON,26810,Gippsland,community,community_centre,Community Centre,2
WON WRON,WELLINGTON,26810,Gippsland,public_transport,bus_stop,Bus Stop,2
WON WRON,WELLINGTON,26810,Gippsland,recreation,nature_reserve,Nature Reserve,2
WONGUNGARRA,ALPINE,20110,Ovens Murray,recreation,nature_reserve,Nature Reserve,3
WONGUNGARRA,WELLINGTON,26810,Gippsland,recreation,nature_reserve,Nature Reserve,1
WONNANGATTA,ALPINE,20110,Ovens Murray,recreation,nature_reserve,Nature Reserve,2
WONTHAGGI,BASS COAST,20740,Gippsland,community,community_centre,Community Centre,2
WONTHAGGI,BASS COAST,20740,Gippsland,community,library,Library,1
WONTHAGGI,BASS COAST,20740,Gippsland,community,social_facility,Social Facility,6
WONTHAGGI,BASS COAST,20740,Gippsland,community,town_hall,Town Hall,2
WONTHAGGI,BASS COAST,20740,Gippsland,education,childcare,Childcare Centre,1
WONTHAGGI,BASS COAST,20740,Gippsland,education,college,College,4
WONTHAGGI,BASS COAST,20740,Gippsland,education,school,School,12
WONTHAGGI,BASS COAST,20740,Gippsland,healthcare,dentist,Dentist,2
WONTHAGGI,BASS COAST,20740,Gippsland,healthcare,doctor,Doctor,9
WONTHAGGI,BASS COAST,20740,Gippsland,healthcare,hospital,Hospital,4
WONTHAGGI,BASS COAST,20740,Gippsland,healthcare,pharmacy,Pharmacy,2
WONTHAGGI,BASS COAST,20740,Gippsland,public_transport,bus_stop,Bus Stop,32
WONTHAGGI,BASS COAST,20740,Gippsland,public_transport,platform,Public Transport Platform,1
WONTHAGGI,BASS COAST,20740,Gippsland,public_transport,stop_position,Public Transport Stop Position,21
WONTHAGGI,BASS COAST,20740,Gippsland,recreation,garden,Garden,6
WONTHAGGI,BASS COAST,20740,Gippsland,recreation,nature_reserve,Nature Reserve,24
WONTHAGGI,BASS COAST,20740,Gippsland,recreation,park,Park,42
WONTHAGGI,BASS COAST,20740,Gippsland,recreation,playground,Playground,21
WONTHAGGI,BASS COAST,20740,Gippsland,recreation,sports_centre,Sports Centre,4
WONTHAGGI,BASS COAST,20740,Gippsland,shopping,convenience_store,Convenience Store,2
WONTHAGGI,BASS COAST,20740,Gippsland,shopping,supermarket,Supermarket,5
WONWONDAH,HORSHAM,23190,Wimmera Southern Mallee,recreation,garden,Garden,2
WONWONDAH,HORSHAM,23190,Wimmera Southern Mallee,recreation,nature_reserve,Nature Reserve,2
WOOD WOOD,SWAN HILL,26610,Mallee,public_transport,bus_stop,Bus Stop,2
WOOD WOOD,SWAN HILL,26610,Mallee,public_transport,stop_position,Public Transport Stop Position,2
WOOD WOOD,SWAN HILL,26610,Mallee,recreation,nature_reserve,Nature Reserve,2
WOODEND,MACEDON RANGES,24130,Loddon Campaspe,community,community_centre,Community Centre,2
WOODEND,MACEDON RANGES,24130,Loddon Campaspe,education,school,School,6
WOODEND,MACEDON RANGES,24130,Loddon Campaspe,public_transport,bus_stop,Bus Stop,1
WOODEND,MACEDON RANGES,24130,Loddon Campaspe,public_transport,platform,Public Transport Platform,2
WOODEND,MACEDON RANGES,24130,Loddon Campaspe,public_transport,railway_station,Railway Station,1
WOODEND,MACEDON RANGES,24130,Loddon Campaspe,public_transport,stop_position,Public Transport Stop Position,2
WOODEND,MACEDON RANGES,24130,Loddon Campaspe,recreation,nature_reserve,Nature Reserve,2
WOODEND,MACEDON RANGES,24130,Loddon Campaspe,recreation,park,Park,8
WOODEND,MACEDON RANGES,24130,Loddon Campaspe,recreation,playground,Playground,2
WOODEND,MACEDON RANGES,24130,Loddon Campaspe,shopping,convenience_store,Convenience Store,2
WOODEND,MACEDON RANGES,24130,Loddon Campaspe,shopping,supermarket,Supermarket,3
WOODFIELD,MANSFIELD,24250,Ovens Murray,public_transport,bus_stop,Bus Stop,2
WOODFIELD,MANSFIELD,24250,Ovens Murray,public_transport,platform,Public Transport Platform,1
WOODFORD,WARRNAMBOOL,26730,Great South Coast,education,school,School,2
WOODFORD,WARRNAMBOOL,26730,Great South Coast,recreation,park,Park,6
WOODGLEN,EAST GIPPSLAND,22110,Gippsland,education,school,School,2
WOODLEIGH,BASS COAST,20740,Gippsland,recreation,nature_reserve,Nature Reserve,1
WOODS POINT,MANSFIELD,24250,Ovens Murray,public_transport,bus_stop,Bus Stop,1
WOODS POINT,MANSFIELD,24250,Ovens Murray,shopping,convenience_store,Convenience Store,1
WOODSIDE,WELLINGTON,26810,Gippsland,education,school,School,2
WOODSIDE,WELLINGTON,26810,Gippsland,recreation,nature_reserve,Nature Reserve,8
WOODSIDE BEACH,WELLINGTON,26810,Gippsland,recreation,nature_reserve,Nature Reserve,2
WOODSIDE BEACH,WELLINGTON,26810,Gippsland,recreation,playground,Playground,1
WOODSIDE NORTH,WELLINGTON,26810,Gippsland,recreation,nature_reserve,Nature Reserve,3
WOODSTOCK WEST,LODDON,23940,Loddon Campaspe,recreation,nature_reserve,Nature Reserve,4
WOODSTOCK WEST,LODDON,23940,Loddon Campaspe,recreation,sports_centre,Sports Centre,2
WOODVALE,GREATER BENDIGO,22620,Loddon Campaspe,community,community_centre,Community Centre,2
WOODVALE,GREATER BENDIGO,22620,Loddon Campaspe,public_transport,platform,Public Transport Platform,2
WOODVALE,GREATER BENDIGO,22620,Loddon Campaspe,recreation,nature_reserve,Nature Reserve,3
WOOLAMAI,BASS COAST,20740,Gippsland,recreation,sports_centre,Sports Centre,2
WOOLSTHORPE,MOYNE,25490,Great South Coast,community,town_hall,Town Hall,1
WOOLSTHORPE,MOYNE,25490,Great South Coast,education,school,School,2
WOOLSTHORPE,MOYNE,25490,Great South Coast,recreation,nature_reserve,Nature Reserve,2
WOOLSTHORPE,MOYNE,25490,Great South Coast,recreation,park,Park,2
WOOLSTHORPE,MOYNE,25490,Great South Coast,shopping,convenience_store,Convenience Store,1
WOOMELANG,YARRIAMBIACK,27630,Wimmera Southern Mallee,community,community_centre,Community Centre,2
WOOMELANG,YARRIAMBIACK,27630,Wimmera Southern Mallee,healthcare,hospital,Hospital,2
WOOMELANG,YARRIAMBIACK,27630,Wimmera Southern Mallee,public_transport,bus_stop,Bus Stop,3
WOOMELANG,YARRIAMBIACK,27630,Wimmera Southern Mallee,public_transport,stop_position,Public Transport Stop Position,2
WOOMELANG,YARRIAMBIACK,27630,Wimmera Southern Mallee,recreation,nature_reserve,Nature Reserve,5
WOOMELANG,YARRIAMBIACK,27630,Wimmera Southern Mallee,recreation,park,Park,2
WOOMELANG,YARRIAMBIACK,27630,Wimmera Southern Mallee,recreation,sports_centre,Sports Centre,6
WOOMELANG,YARRIAMBIACK,27630,Wimmera Southern Mallee,shopping,convenience_store,Convenience Store,1
WOORAGEE,INDIGO,23350,Ovens Murray,community,town_hall,Town Hall,1
WOORAGEE,INDIGO,23350,Ovens Murray,education,school,School,2
WOORAGEE,INDIGO,23350,Ovens Murray,public_transport,bus_stop,Bus Stop,1
WOORAGEE,INDIGO,23350,Ovens Murray,recreation,nature_reserve,Nature Reserve,4
WOORINEN,SWAN HILL,26610,Mallee,recreation,park,Park,2
WOORINEN SOUTH,SWAN HILL,26610,Mallee,education,school,School,2
WOORINEN SOUTH,SWAN HILL,26610,Mallee,public_transport,bus_stop,Bus Stop,1
WOORINEN SOUTH,SWAN HILL,26610,Mallee,recreation,nature_reserve,Nature Reserve,2
WOORNDOO,MOYNE,25490,Great South Coast,recreation,nature_reserve,Nature Reserve,2
WOORNDOO,MOYNE,25490,Great South Coast,recreation,park,Park,1
WOOROONOOK,BULOKE,21270,Mallee,recreation,nature_reserve,Nature Reserve,3
WOOSANG,LODDON,23940,Loddon Campaspe,recreation,nature_reserve,Nature Reserve,2
WOOTONG VALE,SOUTHERN GRAMPIANS,26260,Great South Coast,recreation,nature_reserve,Nature Reserve,2
WRATHUNG,WELLINGTON,26810,Gippsland,recreation,nature_reserve,Nature Reserve,1
WROXHAM,EAST GIPPSLAND,22110,Gippsland,recreation,nature_reserve,Nature Reserve,1
WULGULMERANG,EAST GIPPSLAND,22110,Gippsland,recreation,nature_reserve,Nature Reserve,4
WULGULMERANG EAST,EAST GIPPSLAND,22110,Gippsland,community,community_centre,Community Centre,2
WULGULMERANG EAST,EAST GIPPSLAND,22110,Gippsland,recreation,playground,Playground,2
WULGULMERANG WEST,EAST GIPPSLAND,22110,Gippsland,recreation,nature_reserve,Nature Reserve,6
WUNGHNU,MOIRA,24900,Goulburn,education,school,School,2
WUNGHNU,MOIRA,24900,Goulburn,recreation,nature_reserve,Nature Reserve,1
WUNGHNU,MOIRA,24900,Goulburn,recreation,park,Park,4
WUNGHNU,MOIRA,24900,Goulburn,shopping,convenience_store,Convenience Store,3
WURRUK,WELLINGTON,26810,Gippsland,education,school,School,2
WURRUK,WELLINGTON,26810,Gippsland,public_transport,bus_stop,Bus Stop,8
WURRUK,WELLINGTON,26810,Gippsland,public_transport,stop_position,Public Transport Stop Position,1
WURRUK,WELLINGTON,26810,Gippsland,recreation,playground,Playground,1
WY YUNG,EAST GIPPSLAND,22110,Gippsland,education,school,School,2
WY YUNG,EAST GIPPSLAND,22110,Gippsland,public_transport,bus_stop,Bus Stop,5
WY YUNG,EAST GIPPSLAND,22110,Gippsland,recreation,nature_reserve,Nature Reserve,2
WY YUNG,EAST GIPPSLAND,22110,Gippsland,recreation,park,Park,3
WY YUNG,EAST GIPPSLAND,22110,Gippsland,recreation,playground,Playground,1
WYCHEPROOF,BULOKE,21270,Mallee,community,community_centre,Community Centre,1
WYCHEPROOF,BULOKE,21270,Mallee,education,school,School,2
WYCHEPROOF,BULOKE,21270,Mallee,healthcare,hospital,Hospital,2
WYCHEPROOF,BULOKE,21270,Mallee,healthcare,pharmacy,Pharmacy,1
WYCHEPROOF,BULOKE,21270,Mallee,public_transport,bus_stop,Bus Stop,2
WYCHEPROOF,BULOKE,21270,Mallee,public_transport,platform,Public Transport Platform,2
WYCHEPROOF,BULOKE,21270,Mallee,public_transport,stop_position,Public Transport Stop Position,1
WYCHEPROOF,BULOKE,21270,Mallee,recreation,garden,Garden,8
WYCHEPROOF,BULOKE,21270,Mallee,recreation,nature_reserve,Nature Reserve,6
WYCHEPROOF,BULOKE,21270,Mallee,recreation,park,Park,4
WYCHEPROOF,BULOKE,21270,Mallee,recreation,playground,Playground,2
WYCHEPROOF,BULOKE,21270,Mallee,shopping,supermarket,Supermarket,1
WYCHITELLA,LODDON,23940,Loddon Campaspe,recreation,nature_reserve,Nature Reserve,3
WYCHITELLA NORTH,LODDON,23940,Loddon Campaspe,recreation,nature_reserve,Nature Reserve,2
WYE RIVER,COLAC OTWAY,21750,Barwon,public_transport,bus_stop,Bus Stop,2
WYE RIVER,COLAC OTWAY,21750,Barwon,recreation,nature_reserve,Nature Reserve,2
WYE RIVER,COLAC OTWAY,21750,Barwon,shopping,convenience_store,Convenience Store,1
WYUNA,CAMPASPE,21370,Loddon Campaspe,recreation,nature_reserve,Nature Reserve,1
YAAPEET,YARRIAMBIACK,27630,Wimmera Southern Mallee,community,community_centre,Community Centre,2
YAAPEET,YARRIAMBIACK,27630,Wimmera Southern Mallee,education,school,School,2
YAAPEET,YARRIAMBIACK,27630,Wimmera Southern Mallee,public_transport,bus_stop,Bus Stop,1
YAAPEET,YARRIAMBIACK,27630,Wimmera Southern Mallee,recreation,nature_reserve,Nature Reserve,2
YAAPEET,YARRIAMBIACK,27630,Wimmera Southern Mallee,recreation,park,Park,2
YAAPEET,YARRIAMBIACK,27630,Wimmera Southern Mallee,recreation,playground,Playground,1
YABBA NORTH,MOIRA,24900,Goulburn,recreation,nature_reserve,Nature Reserve,9
YABBA SOUTH,MOIRA,24900,Goulburn,recreation,nature_reserve,Nature Reserve,1
YACKANDANDAH,INDIGO,23350,Ovens Murray,community,community_centre,Community Centre,2
YACKANDANDAH,INDIGO,23350,Ovens Murray,community,town_hall,Town Hall,2
YACKANDANDAH,INDIGO,23350,Ovens Murray,education,kindergarten,Kindergarten,2
YACKANDANDAH,INDIGO,23350,Ovens Murray,education,school,School,2
YACKANDANDAH,INDIGO,23350,Ovens Murray,public_transport,bus_stop,Bus Stop,3
YACKANDANDAH,INDIGO,23350,Ovens Murray,public_transport,stop_position,Public Transport Stop Position,1
YACKANDANDAH,INDIGO,23350,Ovens Murray,recreation,nature_reserve,Nature Reserve,1
YACKANDANDAH,INDIGO,23350,Ovens Murray,recreation,park,Park,5
YACKANDANDAH,INDIGO,23350,Ovens Murray,recreation,playground,Playground,1
YACKANDANDAH,INDIGO,23350,Ovens Murray,recreation,sports_centre,Sports Centre,8
YACKANDANDAH,INDIGO,23350,Ovens Murray,shopping,supermarket,Supermarket,1
YALCA,MOIRA,24900,Goulburn,community,community_centre,Community Centre,1
YALCA,MOIRA,24900,Goulburn,recreation,nature_reserve,Nature Reserve,4
YALLOURN,LATROBE,23810,Gippsland,recreation,park,Park,4
YALLOURN,LATROBE,23810,Gippsland,recreation,playground,Playground,2
YALLOURN,LATROBE,23810,Gippsland,recreation,sports_centre,Sports Centre,4
YALLOURN NORTH,BAW BAW,20830,Gippsland,recreation,nature_reserve,Nature Reserve,2
YALLOURN NORTH,LATROBE,23810,Gippsland,education,school,School,2
YALLOURN NORTH,LATROBE,23810,Gippsland,public_transport,bus_stop,Bus Stop,14
YALLOURN NORTH,LATROBE,23810,Gippsland,recreation,nature_reserve,Nature Reserve,7
YALLOURN NORTH,LATROBE,23810,Gippsland,recreation,park,Park,5
YALLOURN NORTH,LATROBE,23810,Gippsland,shopping,supermarket,Supermarket,2
YALMY,EAST GIPPSLAND,22110,Gippsland,recreation,nature_reserve,Nature Reserve,6
YAMBUK,MOYNE,25490,Great South Coast,recreation,nature_reserve,Nature Reserve,6
YAMBUK,MOYNE,25490,Great South Coast,recreation,park,Park,2
YANAC,HINDMARSH,22980,Wimmera Southern Mallee,community,community_centre,Community Centre,1
YANAC,HINDMARSH,22980,Wimmera Southern Mallee,recreation,nature_reserve,Nature Reserve,9
YANAC,HINDMARSH,22980,Wimmera Southern Mallee,recreation,park,Park,2
YANAKIE,SOUTH GIPPSLAND,26170,Gippsland,recreation,nature_reserve,Nature Reserve,2
YANAKIE,SOUTH GIPPSLAND,26170,Gippsland,recreation,playground,Playground,3
YANAKIE,SOUTH GIPPSLAND,26170,Gippsland,shopping,supermarket,Supermarket,1
YANDO,LODDON,23940,Loddon Campaspe,recreation,nature_reserve,Nature Reserve,2
YANDOIT,HEPBURN,22910,Central Highlands,education,school,School,2
YANDOIT,HEPBURN,22910,Central Highlands,recreation,nature_reserve,Nature Reserve,3
YANDOIT,HEPBURN,22910,Central Highlands,recreation,park,Park,2
YANGOURA,WELLINGTON,26810,Gippsland,recreation,nature_reserve,Nature Reserve,3
YAPEEN,MOUNT ALEXANDER,25430,Loddon Campaspe,education,school,School,2
YAPEEN,MOUNT ALEXANDER,25430,Loddon Campaspe,recreation,nature_reserve,Nature Reserve,1
YAPEEN,MOUNT ALEXANDER,25430,Loddon Campaspe,recreation,sports_centre,Sports Centre,2
YARCK,MURRINDINDI,25620,Goulburn,public_transport,bus_stop,Bus Stop,2
YARCK,MURRINDINDI,25620,Goulburn,recreation,nature_reserve,Nature Reserve,4
YARCK,MURRINDINDI,25620,Goulburn,recreation,park,Park,2
YARCK,MURRINDINDI,25620,Goulburn,recreation,playground,Playground,1
YARCK,MURRINDINDI,25620,Goulburn,shopping,convenience_store,Convenience Store,1
YARRAGON,BAW BAW,20830,Gippsland,community,town_hall,Town Hall,1
YARRAGON,BAW BAW,20830,Gippsland,education,school,School,2
YARRAGON,BAW BAW,20830,Gippsland,public_transport,platform,Public Transport Platform,2
YARRAGON,BAW BAW,20830,Gippsland,public_transport,railway_station,Railway Station,1
YARRAGON,BAW BAW,20830,Gippsland,public_transport,stop_position,Public Transport Stop Position,2
YARRAGON,BAW BAW,20830,Gippsland,recreation,park,Park,6
YARRAGON,BAW BAW,20830,Gippsland,recreation,playground,Playground,3
YARRAGON,BAW BAW,20830,Gippsland,shopping,supermarket,Supermarket,1
YARRAGON SOUTH,BAW BAW,20830,Gippsland,recreation,nature_reserve,Nature Reserve,1
YARRAM,WELLINGTON,26810,Gippsland,community,library,Library,1
YARRAM,WELLINGTON,26810,Gippsland,education,school,School,6
YARRAM,WELLINGTON,26810,Gippsland,healthcare,hospital,Hospital,2
YARRAM,WELLINGTON,26810,Gippsland,public_transport,bus_stop,Bus Stop,1
YARRAM,WELLINGTON,26810,Gippsland,public_transport,stop_position,Public Transport Stop Position,1
YARRAM,WELLINGTON,26810,Gippsland,recreation,garden,Garden,2
YARRAM,WELLINGTON,26810,Gippsland,recreation,nature_reserve,Nature Reserve,6
YARRAM,WELLINGTON,26810,Gippsland,recreation,park,Park,6
YARRAM,WELLINGTON,26810,Gippsland,recreation,playground,Playground,1
YARRAM,WELLINGTON,26810,Gippsland,recreation,sports_centre,Sports Centre,6
YARRAM,WELLINGTON,26810,Gippsland,shopping,convenience_store,Convenience Store,1
YARRAM,WELLINGTON,26810,Gippsland,shopping,supermarket,Supermarket,1
YARRAWALLA,LODDON,23940,Loddon Campaspe,community,community_centre,Community Centre,1
YARRAWALLA,LODDON,23940,Loddon Campaspe,recreation,playground,Playground,1
YARRAWONGA,MOIRA,24900,Goulburn,community,library,Library,1
YARRAWONGA,MOIRA,24900,Goulburn,community,social_facility,Social Facility,1
YARRAWONGA,MOIRA,24900,Goulburn,community,town_hall,Town Hall,2
YARRAWONGA,MOIRA,24900,Goulburn,education,kindergarten,Kindergarten,1
YARRAWONGA,MOIRA,24900,Goulburn,education,school,School,7
YARRAWONGA,MOIRA,24900,Goulburn,healthcare,clinic,Clinic,1
YARRAWONGA,MOIRA,24900,Goulburn,healthcare,dentist,Dentist,1
YARRAWONGA,MOIRA,24900,Goulburn,healthcare,hospital,Hospital,2
YARRAWONGA,MOIRA,24900,Goulburn,healthcare,pharmacy,Pharmacy,1
YARRAWONGA,MOIRA,24900,Goulburn,public_transport,bus_stop,Bus Stop,1
YARRAWONGA,MOIRA,24900,Goulburn,recreation,nature_reserve,Nature Reserve,3
YARRAWONGA,MOIRA,24900,Goulburn,recreation,park,Park,44
YARRAWONGA,MOIRA,24900,Goulburn,recreation,playground,Playground,4
YARRAWONGA,MOIRA,24900,Goulburn,recreation,sports_centre,Sports Centre,2
YARRAWONGA,MOIRA,24900,Goulburn,shopping,convenience_store,Convenience Store,3
YARRAWONGA,MOIRA,24900,Goulburn,shopping,supermarket,Supermarket,4
YARROWEYAH,MOIRA,24900,Goulburn,community,community_centre,Community Centre,1
YATCHAW,SOUTHERN GRAMPIANS,26260,Great South Coast,recreation,nature_reserve,Nature Reserve,2
YAWONG HILLS,BULOKE,21270,Mallee,recreation,nature_reserve,Nature Reserve,4
YEA,MURRINDINDI,25620,Goulburn,community,community_centre,Community Centre,6
YEA,MURRINDINDI,25620,Goulburn,community,library,Library,2
YEA,MURRINDINDI,25620,Goulburn,community,town_hall,Town Hall,2
YEA,MURRINDINDI,25620,Goulburn,education,kindergarten,Kindergarten,2
YEA,MURRINDINDI,25620,Goulburn,education,school,School,6
YEA,MURRINDINDI,25620,Goulburn,healthcare,hospital,Hospital,2
YEA,MURRINDINDI,25620,Goulburn,healthcare,pharmacy,Pharmacy,2
YEA,MURRINDINDI,25620,Goulburn,public_transport,bus_stop,Bus Stop,1
YEA,MURRINDINDI,25620,Goulburn,recreation,garden,Garden,6
YEA,MURRINDINDI,25620,Goulburn,recreation,nature_reserve,Nature Reserve,12
YEA,MURRINDINDI,25620,Goulburn,recreation,park,Park,22
YEA,MURRINDINDI,25620,Goulburn,recreation,sports_centre,Sports Centre,2
YEA,MURRINDINDI,25620,Goulburn,shopping,convenience_store,Convenience Store,2
YEA,MURRINDINDI,25620,Goulburn,shopping,supermarket,Supermarket,2
YENDON,MOORABOOL,25150,Central Highlands,recreation,sports_centre,Sports Centre,2
YEODENE,COLAC OTWAY,21750,Barwon,recreation,sports_centre,Sports Centre,2
YEUNGROON,BULOKE,21270,Mallee,recreation,nature_reserve,Nature Reserve,4
YIELIMA,MOIRA,24900,Goulburn,recreation,nature_reserve,Nature Reserve,2
YINNAR,LATROBE,23810,Gippsland,education,school,School,2
YINNAR,LATROBE,23810,Gippsland,healthcare,pharmacy,Pharmacy,1
YINNAR,LATROBE,23810,Gippsland,public_transport,bus_stop,Bus Stop,5
YINNAR,LATROBE,23810,Gippsland,recreation,garden,Garden,2
YINNAR,LATROBE,23810,Gippsland,recreation,nature_reserve,Nature Reserve,2
YINNAR,LATROBE,23810,Gippsland,recreation,park,Park,12
YINNAR,LATROBE,23810,Gippsland,recreation,playground,Playground,4
YINNAR SOUTH,LATROBE,23810,Gippsland,education,school,School,2
YINNAR SOUTH,LATROBE,23810,Gippsland,recreation,nature_reserve,Nature Reserve,2
YOUANMITE,MOIRA,24900,Goulburn,community,town_hall,Town Hall,1
YOUANMITE,MOIRA,24900,Goulburn,recreation,nature_reserve,Nature Reserve,6
YUNDOOL,MOIRA,24900,Goulburn,recreation,nature_reserve,Nature Reserve,1
ZEERUST,GREATER SHEPPARTON,22830,Goulburn,education,school,School,2
