subsidy_id,is_synthetic,subsidy_name,subsidy_category,locality,lga_name,abs_lga_code,vicmap_lga_code,regional_group,area_type,anchor_osm_id,anchor_poi_name,anchor_poi_category,anchor_poi_subcategory,anchor_latitude,anchor_longitude,anchor_role,geographic_scope,applicant_type,occupation_restriction,benefit_type,max_amount_aud,payment_frequency,income_limit_aud_annual,income_assessment_unit,age_subject,age_min,age_max,new_resident_required,apply_within_days_of_move,minimum_move_distance_km,eligibility_summary,required_evidence,mock_application_open_date,mock_application_close_date,mock_status,mock_provider,official_source_url,application_url,source_type,generated_on,record_notice
MOCK-SUB-0001,true,[MOCK] Daylesford Community Participation Voucher,community,DAYLESFORD,HEPBURN,22910,329,Central Highlands,rural_council,n4009188096,Mount Franklin-St. George Lodge,community,community_centre,-37.3407045,144.1423826,context_only_not_provider,mock_locality,individual,none,voucher,200,one_off,,individual,applicant,18,,false,,,FICTIONAL TEST RULES: reside in DAYLESFORD (HEPBURN LGA). No income limit in this mock scenario. Local resident joining a community class or activity; registration confirmation required. Applicant aged at least 18.,Proof of identity and locality residence; Local resident joining a community class or activity; registration confirmation required.,2026-05-25,2026-11-23,mock_open,SERINEA Demo Support Office (fictional),,,synthetic_from_poi_context,2026-09-08,"Fictional subsidy for testing only. Real POI is a geographic anchor, not a participating provider. Not open government subsidy data."
MOCK-SUB-0002,true,[MOCK] Lucas Moving Expense Support,relocation,LUCAS,BALLARAT,20570,302,Central Highlands,regional_city,w1451257338,Lucas Lifestyle Estate,community,social_facility,-37.5484089,143.7842316,context_only_not_provider,mock_locality,household,none,reimbursement,2450,one_off,90000,household,applicant,18,,true,90,50,FICTIONAL TEST RULES: reside in LUCAS (BALLARAT LGA). Annual gross household income at most AUD 90000. Move at least 50 km and establish primary residence; moving receipts required. Apply within 90 days of moving. Applicant aged at least 18.,Proof of identity and locality residence; income evidence; Move at least 50 km and establish primary residence; moving receipts required.,2026-07-05,2027-05-03,mock_open,SERINEA Demo Support Office (fictional),,,synthetic_from_poi_context,2026-09-08,"Fictional subsidy for testing only. Real POI is a geographic anchor, not a participating provider. Not open government subsidy data."
MOCK-SUB-0003,true,[MOCK] Nathalia School Essentials Support,school_support,NATHALIA,MOIRA,24900,347,Goulburn,rural_council,w1104585685,OneSchool Global Nathalia Campus,education,school,-36.0599574,145.2016203,context_only_not_provider,mock_locality,household,none,voucher,200,one_off,75000,household,dependent_child,5,18,false,,,FICTIONAL TEST RULES: reside in NATHALIA (MOIRA LGA). Annual gross household income at most AUD 75000. Parent or guardian of student aged 5 to 18; enrolment and equipment quote required.,Proof of identity and locality residence; income evidence; Parent or guardian of student aged 5 to 18; enrolment and equipment quote required.,2026-06-15,2027-05-05,mock_open,SERINEA Demo Support Office (fictional),,,synthetic_from_poi_context,2026-09-08,"Fictional subsidy for testing only. Real POI is a geographic anchor, not a participating provider. Not open government subsidy data."
MOCK-SUB-0004,true,[MOCK] Eskdale Community Participation Voucher,community,ESKDALE,TOWONG,26670,367,Ovens Murray,rural_council,w701747827,Eskdale Community Hall,community,community_centre,-36.4642954,147.2525492,context_only_not_provider,mock_locality,individual,none,voucher,300,one_off,60000,individual,applicant,18,,false,,,FICTIONAL TEST RULES: reside in ESKDALE (TOWONG LGA). Annual gross individual income at most AUD 60000. Local resident joining a community class or activity; registration confirmation required. Applicant aged at least 18.,Proof of identity and locality residence; income evidence; Local resident joining a community class or activity; registration confirmation required.,2026-11-22,2027-05-07,mock_upcoming,SERINEA Demo Support Office (fictional),,,synthetic_from_poi_context,2026-09-08,"Fictional subsidy for testing only. Real POI is a geographic anchor, not a participating provider. Not open government subsidy data."
MOCK-SUB-0005,true,[MOCK] Kaniva Household Settling Support,housing_setup,KANIVA,WEST WIMMERA,26890,371,Wimmera Southern Mallee,rural_council,w1542868894,Kaniva Shire Hall,community,community_centre,-36.3787347,141.2414033,context_only_not_provider,mock_locality,household,none,reimbursement,2400,one_off,110000,household,applicant,18,,true,90,,FICTIONAL TEST RULES: reside in KANIVA (WEST WIMMERA LGA). Annual gross household income at most AUD 110000. New resident; tenancy at least 6 months; household essentials receipts required. Apply within 90 days of moving. Applicant aged at least 18.,Proof of identity and locality residence; income evidence; New resident; tenancy at least 6 months; household essentials receipts required.,2026-07-09,2026-12-26,mock_open,SERINEA Demo Support Office (fictional),,,synthetic_from_poi_context,2026-09-08,"Fictional subsidy for testing only. Real POI is a geographic anchor, not a participating provider. Not open government subsidy data."
MOCK-SUB-0006,true,[MOCK] Navarre Moving Expense Support,relocation,NAVARRE,NORTHERN GRAMPIANS,25810,357,Wimmera Southern Mallee,rural_council,w327343177,,community,community_centre,-36.9006189,143.1151421,context_only_not_provider,mock_locality,household,none,reimbursement,2150,one_off,90000,household,applicant,18,,true,90,50,FICTIONAL TEST RULES: reside in NAVARRE (NORTHERN GRAMPIANS LGA). Annual gross household income at most AUD 90000. Move at least 50 km and establish primary residence; moving receipts required. Apply within 90 days of moving. Applicant aged at least 18.,Proof of identity and locality residence; income evidence; Move at least 50 km and establish primary residence; moving receipts required.,2026-04-30,2027-01-02,mock_open,SERINEA Demo Support Office (fictional),,,synthetic_from_poi_context,2026-09-08,"Fictional subsidy for testing only. Real POI is a geographic anchor, not a participating provider. Not open government subsidy data."
MOCK-SUB-0007,true,[MOCK] Kennington Community Participation Voucher,community,KENNINGTON,GREATER BENDIGO,22620,325,Loddon Campaspe,regional_city,w1216492494,,community,community_centre,-36.7735612,144.3079665,context_only_not_provider,mock_locality,individual,none,voucher,300,one_off,75000,individual,applicant,18,,false,,,FICTIONAL TEST RULES: reside in KENNINGTON (GREATER BENDIGO LGA). Annual gross individual income at most AUD 75000. Local resident joining a community class or activity; registration confirmation required. Applicant aged at least 18.,Proof of identity and locality residence; income evidence; Local resident joining a community class or activity; registration confirmation required.,2026-05-23,2027-04-07,mock_open,SERINEA Demo Support Office (fictional),,,synthetic_from_poi_context,2026-09-08,"Fictional subsidy for testing only. Real POI is a geographic anchor, not a participating provider. Not open government subsidy data."
MOCK-SUB-0008,true,[MOCK] Newstead Early Years Participation Voucher,childcare,NEWSTEAD,MOUNT ALEXANDER,25430,353,Loddon Campaspe,rural_council,w31298142,Newstead Pre-school,education,kindergarten,-37.1061547,144.0599898,context_only_not_provider,mock_locality,household,none,voucher,850,one_off,90000,household,dependent_child,0,5,false,,,FICTIONAL TEST RULES: reside in NEWSTEAD (MOUNT ALEXANDER LGA). Annual gross household income at most AUD 90000. Parent or guardian of child aged 0 to 5; enrolment confirmation required.,Proof of identity and locality residence; income evidence; Parent or guardian of child aged 0 to 5; enrolment confirmation required.,2026-09-27,2027-02-13,mock_upcoming,SERINEA Demo Support Office (fictional),,,synthetic_from_poi_context,2026-09-08,"Fictional subsidy for testing only. Real POI is a geographic anchor, not a participating provider. Not open government subsidy data."
MOCK-SUB-0009,true,[MOCK] Beveridge Local Travel Voucher,transport,BEVERIDGE,MITCHELL,24850,346,Goulburn,rural_council,n10690797477,Golf Links Drive/Mandalay Circuit,public_transport,bus_stop,-37.4754515,144.9396925,context_only_not_provider,mock_locality,individual,none,voucher,650,one_off,45000,individual,applicant,18,,false,,,"FICTIONAL TEST RULES: reside in BEVERIDGE (MITCHELL LGA). Annual gross individual income at most AUD 45000. Local resident requiring travel support; proposed study, work or medical journey required. Applicant aged at least 18.","Proof of identity and locality residence; income evidence; Local resident requiring travel support; proposed study, work or medical journey required.",2026-10-20,2027-01-08,mock_upcoming,SERINEA Demo Support Office (fictional),,,synthetic_from_poi_context,2026-09-08,"Fictional subsidy for testing only. Real POI is a geographic anchor, not a participating provider. Not open government subsidy data."
MOCK-SUB-0010,true,[MOCK] Euroa Local Travel Voucher,transport,EUROA,STRATHBOGIE,26430,364,Goulburn,rural_council,n13918577526,Pranjip Rd/Euroa-Shepparton Rd,public_transport,bus_stop,-36.7149608,145.5320866,context_only_not_provider,mock_locality,individual,none,voucher,450,one_off,60000,individual,applicant,18,,false,,,"FICTIONAL TEST RULES: reside in EUROA (STRATHBOGIE LGA). Annual gross individual income at most AUD 60000. Local resident requiring travel support; proposed study, work or medical journey required. Applicant aged at least 18.","Proof of identity and locality residence; income evidence; Local resident requiring travel support; proposed study, work or medical journey required.",2026-08-04,2027-01-24,mock_open,SERINEA Demo Support Office (fictional),,,synthetic_from_poi_context,2026-09-08,"Fictional subsidy for testing only. Real POI is a geographic anchor, not a participating provider. Not open government subsidy data."
MOCK-SUB-0011,true,[MOCK] Robinvale Independent Living Support,accessibility,ROBINVALE,SWAN HILL,26610,366,Mallee,rural_council,w238150175,Robinvale District Health Services,healthcare,hospital,-34.5843621,142.7815026,context_only_not_provider,mock_locality,individual,none,grant,3150,one_off,75000,individual,applicant,18,,false,,,FICTIONAL TEST RULES: reside in ROBINVALE (SWAN HILL LGA). Annual gross individual income at most AUD 75000. Disability or mobility support need; support assessment and equipment quote required. Applicant aged at least 18.,Proof of identity and locality residence; income evidence; Disability or mobility support need; support assessment and equipment quote required.,2026-06-20,2026-11-30,mock_open,SERINEA Demo Support Office (fictional),,,synthetic_from_poi_context,2026-09-08,"Fictional subsidy for testing only. Real POI is a geographic anchor, not a participating provider. Not open government subsidy data."
MOCK-SUB-0012,true,[MOCK] Murtoa Health Access Reimbursement,healthcare,MURTOA,YARRIAMBIACK,27630,378,Wimmera Southern Mallee,rural_council,w222413475,Murtoa Community Health Centre,healthcare,hospital,-36.6198007,142.4707724,context_only_not_provider,mock_locality,individual,none,reimbursement,250,one_off,60000,individual,applicant,18,,false,,,"FICTIONAL TEST RULES: reside in MURTOA (YARRIAMBIACK LGA). Annual gross individual income at most AUD 60000. Eligible consultation, prescription or dental expense; receipt required. Applicant aged at least 18.","Proof of identity and locality residence; income evidence; Eligible consultation, prescription or dental expense; receipt required.",2026-09-26,2027-02-12,mock_upcoming,SERINEA Demo Support Office (fictional),,,synthetic_from_poi_context,2026-09-08,"Fictional subsidy for testing only. Real POI is a geographic anchor, not a participating provider. Not open government subsidy data."
MOCK-SUB-0013,true,[MOCK] Yarrawonga Moving Expense Support,relocation,YARRAWONGA,MOIRA,24900,347,Goulburn,rural_council,w224086172,Shire Hall,community,town_hall,-36.0128179,146.0049662,context_only_not_provider,mock_locality,household,none,reimbursement,2850,one_off,90000,household,applicant,18,,true,90,50,FICTIONAL TEST RULES: reside in YARRAWONGA (MOIRA LGA). Annual gross household income at most AUD 90000. Move at least 50 km and establish primary residence; moving receipts required. Apply within 90 days of moving. Applicant aged at least 18.,Proof of identity and locality residence; income evidence; Move at least 50 km and establish primary residence; moving receipts required.,2026-05-04,2026-11-11,mock_open,SERINEA Demo Support Office (fictional),,,synthetic_from_poi_context,2026-09-08,"Fictional subsidy for testing only. Real POI is a geographic anchor, not a participating provider. Not open government subsidy data."
MOCK-SUB-0014,true,[MOCK] Mount Buller Sport Participation Voucher,sport,MOUNT BULLER,MOUNT BULLER ALPINE RESORT (UNINC),29399,384,Goulburn,alpine_resort,n11524374512,RockWire,recreation,sports_centre,-37.1442081,146.4229464,context_only_not_provider,mock_locality,individual,none,voucher,300,one_off,75000,individual,applicant,5,25,false,,,FICTIONAL TEST RULES: reside in MOUNT BULLER (MOUNT BULLER ALPINE RESORT (UNINC) LGA). Annual gross individual income at most AUD 75000. Local resident aged 5 to 25; sports enrolment or equipment quote required.,Proof of identity and locality residence; income evidence; Local resident aged 5 to 25; sports enrolment or equipment quote required.,2026-04-29,2027-01-04,mock_open,SERINEA Demo Support Office (fictional),,,synthetic_from_poi_context,2026-09-08,"Fictional subsidy for testing only. Real POI is a geographic anchor, not a participating provider. Not open government subsidy data."
MOCK-SUB-0015,true,[MOCK] Wodonga Early Years Participation Voucher,childcare,WODONGA,WODONGA,27170,374,Ovens Murray,regional_city,w1040950057,,education,childcare,-36.129046,146.8880757,context_only_not_provider,mock_locality,household,none,voucher,1000,one_off,90000,household,dependent_child,0,5,false,,,FICTIONAL TEST RULES: reside in WODONGA (WODONGA LGA). Annual gross household income at most AUD 90000. Parent or guardian of child aged 0 to 5; enrolment confirmation required.,Proof of identity and locality residence; income evidence; Parent or guardian of child aged 0 to 5; enrolment confirmation required.,2026-07-01,2027-02-04,mock_open,SERINEA Demo Support Office (fictional),,,synthetic_from_poi_context,2026-09-08,"Fictional subsidy for testing only. Real POI is a geographic anchor, not a participating provider. Not open government subsidy data."
MOCK-SUB-0016,true,[MOCK] Lara Independent Living Support,accessibility,LARA,GREATER GEELONG,22750,327,Barwon,regional_city,w1378473453,Lara and District Men's Shed,community,community_centre,-38.0181495,144.4098338,context_only_not_provider,mock_locality,individual,none,grant,3750,one_off,75000,individual,applicant,18,,false,,,FICTIONAL TEST RULES: reside in LARA (GREATER GEELONG LGA). Annual gross individual income at most AUD 75000. Disability or mobility support need; support assessment and equipment quote required. Applicant aged at least 18.,Proof of identity and locality residence; income evidence; Disability or mobility support need; support assessment and equipment quote required.,2026-11-29,2027-05-22,mock_upcoming,SERINEA Demo Support Office (fictional),,,synthetic_from_poi_context,2026-09-08,"Fictional subsidy for testing only. Real POI is a geographic anchor, not a participating provider. Not open government subsidy data."
MOCK-SUB-0017,true,[MOCK] Fairhaven Local Travel Voucher,transport,FAIRHAVEN,SURF COAST,26490,365,Barwon,rural_council,n4159707159,Yarringa Rd/Great Ocean Rd,public_transport,bus_stop,-38.4679435,144.0856619,context_only_not_provider,mock_locality,individual,none,voucher,500,one_off,75000,individual,applicant,18,,false,,,"FICTIONAL TEST RULES: reside in FAIRHAVEN (SURF COAST LGA). Annual gross individual income at most AUD 75000. Local resident requiring travel support; proposed study, work or medical journey required. Applicant aged at least 18.","Proof of identity and locality residence; income evidence; Local resident requiring travel support; proposed study, work or medical journey required.",2026-08-11,2026-10-09,mock_open,SERINEA Demo Support Office (fictional),,,synthetic_from_poi_context,2026-09-08,"Fictional subsidy for testing only. Real POI is a geographic anchor, not a participating provider. Not open government subsidy data."
MOCK-SUB-0018,true,[MOCK] Ocean Grove Moving Expense Support,relocation,OCEAN GROVE,GREATER GEELONG,22750,327,Barwon,regional_city,w266349738,Ocean Grove Library,community,library,-38.2663053,144.5220807,context_only_not_provider,mock_locality,household,none,reimbursement,1050,one_off,75000,household,applicant,18,,true,90,50,FICTIONAL TEST RULES: reside in OCEAN GROVE (GREATER GEELONG LGA). Annual gross household income at most AUD 75000. Move at least 50 km and establish primary residence; moving receipts required. Apply within 90 days of moving. Applicant aged at least 18.,Proof of identity and locality residence; income evidence; Move at least 50 km and establish primary residence; moving receipts required.,2026-03-23,2026-08-04,mock_closed,SERINEA Demo Support Office (fictional),,,synthetic_from_poi_context,2026-09-08,"Fictional subsidy for testing only. Real POI is a geographic anchor, not a participating provider. Not open government subsidy data."
MOCK-SUB-0019,true,[MOCK] Red Cliffs Household Settling Support,housing_setup,RED CLIFFS,MILDURA,24780,345,Mallee,regional_city,w1046372727,Jacaranda Village,community,social_facility,-34.3153511,142.1892699,context_only_not_provider,mock_locality,household,none,reimbursement,1200,one_off,75000,household,applicant,18,,true,90,,FICTIONAL TEST RULES: reside in RED CLIFFS (MILDURA LGA). Annual gross household income at most AUD 75000. New resident; tenancy at least 6 months; household essentials receipts required. Apply within 90 days of moving. Applicant aged at least 18.,Proof of identity and locality residence; income evidence; New resident; tenancy at least 6 months; household essentials receipts required.,2026-07-09,2026-10-30,mock_open,SERINEA Demo Support Office (fictional),,,synthetic_from_poi_context,2026-09-08,"Fictional subsidy for testing only. Real POI is a geographic anchor, not a participating provider. Not open government subsidy data."
MOCK-SUB-0020,true,[MOCK] Torquay Household Settling Support,housing_setup,TORQUAY,SURF COAST,26490,365,Barwon,rural_council,w71201303,The Salvation Army Torquay Corps,community,social_facility,-38.3326084,144.318922,context_only_not_provider,mock_locality,household,none,reimbursement,1050,one_off,110000,household,applicant,18,,true,90,,FICTIONAL TEST RULES: reside in TORQUAY (SURF COAST LGA). Annual gross household income at most AUD 110000. New resident; tenancy at least 6 months; household essentials receipts required. Apply within 90 days of moving. Applicant aged at least 18.,Proof of identity and locality residence; income evidence; New resident; tenancy at least 6 months; household essentials receipts required.,2026-11-27,2027-04-25,mock_upcoming,SERINEA Demo Support Office (fictional),,,synthetic_from_poi_context,2026-09-08,"Fictional subsidy for testing only. Real POI is a geographic anchor, not a participating provider. Not open government subsidy data."
MOCK-SUB-0021,true,[MOCK] Queenscliff Moving Expense Support,relocation,QUEENSCLIFF,QUEENSCLIFFE,26080,360,Barwon,rural_council,n10713294111,Wirrng Wirrng,community,community_centre,-38.2676352,144.661426,context_only_not_provider,mock_locality,household,none,reimbursement,2300,one_off,110000,household,applicant,18,,true,90,50,FICTIONAL TEST RULES: reside in QUEENSCLIFF (QUEENSCLIFFE LGA). Annual gross household income at most AUD 110000. Move at least 50 km and establish primary residence; moving receipts required. Apply within 90 days of moving. Applicant aged at least 18.,Proof of identity and locality residence; income evidence; Move at least 50 km and establish primary residence; moving receipts required.,2026-10-08,2027-03-07,mock_upcoming,SERINEA Demo Support Office (fictional),,,synthetic_from_poi_context,2026-09-08,"Fictional subsidy for testing only. Real POI is a geographic anchor, not a participating provider. Not open government subsidy data."
MOCK-SUB-0022,true,[MOCK] Ararat Home Efficiency Rebate,energy,ARARAT,ARARAT,20260,301,Central Highlands,rural_council,n332197630,Ararat Gallery TAMA,community,town_hall,-37.2830939,142.9321971,context_only_not_provider,mock_locality,household,none,rebate,1100,one_off,75000,household,applicant,18,,false,,,FICTIONAL TEST RULES: reside in ARARAT (ARARAT LGA). Annual gross household income at most AUD 75000. Primary residence in locality; owner consent if renting and efficiency upgrade quote required. Applicant aged at least 18.,Proof of identity and locality residence; income evidence; Primary residence in locality; owner consent if renting and efficiency upgrade quote required.,2026-07-20,2027-04-30,mock_open,SERINEA Demo Support Office (fictional),,,synthetic_from_poi_context,2026-09-08,"Fictional subsidy for testing only. Real POI is a geographic anchor, not a participating provider. Not open government subsidy data."
MOCK-SUB-0023,true,[MOCK] Wangaratta Community Participation Voucher,community,WANGARATTA,WANGARATTA,26700,368,Ovens Murray,regional_city,w751754797,Wangaratta Library,community,library,-36.3550386,146.320055,context_only_not_provider,mock_locality,individual,none,voucher,250,one_off,60000,individual,applicant,18,,false,,,FICTIONAL TEST RULES: reside in WANGARATTA (WANGARATTA LGA). Annual gross individual income at most AUD 60000. Local resident joining a community class or activity; registration confirmation required. Applicant aged at least 18.,Proof of identity and locality residence; income evidence; Local resident joining a community class or activity; registration confirmation required.,2026-06-08,2027-04-30,mock_open,SERINEA Demo Support Office (fictional),,,synthetic_from_poi_context,2026-09-08,"Fictional subsidy for testing only. Real POI is a geographic anchor, not a participating provider. Not open government subsidy data."
MOCK-SUB-0024,true,[MOCK] Paynesville Home Efficiency Rebate,energy,PAYNESVILLE,EAST GIPPSLAND,22110,319,Gippsland,rural_council,w254312756,Paynesville Neighbourhood Centre,community,community_centre,-37.9195716,147.7232764,context_only_not_provider,mock_locality,household,none,rebate,700,one_off,90000,household,applicant,18,,false,,,FICTIONAL TEST RULES: reside in PAYNESVILLE (EAST GIPPSLAND LGA). Annual gross household income at most AUD 90000. Primary residence in locality; owner consent if renting and efficiency upgrade quote required. Applicant aged at least 18.,Proof of identity and locality residence; income evidence; Primary residence in locality; owner consent if renting and efficiency upgrade quote required.,2026-08-15,2027-03-05,mock_open,SERINEA Demo Support Office (fictional),,,synthetic_from_poi_context,2026-09-08,"Fictional subsidy for testing only. Real POI is a geographic anchor, not a participating provider. Not open government subsidy data."
MOCK-SUB-0025,true,[MOCK] Long Gully Local Travel Voucher,transport,LONG GULLY,GREATER BENDIGO,22620,325,Loddon Campaspe,regional_city,n10749956217,St Peters PS/Holmes Rd,public_transport,bus_stop,-36.7429864,144.2735168,context_only_not_provider,mock_locality,individual,none,voucher,550,one_off,45000,individual,applicant,18,,false,,,"FICTIONAL TEST RULES: reside in LONG GULLY (GREATER BENDIGO LGA). Annual gross individual income at most AUD 45000. Local resident requiring travel support; proposed study, work or medical journey required. Applicant aged at least 18.","Proof of identity and locality residence; income evidence; Local resident requiring travel support; proposed study, work or medical journey required.",2026-04-15,2026-10-09,mock_open,SERINEA Demo Support Office (fictional),,,synthetic_from_poi_context,2026-09-08,"Fictional subsidy for testing only. Real POI is a geographic anchor, not a participating provider. Not open government subsidy data."
MOCK-SUB-0026,true,[MOCK] Rochester Sport Participation Voucher,sport,ROCHESTER,CAMPASPE,21370,310,Loddon Campaspe,rural_council,w54928391,Lions Park,recreation,park,-36.3598627,144.6976104,context_only_not_provider,mock_locality,individual,none,voucher,350,one_off,75000,individual,applicant,5,25,false,,,FICTIONAL TEST RULES: reside in ROCHESTER (CAMPASPE LGA). Annual gross individual income at most AUD 75000. Local resident aged 5 to 25; sports enrolment or equipment quote required.,Proof of identity and locality residence; income evidence; Local resident aged 5 to 25; sports enrolment or equipment quote required.,2026-05-15,2026-10-18,mock_open,SERINEA Demo Support Office (fictional),,,synthetic_from_poi_context,2026-09-08,"Fictional subsidy for testing only. Real POI is a geographic anchor, not a participating provider. Not open government subsidy data."
MOCK-SUB-0027,true,[MOCK] Wangaratta Household Settling Support,housing_setup,WANGARATTA,WANGARATTA,26700,368,Ovens Murray,regional_city,w616046234,,community,social_facility,-36.3756796,146.3044284,context_only_not_provider,mock_locality,household,none,reimbursement,2150,one_off,90000,household,applicant,18,,true,90,,FICTIONAL TEST RULES: reside in WANGARATTA (WANGARATTA LGA). Annual gross household income at most AUD 90000. New resident; tenancy at least 6 months; household essentials receipts required. Apply within 90 days of moving. Applicant aged at least 18.,Proof of identity and locality residence; income evidence; New resident; tenancy at least 6 months; household essentials receipts required.,2026-06-07,2027-02-16,mock_open,SERINEA Demo Support Office (fictional),,,synthetic_from_poi_context,2026-09-08,"Fictional subsidy for testing only. Real POI is a geographic anchor, not a participating provider. Not open government subsidy data."
MOCK-SUB-0028,true,[MOCK] Koroit Local Travel Voucher,transport,KOROIT,MOYNE,25490,354,Great South Coast,rural_council,n14081348433,Obriens Lane/Koroit-Port Fairy Rd,public_transport,bus_stop,-38.301862,142.3551964,context_only_not_provider,mock_locality,individual,none,voucher,250,one_off,75000,individual,applicant,18,,false,,,"FICTIONAL TEST RULES: reside in KOROIT (MOYNE LGA). Annual gross individual income at most AUD 75000. Local resident requiring travel support; proposed study, work or medical journey required. Applicant aged at least 18.","Proof of identity and locality residence; income evidence; Local resident requiring travel support; proposed study, work or medical journey required.",2026-05-18,2027-05-01,mock_open,SERINEA Demo Support Office (fictional),,,synthetic_from_poi_context,2026-09-08,"Fictional subsidy for testing only. Real POI is a geographic anchor, not a participating provider. Not open government subsidy data."
MOCK-SUB-0029,true,[MOCK] Yarrawonga Household Settling Support,housing_setup,YARRAWONGA,MOIRA,24900,347,Goulburn,rural_council,n12695934281,MHA Care,community,social_facility,-36.0129136,146.0039278,context_only_not_provider,mock_locality,household,none,reimbursement,1850,one_off,90000,household,applicant,18,,true,90,,FICTIONAL TEST RULES: reside in YARRAWONGA (MOIRA LGA). Annual gross household income at most AUD 90000. New resident; tenancy at least 6 months; household essentials receipts required. Apply within 90 days of moving. Applicant aged at least 18.,Proof of identity and locality residence; income evidence; New resident; tenancy at least 6 months; household essentials receipts required.,2026-10-04,2027-01-11,mock_upcoming,SERINEA Demo Support Office (fictional),,,synthetic_from_poi_context,2026-09-08,"Fictional subsidy for testing only. Real POI is a geographic anchor, not a participating provider. Not open government subsidy data."
MOCK-SUB-0030,true,[MOCK] Ironbark Health Access Reimbursement,healthcare,IRONBARK,GREATER BENDIGO,22620,325,Loddon Campaspe,regional_city,w1544989043,Active Podiatry,healthcare,doctor,-36.756054,144.2681711,context_only_not_provider,mock_locality,individual,none,reimbursement,950,one_off,45000,individual,applicant,18,,false,,,"FICTIONAL TEST RULES: reside in IRONBARK (GREATER BENDIGO LGA). Annual gross individual income at most AUD 45000. Eligible consultation, prescription or dental expense; receipt required. Applicant aged at least 18.","Proof of identity and locality residence; income evidence; Eligible consultation, prescription or dental expense; receipt required.",2026-08-19,2027-01-18,mock_open,SERINEA Demo Support Office (fictional),,,synthetic_from_poi_context,2026-09-08,"Fictional subsidy for testing only. Real POI is a geographic anchor, not a participating provider. Not open government subsidy data."
MOCK-SUB-0031,true,[MOCK] Watchem Digital Learning Support,digital,WATCHEM,BULOKE,21270,309,Mallee,rural_council,n11474713562,Watchem Public Hall,community,community_centre,-36.1489718,142.8594018,context_only_not_provider,mock_locality,individual,none,grant,350,one_off,,individual,applicant,16,,false,,,FICTIONAL TEST RULES: reside in WATCHEM (BULOKE LGA). No income limit in this mock scenario. Local resident aged at least 16 enrolled in study or digital skills activity; course and device quote required.,Proof of identity and locality residence; Local resident aged at least 16 enrolled in study or digital skills activity; course and device quote required.,2026-05-30,2026-11-17,mock_open,SERINEA Demo Support Office (fictional),,,synthetic_from_poi_context,2026-09-08,"Fictional subsidy for testing only. Real POI is a geographic anchor, not a participating provider. Not open government subsidy data."
MOCK-SUB-0032,true,[MOCK] Lake Wendouree Health Access Reimbursement,healthcare,LAKE WENDOUREE,BALLARAT,20570,302,Central Highlands,regional_city,w58404174,Nazareth House Aged Care,healthcare,hospital,-37.5532862,143.8452706,context_only_not_provider,mock_locality,individual,none,reimbursement,450,one_off,45000,individual,applicant,18,,false,,,"FICTIONAL TEST RULES: reside in LAKE WENDOUREE (BALLARAT LGA). Annual gross individual income at most AUD 45000. Eligible consultation, prescription or dental expense; receipt required. Applicant aged at least 18.","Proof of identity and locality residence; income evidence; Eligible consultation, prescription or dental expense; receipt required.",2026-08-18,2026-11-20,mock_open,SERINEA Demo Support Office (fictional),,,synthetic_from_poi_context,2026-09-08,"Fictional subsidy for testing only. Real POI is a geographic anchor, not a participating provider. Not open government subsidy data."
MOCK-SUB-0033,true,[MOCK] Tarwin Lower Home Efficiency Rebate,energy,TARWIN LOWER,SOUTH GIPPSLAND,26170,361,Gippsland,rural_council,w1334950007,Tarwin Lower Community Health Centre,community,community_centre,-38.7038371,145.8679887,context_only_not_provider,mock_locality,household,none,rebate,700,one_off,75000,household,applicant,18,,false,,,FICTIONAL TEST RULES: reside in TARWIN LOWER (SOUTH GIPPSLAND LGA). Annual gross household income at most AUD 75000. Primary residence in locality; owner consent if renting and efficiency upgrade quote required. Applicant aged at least 18.,Proof of identity and locality residence; income evidence; Primary residence in locality; owner consent if renting and efficiency upgrade quote required.,2026-07-18,2026-12-28,mock_open,SERINEA Demo Support Office (fictional),,,synthetic_from_poi_context,2026-09-08,"Fictional subsidy for testing only. Real POI is a geographic anchor, not a participating provider. Not open government subsidy data."
MOCK-SUB-0034,true,[MOCK] Yaapeet School Essentials Support,school_support,YAAPEET,YARRIAMBIACK,27630,378,Wimmera Southern Mallee,rural_council,w261314945,Yaapeet Primary School,education,school,-35.7686726,142.0572173,context_only_not_provider,mock_locality,household,none,voucher,600,one_off,110000,household,dependent_child,5,18,false,,,FICTIONAL TEST RULES: reside in YAAPEET (YARRIAMBIACK LGA). Annual gross household income at most AUD 110000. Parent or guardian of student aged 5 to 18; enrolment and equipment quote required.,Proof of identity and locality residence; income evidence; Parent or guardian of student aged 5 to 18; enrolment and equipment quote required.,2026-06-13,2027-04-15,mock_open,SERINEA Demo Support Office (fictional),,,synthetic_from_poi_context,2026-09-08,"Fictional subsidy for testing only. Real POI is a geographic anchor, not a participating provider. Not open government subsidy data."
MOCK-SUB-0035,true,[MOCK] Merrigum School Essentials Support,school_support,MERRIGUM,GREATER SHEPPARTON,22830,328,Goulburn,regional_city,w51548219,Merrigum Primary School,education,school,-36.3699992,145.1299372,context_only_not_provider,mock_locality,household,none,voucher,300,one_off,75000,household,dependent_child,5,18,false,,,FICTIONAL TEST RULES: reside in MERRIGUM (GREATER SHEPPARTON LGA). Annual gross household income at most AUD 75000. Parent or guardian of student aged 5 to 18; enrolment and equipment quote required.,Proof of identity and locality residence; income evidence; Parent or guardian of student aged 5 to 18; enrolment and equipment quote required.,2026-07-17,2027-04-23,mock_open,SERINEA Demo Support Office (fictional),,,synthetic_from_poi_context,2026-09-08,"Fictional subsidy for testing only. Real POI is a geographic anchor, not a participating provider. Not open government subsidy data."
MOCK-SUB-0036,true,[MOCK] Korumburra Community Participation Voucher,community,KORUMBURRA,SOUTH GIPPSLAND,26170,361,Gippsland,rural_council,w339695763,Korumburra Scout Hall,community,town_hall,-38.4330236,145.8201711,context_only_not_provider,mock_locality,individual,none,voucher,300,one_off,60000,individual,applicant,18,,false,,,FICTIONAL TEST RULES: reside in KORUMBURRA (SOUTH GIPPSLAND LGA). Annual gross individual income at most AUD 60000. Local resident joining a community class or activity; registration confirmation required. Applicant aged at least 18.,Proof of identity and locality residence; income evidence; Local resident joining a community class or activity; registration confirmation required.,2026-07-10,2026-10-27,mock_open,SERINEA Demo Support Office (fictional),,,synthetic_from_poi_context,2026-09-08,"Fictional subsidy for testing only. Real POI is a geographic anchor, not a participating provider. Not open government subsidy data."
MOCK-SUB-0037,true,[MOCK] Wooragee Household Settling Support,housing_setup,WOORAGEE,INDIGO,23350,334,Ovens Murray,rural_council,n2968743641,Wooragee Community Centre,community,town_hall,-36.2905532,146.7297938,context_only_not_provider,mock_locality,household,none,reimbursement,1850,one_off,90000,household,applicant,18,,true,90,,FICTIONAL TEST RULES: reside in WOORAGEE (INDIGO LGA). Annual gross household income at most AUD 90000. New resident; tenancy at least 6 months; household essentials receipts required. Apply within 90 days of moving. Applicant aged at least 18.,Proof of identity and locality residence; income evidence; New resident; tenancy at least 6 months; household essentials receipts required.,2026-09-22,2026-12-29,mock_upcoming,SERINEA Demo Support Office (fictional),,,synthetic_from_poi_context,2026-09-08,"Fictional subsidy for testing only. Real POI is a geographic anchor, not a participating provider. Not open government subsidy data."
MOCK-SUB-0038,true,[MOCK] Meredith Local Travel Voucher,transport,MEREDITH,GOLDEN PLAINS,22490,324,Central Highlands,rural_council,w306036759,,public_transport,platform,-37.8443441,144.0696652,context_only_not_provider,mock_locality,individual,none,voucher,300,one_off,75000,individual,applicant,18,,false,,,"FICTIONAL TEST RULES: reside in MEREDITH (GOLDEN PLAINS LGA). Annual gross individual income at most AUD 75000. Local resident requiring travel support; proposed study, work or medical journey required. Applicant aged at least 18.","Proof of identity and locality residence; income evidence; Local resident requiring travel support; proposed study, work or medical journey required.",2026-07-04,2026-11-30,mock_open,SERINEA Demo Support Office (fictional),,,synthetic_from_poi_context,2026-09-08,"Fictional subsidy for testing only. Real POI is a geographic anchor, not a participating provider. Not open government subsidy data."
MOCK-SUB-0039,true,[MOCK] Birchip Household Settling Support,housing_setup,BIRCHIP,BULOKE,21270,309,Mallee,rural_council,w759467706,Birchip Public Hall,community,community_centre,-35.9808551,142.9173133,context_only_not_provider,mock_locality,household,none,reimbursement,950,one_off,110000,household,applicant,18,,true,90,,FICTIONAL TEST RULES: reside in BIRCHIP (BULOKE LGA). Annual gross household income at most AUD 110000. New resident; tenancy at least 6 months; household essentials receipts required. Apply within 90 days of moving. Applicant aged at least 18.,Proof of identity and locality residence; income evidence; New resident; tenancy at least 6 months; household essentials receipts required.,2026-11-13,2027-04-18,mock_upcoming,SERINEA Demo Support Office (fictional),,,synthetic_from_poi_context,2026-09-08,"Fictional subsidy for testing only. Real POI is a geographic anchor, not a participating provider. Not open government subsidy data."
MOCK-SUB-0040,true,[MOCK] Warrnambool Household Settling Support,housing_setup,WARRNAMBOOL,WARRNAMBOOL,26730,369,Great South Coast,regional_city,n14038937301,Warrnambool Stadium,community,community_centre,-38.3542495,142.4592499,context_only_not_provider,mock_locality,household,none,reimbursement,2000,one_off,90000,household,applicant,18,,true,90,,FICTIONAL TEST RULES: reside in WARRNAMBOOL (WARRNAMBOOL LGA). Annual gross household income at most AUD 90000. New resident; tenancy at least 6 months; household essentials receipts required. Apply within 90 days of moving. Applicant aged at least 18.,Proof of identity and locality residence; income evidence; New resident; tenancy at least 6 months; household essentials receipts required.,2026-10-10,2027-02-11,mock_upcoming,SERINEA Demo Support Office (fictional),,,synthetic_from_poi_context,2026-09-08,"Fictional subsidy for testing only. Real POI is a geographic anchor, not a participating provider. Not open government subsidy data."
MOCK-SUB-0041,true,[MOCK] Yarram Sport Participation Voucher,sport,YARRAM,WELLINGTON,26810,370,Gippsland,rural_council,w330868971,Yarram Tarra Trail Reserve,recreation,park,-38.5631264,146.6724965,context_only_not_provider,mock_locality,individual,none,voucher,300,one_off,75000,individual,applicant,5,25,false,,,FICTIONAL TEST RULES: reside in YARRAM (WELLINGTON LGA). Annual gross individual income at most AUD 75000. Local resident aged 5 to 25; sports enrolment or equipment quote required.,Proof of identity and locality residence; income evidence; Local resident aged 5 to 25; sports enrolment or equipment quote required.,2026-07-29,2026-11-26,mock_open,SERINEA Demo Support Office (fictional),,,synthetic_from_poi_context,2026-09-08,"Fictional subsidy for testing only. Real POI is a geographic anchor, not a participating provider. Not open government subsidy data."
MOCK-SUB-0042,true,[MOCK] Condah Community Participation Voucher,community,CONDAH,GLENELG,22410,323,Great South Coast,rural_council,w1532108294,Condah Public Hall,community,community_centre,-37.9551649,141.746936,context_only_not_provider,mock_locality,individual,none,voucher,200,one_off,60000,individual,applicant,18,,false,,,FICTIONAL TEST RULES: reside in CONDAH (GLENELG LGA). Annual gross individual income at most AUD 60000. Local resident joining a community class or activity; registration confirmation required. Applicant aged at least 18.,Proof of identity and locality residence; income evidence; Local resident joining a community class or activity; registration confirmation required.,2026-05-21,2027-04-30,mock_open,SERINEA Demo Support Office (fictional),,,synthetic_from_poi_context,2026-09-08,"Fictional subsidy for testing only. Real POI is a geographic anchor, not a participating provider. Not open government subsidy data."
MOCK-SUB-0043,true,[MOCK] Thomson (Geelong) Sport Participation Voucher,sport,THOMSON (GEELONG),GREATER GEELONG,22750,327,Barwon,regional_city,w1243145220,,recreation,playground,-38.1782894,144.3815492,context_only_not_provider,mock_locality,individual,none,voucher,400,one_off,45000,individual,applicant,5,25,false,,,FICTIONAL TEST RULES: reside in THOMSON (GEELONG) (GREATER GEELONG LGA). Annual gross individual income at most AUD 45000. Local resident aged 5 to 25; sports enrolment or equipment quote required.,Proof of identity and locality residence; income evidence; Local resident aged 5 to 25; sports enrolment or equipment quote required.,2026-05-01,2026-10-28,mock_open,SERINEA Demo Support Office (fictional),,,synthetic_from_poi_context,2026-09-08,"Fictional subsidy for testing only. Real POI is a geographic anchor, not a participating provider. Not open government subsidy data."
MOCK-SUB-0044,true,[MOCK] Manifold Heights Household Settling Support,housing_setup,MANIFOLD HEIGHTS,GREATER GEELONG,22750,327,Barwon,regional_city,w182012418,Scope,community,social_facility,-38.1308461,144.3375669,context_only_not_provider,mock_locality,household,none,reimbursement,1400,one_off,90000,household,applicant,18,,true,90,,FICTIONAL TEST RULES: reside in MANIFOLD HEIGHTS (GREATER GEELONG LGA). Annual gross household income at most AUD 90000. New resident; tenancy at least 6 months; household essentials receipts required. Apply within 90 days of moving. Applicant aged at least 18.,Proof of identity and locality residence; income evidence; New resident; tenancy at least 6 months; household essentials receipts required.,2026-08-13,2027-03-19,mock_open,SERINEA Demo Support Office (fictional),,,synthetic_from_poi_context,2026-09-08,"Fictional subsidy for testing only. Real POI is a geographic anchor, not a participating provider. Not open government subsidy data."
MOCK-SUB-0045,true,[MOCK] Traralgon Local Travel Voucher,transport,TRARALGON,LATROBE,23810,337,Gippsland,regional_city,n13731241880,Kosciuszko Street,public_transport,bus_stop,-38.2038778,146.51564,context_only_not_provider,mock_locality,individual,none,voucher,550,one_off,45000,individual,applicant,18,,false,,,"FICTIONAL TEST RULES: reside in TRARALGON (LATROBE LGA). Annual gross individual income at most AUD 45000. Local resident requiring travel support; proposed study, work or medical journey required. Applicant aged at least 18.","Proof of identity and locality residence; income evidence; Local resident requiring travel support; proposed study, work or medical journey required.",2026-03-07,2026-07-03,mock_closed,SERINEA Demo Support Office (fictional),,,synthetic_from_poi_context,2026-09-08,"Fictional subsidy for testing only. Real POI is a geographic anchor, not a participating provider. Not open government subsidy data."
MOCK-SUB-0046,true,[MOCK] Tangambalanga Early Years Participation Voucher,childcare,TANGAMBALANGA,INDIGO,23350,334,Ovens Murray,rural_council,w561156983,,education,childcare,-36.2512326,147.0346862,context_only_not_provider,mock_locality,household,none,voucher,1500,one_off,90000,household,dependent_child,0,5,false,,,FICTIONAL TEST RULES: reside in TANGAMBALANGA (INDIGO LGA). Annual gross household income at most AUD 90000. Parent or guardian of child aged 0 to 5; enrolment confirmation required.,Proof of identity and locality residence; income evidence; Parent or guardian of child aged 0 to 5; enrolment confirmation required.,2026-04-14,2026-10-26,mock_open,SERINEA Demo Support Office (fictional),,,synthetic_from_poi_context,2026-09-08,"Fictional subsidy for testing only. Real POI is a geographic anchor, not a participating provider. Not open government subsidy data."
MOCK-SUB-0047,true,[MOCK] Waurn Ponds Moving Expense Support,relocation,WAURN PONDS,GREATER GEELONG,22750,327,Barwon,regional_city,w104368566,Deakin University Library,community,library,-38.1979216,144.2972652,context_only_not_provider,mock_locality,household,none,reimbursement,2950,one_off,90000,household,applicant,18,,true,90,50,FICTIONAL TEST RULES: reside in WAURN PONDS (GREATER GEELONG LGA). Annual gross household income at most AUD 90000. Move at least 50 km and establish primary residence; moving receipts required. Apply within 90 days of moving. Applicant aged at least 18.,Proof of identity and locality residence; income evidence; Move at least 50 km and establish primary residence; moving receipts required.,2026-05-12,2026-11-06,mock_open,SERINEA Demo Support Office (fictional),,,synthetic_from_poi_context,2026-09-08,"Fictional subsidy for testing only. Real POI is a geographic anchor, not a participating provider. Not open government subsidy data."
MOCK-SUB-0048,true,[MOCK] Mallacoota Local Travel Voucher,transport,MALLACOOTA,EAST GIPPSLAND,22110,319,Gippsland,rural_council,n13903360474,Bendigo Bank/Maurice Ave,public_transport,stop_position,-37.5575667,149.7577007,context_only_not_provider,mock_locality,individual,none,voucher,400,one_off,45000,individual,applicant,18,,false,,,"FICTIONAL TEST RULES: reside in MALLACOOTA (EAST GIPPSLAND LGA). Annual gross individual income at most AUD 45000. Local resident requiring travel support; proposed study, work or medical journey required. Applicant aged at least 18.","Proof of identity and locality residence; income evidence; Local resident requiring travel support; proposed study, work or medical journey required.",2026-08-18,2027-04-10,mock_open,SERINEA Demo Support Office (fictional),,,synthetic_from_poi_context,2026-09-08,"Fictional subsidy for testing only. Real POI is a geographic anchor, not a participating provider. Not open government subsidy data."
MOCK-SUB-0049,true,[MOCK] Tintaldra Home Efficiency Rebate,energy,TINTALDRA,TOWONG,26670,367,Ovens Murray,rural_council,w345646793,Tintaldra Public Hall,community,community_centre,-36.0480891,147.9315211,context_only_not_provider,mock_locality,household,none,rebate,1100,one_off,110000,household,applicant,18,,false,,,FICTIONAL TEST RULES: reside in TINTALDRA (TOWONG LGA). Annual gross household income at most AUD 110000. Primary residence in locality; owner consent if renting and efficiency upgrade quote required. Applicant aged at least 18.,Proof of identity and locality residence; income evidence; Primary residence in locality; owner consent if renting and efficiency upgrade quote required.,2026-07-22,2027-01-24,mock_open,SERINEA Demo Support Office (fictional),,,synthetic_from_poi_context,2026-09-08,"Fictional subsidy for testing only. Real POI is a geographic anchor, not a participating provider. Not open government subsidy data."
MOCK-SUB-0050,true,[MOCK] Skipton Community Participation Voucher,community,SKIPTON,CORANGAMITE,21830,315,Great South Coast,rural_council,w963952554,Skipton Mechanics Hall,community,community_centre,-37.6869811,143.3643698,context_only_not_provider,mock_locality,individual,none,voucher,350,one_off,,individual,applicant,18,,false,,,FICTIONAL TEST RULES: reside in SKIPTON (CORANGAMITE LGA). No income limit in this mock scenario. Local resident joining a community class or activity; registration confirmation required. Applicant aged at least 18.,Proof of identity and locality residence; Local resident joining a community class or activity; registration confirmation required.,2026-12-01,2027-04-09,mock_upcoming,SERINEA Demo Support Office (fictional),,,synthetic_from_poi_context,2026-09-08,"Fictional subsidy for testing only. Real POI is a geographic anchor, not a participating provider. Not open government subsidy data."
MOCK-SUB-0051,true,[MOCK] Streatham Home Efficiency Rebate,energy,STREATHAM,ARARAT,20260,301,Central Highlands,rural_council,n11532511214,Streatham Memorial Hall,community,community_centre,-37.6790985,143.0623375,context_only_not_provider,mock_locality,household,none,rebate,1050,one_off,110000,household,applicant,18,,false,,,FICTIONAL TEST RULES: reside in STREATHAM (ARARAT LGA). Annual gross household income at most AUD 110000. Primary residence in locality; owner consent if renting and efficiency upgrade quote required. Applicant aged at least 18.,Proof of identity and locality residence; income evidence; Primary residence in locality; owner consent if renting and efficiency upgrade quote required.,2026-08-09,2027-03-06,mock_open,SERINEA Demo Support Office (fictional),,,synthetic_from_poi_context,2026-09-08,"Fictional subsidy for testing only. Real POI is a geographic anchor, not a participating provider. Not open government subsidy data."
MOCK-SUB-0052,true,[MOCK] Nathalia Moving Expense Support,relocation,NATHALIA,MOIRA,24900,347,Goulburn,rural_council,n11464401296,Nathalia Library,community,library,-36.0604272,145.2043138,context_only_not_provider,mock_locality,household,none,reimbursement,2300,one_off,75000,household,applicant,18,,true,90,50,FICTIONAL TEST RULES: reside in NATHALIA (MOIRA LGA). Annual gross household income at most AUD 75000. Move at least 50 km and establish primary residence; moving receipts required. Apply within 90 days of moving. Applicant aged at least 18.,Proof of identity and locality residence; income evidence; Move at least 50 km and establish primary residence; moving receipts required.,2026-05-23,2026-10-11,mock_open,SERINEA Demo Support Office (fictional),,,synthetic_from_poi_context,2026-09-08,"Fictional subsidy for testing only. Real POI is a geographic anchor, not a participating provider. Not open government subsidy data."
MOCK-SUB-0053,true,[MOCK] Tarwin Lower Sport Participation Voucher,sport,TARWIN LOWER,SOUTH GIPPSLAND,26170,361,Gippsland,rural_council,w1541302645,RV Fisher Reserve,recreation,park,-38.703079,145.8681481,context_only_not_provider,mock_locality,individual,none,voucher,250,one_off,,individual,applicant,5,25,false,,,FICTIONAL TEST RULES: reside in TARWIN LOWER (SOUTH GIPPSLAND LGA). No income limit in this mock scenario. Local resident aged 5 to 25; sports enrolment or equipment quote required.,Proof of identity and locality residence; Local resident aged 5 to 25; sports enrolment or equipment quote required.,2026-08-27,2027-03-15,mock_open,SERINEA Demo Support Office (fictional),,,synthetic_from_poi_context,2026-09-08,"Fictional subsidy for testing only. Real POI is a geographic anchor, not a participating provider. Not open government subsidy data."
MOCK-SUB-0054,true,[MOCK] Camperdown Digital Learning Support,digital,CAMPERDOWN,CORANGAMITE,21830,315,Great South Coast,rural_council,w1057188401,Camperdown Community House,community,community_centre,-38.2290333,143.1397094,context_only_not_provider,mock_locality,individual,none,grant,900,one_off,60000,individual,applicant,16,,false,,,FICTIONAL TEST RULES: reside in CAMPERDOWN (CORANGAMITE LGA). Annual gross individual income at most AUD 60000. Local resident aged at least 16 enrolled in study or digital skills activity; course and device quote required.,Proof of identity and locality residence; income evidence; Local resident aged at least 16 enrolled in study or digital skills activity; course and device quote required.,2026-05-13,2026-10-21,mock_open,SERINEA Demo Support Office (fictional),,,synthetic_from_poi_context,2026-09-08,"Fictional subsidy for testing only. Real POI is a geographic anchor, not a participating provider. Not open government subsidy data."
MOCK-SUB-0055,true,[MOCK] Horsham Household Settling Support,housing_setup,HORSHAM,HORSHAM,23190,332,Wimmera Southern Mallee,regional_city,w1546515982,Kalkee Road Children's & Community Hub,community,community_centre,-36.7036265,142.2013269,context_only_not_provider,mock_locality,household,none,reimbursement,2550,one_off,75000,household,applicant,18,,true,90,,FICTIONAL TEST RULES: reside in HORSHAM (HORSHAM LGA). Annual gross household income at most AUD 75000. New resident; tenancy at least 6 months; household essentials receipts required. Apply within 90 days of moving. Applicant aged at least 18.,Proof of identity and locality residence; income evidence; New resident; tenancy at least 6 months; household essentials receipts required.,2026-04-22,2026-12-29,mock_open,SERINEA Demo Support Office (fictional),,,synthetic_from_poi_context,2026-09-08,"Fictional subsidy for testing only. Real POI is a geographic anchor, not a participating provider. Not open government subsidy data."
MOCK-SUB-0056,true,[MOCK] Evansford Sport Participation Voucher,sport,EVANSFORD,PYRENEES,25990,359,Central Highlands,rural_council,w1365642959,Evansford Community Centre,recreation,park,-37.258453,143.6270175,context_only_not_provider,mock_locality,individual,none,voucher,250,one_off,75000,individual,applicant,5,25,false,,,FICTIONAL TEST RULES: reside in EVANSFORD (PYRENEES LGA). Annual gross individual income at most AUD 75000. Local resident aged 5 to 25; sports enrolment or equipment quote required.,Proof of identity and locality residence; income evidence; Local resident aged 5 to 25; sports enrolment or equipment quote required.,2026-10-02,2027-02-25,mock_upcoming,SERINEA Demo Support Office (fictional),,,synthetic_from_poi_context,2026-09-08,"Fictional subsidy for testing only. Real POI is a geographic anchor, not a participating provider. Not open government subsidy data."
MOCK-SUB-0057,true,[MOCK] Bellbrae Independent Living Support,accessibility,BELLBRAE,SURF COAST,26490,365,Barwon,rural_council,w954105575,Ocean Mist Aged Care,community,social_facility,-38.3169542,144.2784051,context_only_not_provider,mock_locality,individual,none,grant,3350,one_off,60000,individual,applicant,18,,false,,,FICTIONAL TEST RULES: reside in BELLBRAE (SURF COAST LGA). Annual gross individual income at most AUD 60000. Disability or mobility support need; support assessment and equipment quote required. Applicant aged at least 18.,Proof of identity and locality residence; income evidence; Disability or mobility support need; support assessment and equipment quote required.,2026-05-10,2027-04-24,mock_open,SERINEA Demo Support Office (fictional),,,synthetic_from_poi_context,2026-09-08,"Fictional subsidy for testing only. Real POI is a geographic anchor, not a participating provider. Not open government subsidy data."
MOCK-SUB-0058,true,[MOCK] Ararat Independent Living Support,accessibility,ARARAT,ARARAT,20260,301,Central Highlands,rural_council,w168850606,Alexandra Hall,community,community_centre,-37.2817144,142.9284523,context_only_not_provider,mock_locality,individual,none,grant,1900,one_off,45000,individual,applicant,18,,false,,,FICTIONAL TEST RULES: reside in ARARAT (ARARAT LGA). Annual gross individual income at most AUD 45000. Disability or mobility support need; support assessment and equipment quote required. Applicant aged at least 18.,Proof of identity and locality residence; income evidence; Disability or mobility support need; support assessment and equipment quote required.,2026-05-07,2026-07-23,mock_closed,SERINEA Demo Support Office (fictional),,,synthetic_from_poi_context,2026-09-08,"Fictional subsidy for testing only. Real POI is a geographic anchor, not a participating provider. Not open government subsidy data."
MOCK-SUB-0059,true,[MOCK] Shepparton North Moving Expense Support,relocation,SHEPPARTON NORTH,GREATER SHEPPARTON,22830,328,Goulburn,regional_city,w979847031,Elders Centre,community,community_centre,-36.3463611,145.4136581,context_only_not_provider,mock_locality,household,none,reimbursement,1900,one_off,90000,household,applicant,18,,true,90,50,FICTIONAL TEST RULES: reside in SHEPPARTON NORTH (GREATER SHEPPARTON LGA). Annual gross household income at most AUD 90000. Move at least 50 km and establish primary residence; moving receipts required. Apply within 90 days of moving. Applicant aged at least 18.,Proof of identity and locality residence; income evidence; Move at least 50 km and establish primary residence; moving receipts required.,2026-06-30,2027-03-29,mock_open,SERINEA Demo Support Office (fictional),,,synthetic_from_poi_context,2026-09-08,"Fictional subsidy for testing only. Real POI is a geographic anchor, not a participating provider. Not open government subsidy data."
MOCK-SUB-0060,true,[MOCK] Waurn Ponds Early Years Participation Voucher,childcare,WAURN PONDS,GREATER GEELONG,22750,327,Barwon,regional_city,w1128134638,HEI Schools,education,kindergarten,-38.2047966,144.3035653,context_only_not_provider,mock_locality,household,none,voucher,1250,one_off,90000,household,dependent_child,0,5,false,,,FICTIONAL TEST RULES: reside in WAURN PONDS (GREATER GEELONG LGA). Annual gross household income at most AUD 90000. Parent or guardian of child aged 0 to 5; enrolment confirmation required.,Proof of identity and locality residence; income evidence; Parent or guardian of child aged 0 to 5; enrolment confirmation required.,2026-06-06,2027-03-20,mock_open,SERINEA Demo Support Office (fictional),,,synthetic_from_poi_context,2026-09-08,"Fictional subsidy for testing only. Real POI is a geographic anchor, not a participating provider. Not open government subsidy data."
MOCK-SUB-0061,true,[MOCK] St Leonards Local Travel Voucher,transport,ST LEONARDS,GREATER GEELONG,22750,327,Barwon,regional_city,n10740717236,St Leonards Shops/Murradoc Road,public_transport,bus_stop,-38.1716546,144.7165154,context_only_not_provider,mock_locality,individual,none,voucher,500,one_off,60000,individual,applicant,18,,false,,,"FICTIONAL TEST RULES: reside in ST LEONARDS (GREATER GEELONG LGA). Annual gross individual income at most AUD 60000. Local resident requiring travel support; proposed study, work or medical journey required. Applicant aged at least 18.","Proof of identity and locality residence; income evidence; Local resident requiring travel support; proposed study, work or medical journey required.",2026-05-01,2026-10-27,mock_open,SERINEA Demo Support Office (fictional),,,synthetic_from_poi_context,2026-09-08,"Fictional subsidy for testing only. Real POI is a geographic anchor, not a participating provider. Not open government subsidy data."
MOCK-SUB-0062,true,[MOCK] Curlewis Early Years Participation Voucher,childcare,CURLEWIS,GREATER GEELONG,22750,327,Barwon,regional_city,w1548219853,Great Beginnings Curlewis,education,kindergarten,-38.1693606,144.5527071,context_only_not_provider,mock_locality,household,none,voucher,550,one_off,75000,household,dependent_child,0,5,false,,,FICTIONAL TEST RULES: reside in CURLEWIS (GREATER GEELONG LGA). Annual gross household income at most AUD 75000. Parent or guardian of child aged 0 to 5; enrolment confirmation required.,Proof of identity and locality residence; income evidence; Parent or guardian of child aged 0 to 5; enrolment confirmation required.,2026-08-07,2026-12-16,mock_open,SERINEA Demo Support Office (fictional),,,synthetic_from_poi_context,2026-09-08,"Fictional subsidy for testing only. Real POI is a geographic anchor, not a participating provider. Not open government subsidy data."
MOCK-SUB-0063,true,[MOCK] South Geelong Early Years Participation Voucher,childcare,SOUTH GEELONG,GREATER GEELONG,22750,327,Barwon,regional_city,w266714657,Young Minds Early Learning Centre,education,kindergarten,-38.1590961,144.3585333,context_only_not_provider,mock_locality,household,none,voucher,1200,one_off,75000,household,dependent_child,0,5,false,,,FICTIONAL TEST RULES: reside in SOUTH GEELONG (GREATER GEELONG LGA). Annual gross household income at most AUD 75000. Parent or guardian of child aged 0 to 5; enrolment confirmation required.,Proof of identity and locality residence; income evidence; Parent or guardian of child aged 0 to 5; enrolment confirmation required.,2026-03-13,2026-07-10,mock_closed,SERINEA Demo Support Office (fictional),,,synthetic_from_poi_context,2026-09-08,"Fictional subsidy for testing only. Real POI is a geographic anchor, not a participating provider. Not open government subsidy data."
MOCK-SUB-0064,true,[MOCK] Belmont Household Settling Support,housing_setup,BELMONT,GREATER GEELONG,22750,327,Barwon,regional_city,w1220151452,Kalkee Community Murray,community,social_facility,-38.1802769,144.3489094,context_only_not_provider,mock_locality,household,none,reimbursement,2200,one_off,90000,household,applicant,18,,true,90,,FICTIONAL TEST RULES: reside in BELMONT (GREATER GEELONG LGA). Annual gross household income at most AUD 90000. New resident; tenancy at least 6 months; household essentials receipts required. Apply within 90 days of moving. Applicant aged at least 18.,Proof of identity and locality residence; income evidence; New resident; tenancy at least 6 months; household essentials receipts required.,2026-04-19,2026-12-14,mock_open,SERINEA Demo Support Office (fictional),,,synthetic_from_poi_context,2026-09-08,"Fictional subsidy for testing only. Real POI is a geographic anchor, not a participating provider. Not open government subsidy data."
MOCK-SUB-0065,true,[MOCK] Benalla School Essentials Support,school_support,BENALLA,BENALLA,21010,381,Ovens Murray,rural_council,w54353643,Australian Christian College Hume,education,school,-36.5468482,145.9987037,context_only_not_provider,mock_locality,household,none,voucher,700,one_off,110000,household,dependent_child,5,18,false,,,FICTIONAL TEST RULES: reside in BENALLA (BENALLA LGA). Annual gross household income at most AUD 110000. Parent or guardian of student aged 5 to 18; enrolment and equipment quote required.,Proof of identity and locality residence; income evidence; Parent or guardian of student aged 5 to 18; enrolment and equipment quote required.,2026-08-20,2027-04-22,mock_open,SERINEA Demo Support Office (fictional),,,synthetic_from_poi_context,2026-09-08,"Fictional subsidy for testing only. Real POI is a geographic anchor, not a participating provider. Not open government subsidy data."
MOCK-SUB-0066,true,[MOCK] Lucas School Essentials Support,school_support,LUCAS,BALLARAT,20570,302,Central Highlands,regional_city,w1078686444,Lucas Primary School,education,school,-37.5474979,143.7810196,context_only_not_provider,mock_locality,household,none,voucher,400,one_off,90000,household,dependent_child,5,18,false,,,FICTIONAL TEST RULES: reside in LUCAS (BALLARAT LGA). Annual gross household income at most AUD 90000. Parent or guardian of student aged 5 to 18; enrolment and equipment quote required.,Proof of identity and locality residence; income evidence; Parent or guardian of student aged 5 to 18; enrolment and equipment quote required.,2026-05-29,2027-03-05,mock_open,SERINEA Demo Support Office (fictional),,,synthetic_from_poi_context,2026-09-08,"Fictional subsidy for testing only. Real POI is a geographic anchor, not a participating provider. Not open government subsidy data."
MOCK-SUB-0067,true,[MOCK] Lara Community Participation Voucher,community,LARA,GREATER GEELONG,22750,327,Barwon,regional_city,w266790957,Lara Community Centre,community,community_centre,-38.0220437,144.4097875,context_only_not_provider,mock_locality,individual,none,voucher,200,one_off,,individual,applicant,18,,false,,,FICTIONAL TEST RULES: reside in LARA (GREATER GEELONG LGA). No income limit in this mock scenario. Local resident joining a community class or activity; registration confirmation required. Applicant aged at least 18.,Proof of identity and locality residence; Local resident joining a community class or activity; registration confirmation required.,2026-07-20,2026-10-19,mock_open,SERINEA Demo Support Office (fictional),,,synthetic_from_poi_context,2026-09-08,"Fictional subsidy for testing only. Real POI is a geographic anchor, not a participating provider. Not open government subsidy data."
MOCK-SUB-0068,true,[MOCK] Inglewood Independent Living Support,accessibility,INGLEWOOD,LODDON,23940,338,Loddon Campaspe,rural_council,w192849484,Inglewood Hospital,healthcare,hospital,-36.5719288,143.8736553,context_only_not_provider,mock_locality,individual,none,grant,2450,one_off,75000,individual,applicant,18,,false,,,FICTIONAL TEST RULES: reside in INGLEWOOD (LODDON LGA). Annual gross individual income at most AUD 75000. Disability or mobility support need; support assessment and equipment quote required. Applicant aged at least 18.,Proof of identity and locality residence; income evidence; Disability or mobility support need; support assessment and equipment quote required.,2026-07-28,2027-04-18,mock_open,SERINEA Demo Support Office (fictional),,,synthetic_from_poi_context,2026-09-08,"Fictional subsidy for testing only. Real POI is a geographic anchor, not a participating provider. Not open government subsidy data."
MOCK-SUB-0069,true,[MOCK] Sandy Creek School Essentials Support,school_support,SANDY CREEK,INDIGO,23350,334,Ovens Murray,rural_council,w1077031007,Upper Sandy Creek Primary School,education,school,-36.3551736,147.1131426,context_only_not_provider,mock_locality,household,none,voucher,800,one_off,75000,household,dependent_child,5,18,false,,,FICTIONAL TEST RULES: reside in SANDY CREEK (INDIGO LGA). Annual gross household income at most AUD 75000. Parent or guardian of student aged 5 to 18; enrolment and equipment quote required.,Proof of identity and locality residence; income evidence; Parent or guardian of student aged 5 to 18; enrolment and equipment quote required.,2026-05-19,2027-01-21,mock_open,SERINEA Demo Support Office (fictional),,,synthetic_from_poi_context,2026-09-08,"Fictional subsidy for testing only. Real POI is a geographic anchor, not a participating provider. Not open government subsidy data."
MOCK-SUB-0070,true,[MOCK] Port Fairy Health Access Reimbursement,healthcare,PORT FAIRY,MOYNE,25490,354,Great South Coast,rural_council,w852230687,Moyne Health,healthcare,hospital,-38.381454,142.2271643,context_only_not_provider,mock_locality,individual,none,reimbursement,500,one_off,60000,individual,applicant,18,,false,,,"FICTIONAL TEST RULES: reside in PORT FAIRY (MOYNE LGA). Annual gross individual income at most AUD 60000. Eligible consultation, prescription or dental expense; receipt required. Applicant aged at least 18.","Proof of identity and locality residence; income evidence; Eligible consultation, prescription or dental expense; receipt required.",2026-08-07,2027-03-08,mock_open,SERINEA Demo Support Office (fictional),,,synthetic_from_poi_context,2026-09-08,"Fictional subsidy for testing only. Real POI is a geographic anchor, not a participating provider. Not open government subsidy data."
MOCK-SUB-0071,true,[MOCK] Rupanyup Health Access Reimbursement,healthcare,RUPANYUP,YARRIAMBIACK,27630,378,Wimmera Southern Mallee,rural_council,n2308089674,Rupanyup Doctors Surgery,healthcare,doctor,-36.6367286,142.6316358,context_only_not_provider,mock_locality,individual,none,reimbursement,550,one_off,75000,individual,applicant,18,,false,,,"FICTIONAL TEST RULES: reside in RUPANYUP (YARRIAMBIACK LGA). Annual gross individual income at most AUD 75000. Eligible consultation, prescription or dental expense; receipt required. Applicant aged at least 18.","Proof of identity and locality residence; income evidence; Eligible consultation, prescription or dental expense; receipt required.",2026-08-26,2026-10-25,mock_open,SERINEA Demo Support Office (fictional),,,synthetic_from_poi_context,2026-09-08,"Fictional subsidy for testing only. Real POI is a geographic anchor, not a participating provider. Not open government subsidy data."
MOCK-SUB-0072,true,[MOCK] Katamatite Sport Participation Voucher,sport,KATAMATITE,MOIRA,24900,347,Goulburn,rural_council,w1371004804,Lions Club of Katamatite Inc Memorial Park,recreation,park,-36.080798,145.6906485,context_only_not_provider,mock_locality,individual,none,voucher,200,one_off,75000,individual,applicant,5,25,false,,,FICTIONAL TEST RULES: reside in KATAMATITE (MOIRA LGA). Annual gross individual income at most AUD 75000. Local resident aged 5 to 25; sports enrolment or equipment quote required.,Proof of identity and locality residence; income evidence; Local resident aged 5 to 25; sports enrolment or equipment quote required.,2026-09-18,2027-02-04,mock_upcoming,SERINEA Demo Support Office (fictional),,,synthetic_from_poi_context,2026-09-08,"Fictional subsidy for testing only. Real POI is a geographic anchor, not a participating provider. Not open government subsidy data."
MOCK-SUB-0073,true,[MOCK] Alexandra Moving Expense Support,relocation,ALEXANDRA,MURRINDINDI,25620,355,Goulburn,rural_council,w1520643914,Murrindindi Shire Council,community,town_hall,-37.1907217,145.7104471,context_only_not_provider,mock_locality,household,none,reimbursement,2500,one_off,90000,household,applicant,18,,true,90,50,FICTIONAL TEST RULES: reside in ALEXANDRA (MURRINDINDI LGA). Annual gross household income at most AUD 90000. Move at least 50 km and establish primary residence; moving receipts required. Apply within 90 days of moving. Applicant aged at least 18.,Proof of identity and locality residence; income evidence; Move at least 50 km and establish primary residence; moving receipts required.,2026-04-19,2026-11-16,mock_open,SERINEA Demo Support Office (fictional),,,synthetic_from_poi_context,2026-09-08,"Fictional subsidy for testing only. Real POI is a geographic anchor, not a participating provider. Not open government subsidy data."
MOCK-SUB-0074,true,[MOCK] Corryong Independent Living Support,accessibility,CORRYONG,TOWONG,26670,367,Ovens Murray,rural_council,w226170038,Corryong Hospital,healthcare,hospital,-36.1987436,147.902876,context_only_not_provider,mock_locality,individual,none,grant,3150,one_off,60000,individual,applicant,18,,false,,,FICTIONAL TEST RULES: reside in CORRYONG (TOWONG LGA). Annual gross individual income at most AUD 60000. Disability or mobility support need; support assessment and equipment quote required. Applicant aged at least 18.,Proof of identity and locality residence; income evidence; Disability or mobility support need; support assessment and equipment quote required.,2026-05-10,2026-12-14,mock_open,SERINEA Demo Support Office (fictional),,,synthetic_from_poi_context,2026-09-08,"Fictional subsidy for testing only. Real POI is a geographic anchor, not a participating provider. Not open government subsidy data."
MOCK-SUB-0075,true,[MOCK] Wangaratta Early Years Participation Voucher,childcare,WANGARATTA,WANGARATTA,26700,368,Ovens Murray,regional_city,w751737197,,education,kindergarten,-36.3459558,146.299592,context_only_not_provider,mock_locality,household,none,voucher,1550,one_off,110000,household,dependent_child,0,5,false,,,FICTIONAL TEST RULES: reside in WANGARATTA (WANGARATTA LGA). Annual gross household income at most AUD 110000. Parent or guardian of child aged 0 to 5; enrolment confirmation required.,Proof of identity and locality residence; income evidence; Parent or guardian of child aged 0 to 5; enrolment confirmation required.,2026-11-23,2027-01-27,mock_upcoming,SERINEA Demo Support Office (fictional),,,synthetic_from_poi_context,2026-09-08,"Fictional subsidy for testing only. Real POI is a geographic anchor, not a participating provider. Not open government subsidy data."
MOCK-SUB-0076,true,[MOCK] Maiden Gully Health Access Reimbursement,healthcare,MAIDEN GULLY,GREATER BENDIGO,22620,325,Loddon Campaspe,regional_city,n11406707716,UFS,healthcare,pharmacy,-36.7431512,144.2066275,context_only_not_provider,mock_locality,individual,none,reimbursement,650,one_off,75000,individual,applicant,18,,false,,,"FICTIONAL TEST RULES: reside in MAIDEN GULLY (GREATER BENDIGO LGA). Annual gross individual income at most AUD 75000. Eligible consultation, prescription or dental expense; receipt required. Applicant aged at least 18.","Proof of identity and locality residence; income evidence; Eligible consultation, prescription or dental expense; receipt required.",2026-05-22,2026-11-22,mock_open,SERINEA Demo Support Office (fictional),,,synthetic_from_poi_context,2026-09-08,"Fictional subsidy for testing only. Real POI is a geographic anchor, not a participating provider. Not open government subsidy data."
MOCK-SUB-0077,true,[MOCK] Taradale Sport Participation Voucher,sport,TARADALE,MOUNT ALEXANDER,25430,353,Loddon Campaspe,rural_council,w31880197,Barkly Park,recreation,park,-37.1425428,144.3581495,context_only_not_provider,mock_locality,individual,none,voucher,200,one_off,75000,individual,applicant,5,25,false,,,FICTIONAL TEST RULES: reside in TARADALE (MOUNT ALEXANDER LGA). Annual gross individual income at most AUD 75000. Local resident aged 5 to 25; sports enrolment or equipment quote required.,Proof of identity and locality residence; income evidence; Local resident aged 5 to 25; sports enrolment or equipment quote required.,2026-08-27,2026-10-15,mock_open,SERINEA Demo Support Office (fictional),,,synthetic_from_poi_context,2026-09-08,"Fictional subsidy for testing only. Real POI is a geographic anchor, not a participating provider. Not open government subsidy data."
MOCK-SUB-0078,true,[MOCK] East Bairnsdale Early Years Participation Voucher,childcare,EAST BAIRNSDALE,EAST GIPPSLAND,22110,319,Gippsland,rural_council,n4207690495,East Bairnsdale kindergarten,education,kindergarten,-37.8269415,147.6550648,context_only_not_provider,mock_locality,household,none,voucher,1350,one_off,90000,household,dependent_child,0,5,false,,,FICTIONAL TEST RULES: reside in EAST BAIRNSDALE (EAST GIPPSLAND LGA). Annual gross household income at most AUD 90000. Parent or guardian of child aged 0 to 5; enrolment confirmation required.,Proof of identity and locality residence; income evidence; Parent or guardian of child aged 0 to 5; enrolment confirmation required.,2026-07-19,2026-11-21,mock_open,SERINEA Demo Support Office (fictional),,,synthetic_from_poi_context,2026-09-08,"Fictional subsidy for testing only. Real POI is a geographic anchor, not a participating provider. Not open government subsidy data."
MOCK-SUB-0079,true,[MOCK] Newtown (Geelong) Early Years Participation Voucher,childcare,NEWTOWN (GEELONG),GREATER GEELONG,22750,327,Barwon,regional_city,w886647841,Bond Street Kindergarten,education,kindergarten,-38.1564876,144.3483303,context_only_not_provider,mock_locality,household,none,voucher,1100,one_off,110000,household,dependent_child,0,5,false,,,FICTIONAL TEST RULES: reside in NEWTOWN (GEELONG) (GREATER GEELONG LGA). Annual gross household income at most AUD 110000. Parent or guardian of child aged 0 to 5; enrolment confirmation required.,Proof of identity and locality residence; income evidence; Parent or guardian of child aged 0 to 5; enrolment confirmation required.,2026-05-17,2027-03-25,mock_open,SERINEA Demo Support Office (fictional),,,synthetic_from_poi_context,2026-09-08,"Fictional subsidy for testing only. Real POI is a geographic anchor, not a participating provider. Not open government subsidy data."
MOCK-SUB-0080,true,[MOCK] Ballan Local Travel Voucher,transport,BALLAN,MOORABOOL,25150,350,Central Highlands,rural_council,n14047774620,Ballan Station/Atkinson St,public_transport,stop_position,-37.6040216,144.2249027,context_only_not_provider,mock_locality,individual,none,voucher,300,one_off,75000,individual,applicant,18,,false,,,"FICTIONAL TEST RULES: reside in BALLAN (MOORABOOL LGA). Annual gross individual income at most AUD 75000. Local resident requiring travel support; proposed study, work or medical journey required. Applicant aged at least 18.","Proof of identity and locality residence; income evidence; Local resident requiring travel support; proposed study, work or medical journey required.",2026-08-17,2026-11-12,mock_open,SERINEA Demo Support Office (fictional),,,synthetic_from_poi_context,2026-09-08,"Fictional subsidy for testing only. Real POI is a geographic anchor, not a participating provider. Not open government subsidy data."
MOCK-SUB-0081,true,[MOCK] Maryborough Household Settling Support,housing_setup,MARYBOROUGH,CENTRAL GOLDFIELDS,21670,313,Loddon Campaspe,rural_council,w141463045,Maryborough Schoolhouse Village,community,social_facility,-37.0534388,143.7473275,context_only_not_provider,mock_locality,household,none,reimbursement,1850,one_off,110000,household,applicant,18,,true,90,,FICTIONAL TEST RULES: reside in MARYBOROUGH (CENTRAL GOLDFIELDS LGA). Annual gross household income at most AUD 110000. New resident; tenancy at least 6 months; household essentials receipts required. Apply within 90 days of moving. Applicant aged at least 18.,Proof of identity and locality residence; income evidence; New resident; tenancy at least 6 months; household essentials receipts required.,2026-08-19,2027-01-26,mock_open,SERINEA Demo Support Office (fictional),,,synthetic_from_poi_context,2026-09-08,"Fictional subsidy for testing only. Real POI is a geographic anchor, not a participating provider. Not open government subsidy data."
MOCK-SUB-0082,true,[MOCK] Broadford Health Access Reimbursement,healthcare,BROADFORD,MITCHELL,24850,346,Goulburn,rural_council,n4996717372,PharmaSave,healthcare,pharmacy,-37.2043604,145.0465495,context_only_not_provider,mock_locality,individual,none,reimbursement,500,one_off,60000,individual,applicant,18,,false,,,"FICTIONAL TEST RULES: reside in BROADFORD (MITCHELL LGA). Annual gross individual income at most AUD 60000. Eligible consultation, prescription or dental expense; receipt required. Applicant aged at least 18.","Proof of identity and locality residence; income evidence; Eligible consultation, prescription or dental expense; receipt required.",2026-05-25,2026-11-07,mock_open,SERINEA Demo Support Office (fictional),,,synthetic_from_poi_context,2026-09-08,"Fictional subsidy for testing only. Real POI is a geographic anchor, not a participating provider. Not open government subsidy data."
MOCK-SUB-0083,true,[MOCK] Kyneton Household Settling Support,housing_setup,KYNETON,MACEDON RANGES,24130,339,Loddon Campaspe,rural_council,w71284458,Kyneton Town Hall,community,town_hall,-37.2470752,144.4532558,context_only_not_provider,mock_locality,household,none,reimbursement,1150,one_off,75000,household,applicant,18,,true,90,,FICTIONAL TEST RULES: reside in KYNETON (MACEDON RANGES LGA). Annual gross household income at most AUD 75000. New resident; tenancy at least 6 months; household essentials receipts required. Apply within 90 days of moving. Applicant aged at least 18.,Proof of identity and locality residence; income evidence; New resident; tenancy at least 6 months; household essentials receipts required.,2026-06-19,2027-02-14,mock_open,SERINEA Demo Support Office (fictional),,,synthetic_from_poi_context,2026-09-08,"Fictional subsidy for testing only. Real POI is a geographic anchor, not a participating provider. Not open government subsidy data."
MOCK-SUB-0084,true,[MOCK] Milawa Household Settling Support,housing_setup,MILAWA,WANGARATTA,26700,368,Ovens Murray,regional_city,w593960581,Milawa Public Hall,community,town_hall,-36.4484323,146.4319697,context_only_not_provider,mock_locality,household,none,reimbursement,2250,one_off,90000,household,applicant,18,,true,90,,FICTIONAL TEST RULES: reside in MILAWA (WANGARATTA LGA). Annual gross household income at most AUD 90000. New resident; tenancy at least 6 months; household essentials receipts required. Apply within 90 days of moving. Applicant aged at least 18.,Proof of identity and locality residence; income evidence; New resident; tenancy at least 6 months; household essentials receipts required.,2026-10-28,2027-01-04,mock_upcoming,SERINEA Demo Support Office (fictional),,,synthetic_from_poi_context,2026-09-08,"Fictional subsidy for testing only. Real POI is a geographic anchor, not a participating provider. Not open government subsidy data."
MOCK-SUB-0085,true,[MOCK] Inglewood Household Settling Support,housing_setup,INGLEWOOD,LODDON,23940,338,Loddon Campaspe,rural_council,n6944260100,Inglewood Community Hub,community,community_centre,-36.57617,143.8672816,context_only_not_provider,mock_locality,household,none,reimbursement,1300,one_off,75000,household,applicant,18,,true,90,,FICTIONAL TEST RULES: reside in INGLEWOOD (LODDON LGA). Annual gross household income at most AUD 75000. New resident; tenancy at least 6 months; household essentials receipts required. Apply within 90 days of moving. Applicant aged at least 18.,Proof of identity and locality residence; income evidence; New resident; tenancy at least 6 months; household essentials receipts required.,2026-07-10,2026-10-13,mock_open,SERINEA Demo Support Office (fictional),,,synthetic_from_poi_context,2026-09-08,"Fictional subsidy for testing only. Real POI is a geographic anchor, not a participating provider. Not open government subsidy data."
MOCK-SUB-0086,true,[MOCK] Lockwood South Sport Participation Voucher,sport,LOCKWOOD SOUTH,GREATER BENDIGO,22620,325,Loddon Campaspe,regional_city,w170832077,,recreation,playground,-36.8414506,144.1554466,context_only_not_provider,mock_locality,individual,none,voucher,200,one_off,,individual,applicant,5,25,false,,,FICTIONAL TEST RULES: reside in LOCKWOOD SOUTH (GREATER BENDIGO LGA). No income limit in this mock scenario. Local resident aged 5 to 25; sports enrolment or equipment quote required.,Proof of identity and locality residence; Local resident aged 5 to 25; sports enrolment or equipment quote required.,2026-08-13,2027-01-27,mock_open,SERINEA Demo Support Office (fictional),,,synthetic_from_poi_context,2026-09-08,"Fictional subsidy for testing only. Real POI is a geographic anchor, not a participating provider. Not open government subsidy data."
MOCK-SUB-0087,true,[MOCK] Dargo Moving Expense Support,relocation,DARGO,WELLINGTON,26810,370,Gippsland,rural_council,w173101951,Dargo Public Hall,community,community_centre,-37.4554933,147.2508109,context_only_not_provider,mock_locality,household,none,reimbursement,2050,one_off,110000,household,applicant,18,,true,90,50,FICTIONAL TEST RULES: reside in DARGO (WELLINGTON LGA). Annual gross household income at most AUD 110000. Move at least 50 km and establish primary residence; moving receipts required. Apply within 90 days of moving. Applicant aged at least 18.,Proof of identity and locality residence; income evidence; Move at least 50 km and establish primary residence; moving receipts required.,2026-04-23,2026-10-15,mock_open,SERINEA Demo Support Office (fictional),,,synthetic_from_poi_context,2026-09-08,"Fictional subsidy for testing only. Real POI is a geographic anchor, not a participating provider. Not open government subsidy data."
MOCK-SUB-0088,true,[MOCK] Axedale Household Settling Support,housing_setup,AXEDALE,GREATER BENDIGO,22620,325,Loddon Campaspe,regional_city,n1849299251,Axedale Public Hall,community,town_hall,-36.7876993,144.502584,context_only_not_provider,mock_locality,household,none,reimbursement,2100,one_off,90000,household,applicant,18,,true,90,,FICTIONAL TEST RULES: reside in AXEDALE (GREATER BENDIGO LGA). Annual gross household income at most AUD 90000. New resident; tenancy at least 6 months; household essentials receipts required. Apply within 90 days of moving. Applicant aged at least 18.,Proof of identity and locality residence; income evidence; New resident; tenancy at least 6 months; household essentials receipts required.,2026-06-06,2027-01-18,mock_open,SERINEA Demo Support Office (fictional),,,synthetic_from_poi_context,2026-09-08,"Fictional subsidy for testing only. Real POI is a geographic anchor, not a participating provider. Not open government subsidy data."
MOCK-SUB-0089,true,[MOCK] Venus Bay Community Participation Voucher,community,VENUS BAY,SOUTH GIPPSLAND,26170,361,Gippsland,rural_council,w1541302670,Venus Bay Tarwin Lower & District Men's Shed,community,community_centre,-38.6957663,145.8151755,context_only_not_provider,mock_locality,individual,none,voucher,300,one_off,60000,individual,applicant,18,,false,,,FICTIONAL TEST RULES: reside in VENUS BAY (SOUTH GIPPSLAND LGA). Annual gross individual income at most AUD 60000. Local resident joining a community class or activity; registration confirmation required. Applicant aged at least 18.,Proof of identity and locality residence; income evidence; Local resident joining a community class or activity; registration confirmation required.,2026-07-05,2026-12-16,mock_open,SERINEA Demo Support Office (fictional),,,synthetic_from_poi_context,2026-09-08,"Fictional subsidy for testing only. Real POI is a geographic anchor, not a participating provider. Not open government subsidy data."
MOCK-SUB-0090,true,[MOCK] Raymond Island Community Participation Voucher,community,RAYMOND ISLAND,EAST GIPPSLAND,22110,319,Gippsland,rural_council,w1469028449,Raymond Island Community Hall,community,community_centre,-37.9224882,147.7274177,context_only_not_provider,mock_locality,individual,none,voucher,350,one_off,,individual,applicant,18,,false,,,FICTIONAL TEST RULES: reside in RAYMOND ISLAND (EAST GIPPSLAND LGA). No income limit in this mock scenario. Local resident joining a community class or activity; registration confirmation required. Applicant aged at least 18.,Proof of identity and locality residence; Local resident joining a community class or activity; registration confirmation required.,2026-07-20,2027-04-03,mock_open,SERINEA Demo Support Office (fictional),,,synthetic_from_poi_context,2026-09-08,"Fictional subsidy for testing only. Real POI is a geographic anchor, not a participating provider. Not open government subsidy data."
MOCK-SUB-0091,true,[MOCK] Herne Hill Early Years Participation Voucher,childcare,HERNE HILL,GREATER GEELONG,22750,327,Barwon,regional_city,w175831782,Geelong World of Learning,education,kindergarten,-38.1399988,144.3252831,context_only_not_provider,mock_locality,household,none,voucher,900,one_off,75000,household,dependent_child,0,5,false,,,FICTIONAL TEST RULES: reside in HERNE HILL (GREATER GEELONG LGA). Annual gross household income at most AUD 75000. Parent or guardian of child aged 0 to 5; enrolment confirmation required.,Proof of identity and locality residence; income evidence; Parent or guardian of child aged 0 to 5; enrolment confirmation required.,2026-10-08,2027-03-20,mock_upcoming,SERINEA Demo Support Office (fictional),,,synthetic_from_poi_context,2026-09-08,"Fictional subsidy for testing only. Real POI is a geographic anchor, not a participating provider. Not open government subsidy data."
MOCK-SUB-0092,true,[MOCK] Waurn Ponds Local Travel Voucher,transport,WAURN PONDS,GREATER GEELONG,22750,327,Barwon,regional_city,n3626084353,Waurn Ponds Station/Sugargum Drive,public_transport,bus_stop,-38.2152994,144.306278,context_only_not_provider,mock_locality,individual,none,voucher,700,one_off,75000,individual,applicant,18,,false,,,"FICTIONAL TEST RULES: reside in WAURN PONDS (GREATER GEELONG LGA). Annual gross individual income at most AUD 75000. Local resident requiring travel support; proposed study, work or medical journey required. Applicant aged at least 18.","Proof of identity and locality residence; income evidence; Local resident requiring travel support; proposed study, work or medical journey required.",2026-07-05,2026-11-14,mock_open,SERINEA Demo Support Office (fictional),,,synthetic_from_poi_context,2026-09-08,"Fictional subsidy for testing only. Real POI is a geographic anchor, not a participating provider. Not open government subsidy data."
MOCK-SUB-0093,true,[MOCK] St Albans Park Health Access Reimbursement,healthcare,ST ALBANS PARK,GREATER GEELONG,22750,327,Barwon,regional_city,w89532698,Geelong Clinic,healthcare,hospital,-38.1826967,144.3933921,context_only_not_provider,mock_locality,individual,none,reimbursement,600,one_off,45000,individual,applicant,18,,false,,,"FICTIONAL TEST RULES: reside in ST ALBANS PARK (GREATER GEELONG LGA). Annual gross individual income at most AUD 45000. Eligible consultation, prescription or dental expense; receipt required. Applicant aged at least 18.","Proof of identity and locality residence; income evidence; Eligible consultation, prescription or dental expense; receipt required.",2026-08-12,2026-10-16,mock_open,SERINEA Demo Support Office (fictional),,,synthetic_from_poi_context,2026-09-08,"Fictional subsidy for testing only. Real POI is a geographic anchor, not a participating provider. Not open government subsidy data."
MOCK-SUB-0094,true,[MOCK] Hamlyn Heights Community Participation Voucher,community,HAMLYN HEIGHTS,GREATER GEELONG,22750,327,Barwon,regional_city,n1923515374,Western Heights College Library,community,library,-38.1234654,144.3283482,context_only_not_provider,mock_locality,individual,none,voucher,400,one_off,,individual,applicant,18,,false,,,FICTIONAL TEST RULES: reside in HAMLYN HEIGHTS (GREATER GEELONG LGA). No income limit in this mock scenario. Local resident joining a community class or activity; registration confirmation required. Applicant aged at least 18.,Proof of identity and locality residence; Local resident joining a community class or activity; registration confirmation required.,2026-06-06,2027-04-11,mock_open,SERINEA Demo Support Office (fictional),,,synthetic_from_poi_context,2026-09-08,"Fictional subsidy for testing only. Real POI is a geographic anchor, not a participating provider. Not open government subsidy data."
MOCK-SUB-0095,true,[MOCK] Ceres Community Participation Voucher,community,CERES,GREATER GEELONG,22750,327,Barwon,regional_city,w266498321,Theatre of the Winged Unicorn,community,community_centre,-38.1702503,144.2766651,context_only_not_provider,mock_locality,individual,none,voucher,500,one_off,75000,individual,applicant,18,,false,,,FICTIONAL TEST RULES: reside in CERES (GREATER GEELONG LGA). Annual gross individual income at most AUD 75000. Local resident joining a community class or activity; registration confirmation required. Applicant aged at least 18.,Proof of identity and locality residence; income evidence; Local resident joining a community class or activity; registration confirmation required.,2026-07-30,2026-12-02,mock_open,SERINEA Demo Support Office (fictional),,,synthetic_from_poi_context,2026-09-08,"Fictional subsidy for testing only. Real POI is a geographic anchor, not a participating provider. Not open government subsidy data."
MOCK-SUB-0096,true,[MOCK] North Bendigo Early Years Participation Voucher,childcare,NORTH BENDIGO,GREATER BENDIGO,22620,325,Loddon Campaspe,regional_city,w1441612113,North Bendigo Preschool,education,kindergarten,-36.7418361,144.2827376,context_only_not_provider,mock_locality,household,none,voucher,1050,one_off,90000,household,dependent_child,0,5,false,,,FICTIONAL TEST RULES: reside in NORTH BENDIGO (GREATER BENDIGO LGA). Annual gross household income at most AUD 90000. Parent or guardian of child aged 0 to 5; enrolment confirmation required.,Proof of identity and locality residence; income evidence; Parent or guardian of child aged 0 to 5; enrolment confirmation required.,2026-11-27,2027-04-20,mock_upcoming,SERINEA Demo Support Office (fictional),,,synthetic_from_poi_context,2026-09-08,"Fictional subsidy for testing only. Real POI is a geographic anchor, not a participating provider. Not open government subsidy data."
MOCK-SUB-0097,true,[MOCK] Swan Hill School Essentials Support,school_support,SWAN HILL,SWAN HILL,26610,366,Mallee,rural_council,w1135640167,OneSchool Global Swan Hill Campus,education,school,-35.3449534,143.5471661,context_only_not_provider,mock_locality,household,none,voucher,750,one_off,110000,household,dependent_child,5,18,false,,,FICTIONAL TEST RULES: reside in SWAN HILL (SWAN HILL LGA). Annual gross household income at most AUD 110000. Parent or guardian of student aged 5 to 18; enrolment and equipment quote required.,Proof of identity and locality residence; income evidence; Parent or guardian of student aged 5 to 18; enrolment and equipment quote required.,2026-03-27,2026-08-13,mock_closed,SERINEA Demo Support Office (fictional),,,synthetic_from_poi_context,2026-09-08,"Fictional subsidy for testing only. Real POI is a geographic anchor, not a participating provider. Not open government subsidy data."
MOCK-SUB-0098,true,[MOCK] Traralgon Moving Expense Support,relocation,TRARALGON,LATROBE,23810,337,Gippsland,regional_city,w1550988503,Park Lane Living Traralgon,community,social_facility,-38.1877786,146.5546679,context_only_not_provider,mock_locality,household,none,reimbursement,2000,one_off,110000,household,applicant,18,,true,90,50,FICTIONAL TEST RULES: reside in TRARALGON (LATROBE LGA). Annual gross household income at most AUD 110000. Move at least 50 km and establish primary residence; moving receipts required. Apply within 90 days of moving. Applicant aged at least 18.,Proof of identity and locality residence; income evidence; Move at least 50 km and establish primary residence; moving receipts required.,2026-07-26,2026-12-24,mock_open,SERINEA Demo Support Office (fictional),,,synthetic_from_poi_context,2026-09-08,"Fictional subsidy for testing only. Real POI is a geographic anchor, not a participating provider. Not open government subsidy data."
MOCK-SUB-0099,true,[MOCK] Banyena Independent Living Support,accessibility,BANYENA,NORTHERN GRAMPIANS,25810,357,Wimmera Southern Mallee,rural_council,w1446500428,Banyena Hall,community,community_centre,-36.5711873,142.8209939,context_only_not_provider,mock_locality,individual,none,grant,2350,one_off,60000,individual,applicant,18,,false,,,FICTIONAL TEST RULES: reside in BANYENA (NORTHERN GRAMPIANS LGA). Annual gross individual income at most AUD 60000. Disability or mobility support need; support assessment and equipment quote required. Applicant aged at least 18.,Proof of identity and locality residence; income evidence; Disability or mobility support need; support assessment and equipment quote required.,2026-04-12,2027-04-18,mock_open,SERINEA Demo Support Office (fictional),,,synthetic_from_poi_context,2026-09-08,"Fictional subsidy for testing only. Real POI is a geographic anchor, not a participating provider. Not open government subsidy data."
MOCK-SUB-0100,true,[MOCK] Ballarat Central Community Participation Voucher,community,BALLARAT CENTRAL,BALLARAT,20570,302,Central Highlands,regional_city,w51070687,Central Highlands Regional Library Corp. Ballarat branch,community,library,-37.5581026,143.8559515,context_only_not_provider,mock_locality,individual,none,voucher,250,one_off,75000,individual,applicant,18,,false,,,FICTIONAL TEST RULES: reside in BALLARAT CENTRAL (BALLARAT LGA). Annual gross individual income at most AUD 75000. Local resident joining a community class or activity; registration confirmation required. Applicant aged at least 18.,Proof of identity and locality residence; income evidence; Local resident joining a community class or activity; registration confirmation required.,2026-08-19,2026-11-27,mock_open,SERINEA Demo Support Office (fictional),,,synthetic_from_poi_context,2026-09-08,"Fictional subsidy for testing only. Real POI is a geographic anchor, not a participating provider. Not open government subsidy data."
MOCK-SUB-0101,true,[MOCK] Newhaven Local Travel Voucher,transport,NEWHAVEN,BASS COAST,20740,304,Gippsland,rural_council,n13900537216,School Ave/Cleeland St,public_transport,bus_stop,-38.5134393,145.3582281,context_only_not_provider,mock_locality,individual,none,voucher,650,one_off,60000,individual,applicant,18,,false,,,"FICTIONAL TEST RULES: reside in NEWHAVEN (BASS COAST LGA). Annual gross individual income at most AUD 60000. Local resident requiring travel support; proposed study, work or medical journey required. Applicant aged at least 18.","Proof of identity and locality residence; income evidence; Local resident requiring travel support; proposed study, work or medical journey required.",2026-02-13,2026-06-25,mock_closed,SERINEA Demo Support Office (fictional),,,synthetic_from_poi_context,2026-09-08,"Fictional subsidy for testing only. Real POI is a geographic anchor, not a participating provider. Not open government subsidy data."
MOCK-SUB-0102,true,[MOCK] Mortlake Early Years Participation Voucher,childcare,MORTLAKE,MOYNE,25490,354,Great South Coast,rural_council,w1443419142,Mortlake District Kindergarten,education,kindergarten,-38.0821255,142.8086347,context_only_not_provider,mock_locality,household,none,voucher,1450,one_off,75000,household,dependent_child,0,5,false,,,FICTIONAL TEST RULES: reside in MORTLAKE (MOYNE LGA). Annual gross household income at most AUD 75000. Parent or guardian of child aged 0 to 5; enrolment confirmation required.,Proof of identity and locality residence; income evidence; Parent or guardian of child aged 0 to 5; enrolment confirmation required.,2026-08-02,2027-02-15,mock_open,SERINEA Demo Support Office (fictional),,,synthetic_from_poi_context,2026-09-08,"Fictional subsidy for testing only. Real POI is a geographic anchor, not a participating provider. Not open government subsidy data."
MOCK-SUB-0103,true,[MOCK] Manangatang Independent Living Support,accessibility,MANANGATANG,SWAN HILL,26610,366,Mallee,rural_council,w382584688,Manangatang Public Hall,community,community_centre,-35.0512037,142.8824632,context_only_not_provider,mock_locality,individual,none,grant,2600,one_off,60000,individual,applicant,18,,false,,,FICTIONAL TEST RULES: reside in MANANGATANG (SWAN HILL LGA). Annual gross individual income at most AUD 60000. Disability or mobility support need; support assessment and equipment quote required. Applicant aged at least 18.,Proof of identity and locality residence; income evidence; Disability or mobility support need; support assessment and equipment quote required.,2026-08-15,2027-03-05,mock_open,SERINEA Demo Support Office (fictional),,,synthetic_from_poi_context,2026-09-08,"Fictional subsidy for testing only. Real POI is a geographic anchor, not a participating provider. Not open government subsidy data."
MOCK-SUB-0104,true,[MOCK] Wonthaggi Local Travel Voucher,transport,WONTHAGGI,BASS COAST,20740,304,Gippsland,rural_council,n255356608,Stewart St/Matthew St,public_transport,stop_position,-38.6163065,145.5940826,context_only_not_provider,mock_locality,individual,none,voucher,450,one_off,45000,individual,applicant,18,,false,,,"FICTIONAL TEST RULES: reside in WONTHAGGI (BASS COAST LGA). Annual gross individual income at most AUD 45000. Local resident requiring travel support; proposed study, work or medical journey required. Applicant aged at least 18.","Proof of identity and locality residence; income evidence; Local resident requiring travel support; proposed study, work or medical journey required.",2026-11-15,2027-03-22,mock_upcoming,SERINEA Demo Support Office (fictional),,,synthetic_from_poi_context,2026-09-08,"Fictional subsidy for testing only. Real POI is a geographic anchor, not a participating provider. Not open government subsidy data."
MOCK-SUB-0105,true,[MOCK] Bendigo Digital Learning Support,digital,BENDIGO,GREATER BENDIGO,22620,325,Loddon Campaspe,regional_city,w829597989,Bendigo TAFE (BTEC),education,college,-36.7602345,144.2846573,context_only_not_provider,mock_locality,individual,none,grant,550,one_off,45000,individual,applicant,16,,false,,,FICTIONAL TEST RULES: reside in BENDIGO (GREATER BENDIGO LGA). Annual gross individual income at most AUD 45000. Local resident aged at least 16 enrolled in study or digital skills activity; course and device quote required.,Proof of identity and locality residence; income evidence; Local resident aged at least 16 enrolled in study or digital skills activity; course and device quote required.,2026-07-30,2026-10-11,mock_open,SERINEA Demo Support Office (fictional),,,synthetic_from_poi_context,2026-09-08,"Fictional subsidy for testing only. Real POI is a geographic anchor, not a participating provider. Not open government subsidy data."
MOCK-SUB-0106,true,[MOCK] Portarlington Digital Learning Support,digital,PORTARLINGTON,GREATER GEELONG,22750,327,Barwon,regional_city,n6974048685,Portarlington Community Cupboard,community,community_centre,-38.1203072,144.6595341,context_only_not_provider,mock_locality,individual,none,grant,1000,one_off,45000,individual,applicant,16,,false,,,FICTIONAL TEST RULES: reside in PORTARLINGTON (GREATER GEELONG LGA). Annual gross individual income at most AUD 45000. Local resident aged at least 16 enrolled in study or digital skills activity; course and device quote required.,Proof of identity and locality residence; income evidence; Local resident aged at least 16 enrolled in study or digital skills activity; course and device quote required.,2026-05-28,2027-01-25,mock_open,SERINEA Demo Support Office (fictional),,,synthetic_from_poi_context,2026-09-08,"Fictional subsidy for testing only. Real POI is a geographic anchor, not a participating provider. Not open government subsidy data."
MOCK-SUB-0107,true,[MOCK] Maffra Independent Living Support,accessibility,MAFFRA,WELLINGTON,26810,370,Gippsland,rural_council,w317937791,Gippsland Pathology,healthcare,clinic,-37.9681385,146.9790789,context_only_not_provider,mock_locality,individual,none,grant,1950,one_off,60000,individual,applicant,18,,false,,,FICTIONAL TEST RULES: reside in MAFFRA (WELLINGTON LGA). Annual gross individual income at most AUD 60000. Disability or mobility support need; support assessment and equipment quote required. Applicant aged at least 18.,Proof of identity and locality residence; income evidence; Disability or mobility support need; support assessment and equipment quote required.,2026-06-30,2026-12-11,mock_open,SERINEA Demo Support Office (fictional),,,synthetic_from_poi_context,2026-09-08,"Fictional subsidy for testing only. Real POI is a geographic anchor, not a participating provider. Not open government subsidy data."
MOCK-SUB-0108,true,[MOCK] Omeo Health Access Reimbursement,healthcare,OMEO,EAST GIPPSLAND,22110,319,Gippsland,rural_council,n1789551901,Omeo Pharmacy,healthcare,pharmacy,-37.1005062,147.5914795,context_only_not_provider,mock_locality,individual,none,reimbursement,800,one_off,60000,individual,applicant,18,,false,,,"FICTIONAL TEST RULES: reside in OMEO (EAST GIPPSLAND LGA). Annual gross individual income at most AUD 60000. Eligible consultation, prescription or dental expense; receipt required. Applicant aged at least 18.","Proof of identity and locality residence; income evidence; Eligible consultation, prescription or dental expense; receipt required.",2026-07-24,2027-02-19,mock_open,SERINEA Demo Support Office (fictional),,,synthetic_from_poi_context,2026-09-08,"Fictional subsidy for testing only. Real POI is a geographic anchor, not a participating provider. Not open government subsidy data."
MOCK-SUB-0109,true,[MOCK] Warracknabeal School Essentials Support,school_support,WARRACKNABEAL,YARRIAMBIACK,27630,378,Wimmera Southern Mallee,rural_council,w221985715,Warracknabeal Secondary College,education,school,-36.2617629,142.3874743,context_only_not_provider,mock_locality,household,none,voucher,500,one_off,110000,household,dependent_child,5,18,false,,,FICTIONAL TEST RULES: reside in WARRACKNABEAL (YARRIAMBIACK LGA). Annual gross household income at most AUD 110000. Parent or guardian of student aged 5 to 18; enrolment and equipment quote required.,Proof of identity and locality residence; income evidence; Parent or guardian of student aged 5 to 18; enrolment and equipment quote required.,2026-05-14,2026-11-12,mock_open,SERINEA Demo Support Office (fictional),,,synthetic_from_poi_context,2026-09-08,"Fictional subsidy for testing only. Real POI is a geographic anchor, not a participating provider. Not open government subsidy data."
MOCK-SUB-0110,true,[MOCK] Geelong Household Settling Support,housing_setup,GEELONG,GREATER GEELONG,22750,327,Barwon,regional_city,w266728306,Nextt,community,social_facility,-38.1498812,144.3562005,context_only_not_provider,mock_locality,household,none,reimbursement,1100,one_off,90000,household,applicant,18,,true,90,,FICTIONAL TEST RULES: reside in GEELONG (GREATER GEELONG LGA). Annual gross household income at most AUD 90000. New resident; tenancy at least 6 months; household essentials receipts required. Apply within 90 days of moving. Applicant aged at least 18.,Proof of identity and locality residence; income evidence; New resident; tenancy at least 6 months; household essentials receipts required.,2026-06-04,2026-12-09,mock_open,SERINEA Demo Support Office (fictional),,,synthetic_from_poi_context,2026-09-08,"Fictional subsidy for testing only. Real POI is a geographic anchor, not a participating provider. Not open government subsidy data."
MOCK-SUB-0111,true,[MOCK] Leopold Health Access Reimbursement,healthcare,LEOPOLD,GREATER GEELONG,22750,327,Barwon,regional_city,w266496338,Kensington Hill Medical Centre,healthcare,doctor,-38.1889031,144.4646668,context_only_not_provider,mock_locality,individual,none,reimbursement,950,one_off,45000,individual,applicant,18,,false,,,"FICTIONAL TEST RULES: reside in LEOPOLD (GREATER GEELONG LGA). Annual gross individual income at most AUD 45000. Eligible consultation, prescription or dental expense; receipt required. Applicant aged at least 18.","Proof of identity and locality residence; income evidence; Eligible consultation, prescription or dental expense; receipt required.",2026-06-15,2027-05-05,mock_open,SERINEA Demo Support Office (fictional),,,synthetic_from_poi_context,2026-09-08,"Fictional subsidy for testing only. Real POI is a geographic anchor, not a participating provider. Not open government subsidy data."
MOCK-SUB-0112,true,[MOCK] Berringa Home Efficiency Rebate,energy,BERRINGA,GOLDEN PLAINS,22490,324,Central Highlands,rural_council,w1380666755,Berringa Community Hall,community,community_centre,-37.7741117,143.6939628,context_only_not_provider,mock_locality,household,none,rebate,1950,one_off,75000,household,applicant,18,,false,,,FICTIONAL TEST RULES: reside in BERRINGA (GOLDEN PLAINS LGA). Annual gross household income at most AUD 75000. Primary residence in locality; owner consent if renting and efficiency upgrade quote required. Applicant aged at least 18.,Proof of identity and locality residence; income evidence; Primary residence in locality; owner consent if renting and efficiency upgrade quote required.,2026-08-23,2026-12-28,mock_open,SERINEA Demo Support Office (fictional),,,synthetic_from_poi_context,2026-09-08,"Fictional subsidy for testing only. Real POI is a geographic anchor, not a participating provider. Not open government subsidy data."
MOCK-SUB-0113,true,[MOCK] Norlane School Essentials Support,school_support,NORLANE,GREATER GEELONG,22750,327,Barwon,regional_city,w142347659,Northern Bay College Tallis P-8 Campus,education,school,-38.0894753,144.364273,context_only_not_provider,mock_locality,household,none,voucher,400,one_off,90000,household,dependent_child,5,18,false,,,FICTIONAL TEST RULES: reside in NORLANE (GREATER GEELONG LGA). Annual gross household income at most AUD 90000. Parent or guardian of student aged 5 to 18; enrolment and equipment quote required.,Proof of identity and locality residence; income evidence; Parent or guardian of student aged 5 to 18; enrolment and equipment quote required.,2026-08-17,2027-02-13,mock_open,SERINEA Demo Support Office (fictional),,,synthetic_from_poi_context,2026-09-08,"Fictional subsidy for testing only. Real POI is a geographic anchor, not a participating provider. Not open government subsidy data."
MOCK-SUB-0114,true,[MOCK] Glengarry School Essentials Support,school_support,GLENGARRY,LATROBE,23810,337,Gippsland,regional_city,w1076745888,Glengarry Primary School,education,school,-38.1266443,146.5716376,context_only_not_provider,mock_locality,household,none,voucher,350,one_off,110000,household,dependent_child,5,18,false,,,FICTIONAL TEST RULES: reside in GLENGARRY (LATROBE LGA). Annual gross household income at most AUD 110000. Parent or guardian of student aged 5 to 18; enrolment and equipment quote required.,Proof of identity and locality residence; income evidence; Parent or guardian of student aged 5 to 18; enrolment and equipment quote required.,2026-06-19,2027-04-11,mock_open,SERINEA Demo Support Office (fictional),,,synthetic_from_poi_context,2026-09-08,"Fictional subsidy for testing only. Real POI is a geographic anchor, not a participating provider. Not open government subsidy data."
MOCK-SUB-0115,true,[MOCK] Sale Household Settling Support,housing_setup,SALE,WELLINGTON,26810,370,Gippsland,rural_council,n13232198664,Northwood Park,community,social_facility,-38.1036385,147.0889815,context_only_not_provider,mock_locality,household,none,reimbursement,1850,one_off,75000,household,applicant,18,,true,90,,FICTIONAL TEST RULES: reside in SALE (WELLINGTON LGA). Annual gross household income at most AUD 75000. New resident; tenancy at least 6 months; household essentials receipts required. Apply within 90 days of moving. Applicant aged at least 18.,Proof of identity and locality residence; income evidence; New resident; tenancy at least 6 months; household essentials receipts required.,2026-06-18,2027-01-31,mock_open,SERINEA Demo Support Office (fictional),,,synthetic_from_poi_context,2026-09-08,"Fictional subsidy for testing only. Real POI is a geographic anchor, not a participating provider. Not open government subsidy data."
MOCK-SUB-0116,true,[MOCK] Buninyong Sport Participation Voucher,sport,BUNINYONG,BALLARAT,20570,302,Central Highlands,regional_city,w154080005,Buninyong Swimming Pool,recreation,sports_centre,-37.6501789,143.8880378,context_only_not_provider,mock_locality,individual,none,voucher,150,one_off,75000,individual,applicant,5,25,false,,,FICTIONAL TEST RULES: reside in BUNINYONG (BALLARAT LGA). Annual gross individual income at most AUD 75000. Local resident aged 5 to 25; sports enrolment or equipment quote required.,Proof of identity and locality residence; income evidence; Local resident aged 5 to 25; sports enrolment or equipment quote required.,2026-08-26,2026-12-02,mock_open,SERINEA Demo Support Office (fictional),,,synthetic_from_poi_context,2026-09-08,"Fictional subsidy for testing only. Real POI is a geographic anchor, not a participating provider. Not open government subsidy data."
MOCK-SUB-0117,true,[MOCK] Shepparton Health Access Reimbursement,healthcare,SHEPPARTON,GREATER SHEPPARTON,22830,328,Goulburn,regional_city,w1232570634,FAMILY MEDICAL CENTRE,healthcare,clinic,-36.3786349,145.4107699,context_only_not_provider,mock_locality,individual,none,reimbursement,700,one_off,60000,individual,applicant,18,,false,,,"FICTIONAL TEST RULES: reside in SHEPPARTON (GREATER SHEPPARTON LGA). Annual gross individual income at most AUD 60000. Eligible consultation, prescription or dental expense; receipt required. Applicant aged at least 18.","Proof of identity and locality residence; income evidence; Eligible consultation, prescription or dental expense; receipt required.",2026-07-10,2027-03-11,mock_open,SERINEA Demo Support Office (fictional),,,synthetic_from_poi_context,2026-09-08,"Fictional subsidy for testing only. Real POI is a geographic anchor, not a participating provider. Not open government subsidy data."
MOCK-SUB-0118,true,[MOCK] Sale Health Access Reimbursement,healthcare,SALE,WELLINGTON,26810,370,Gippsland,rural_council,n13232198655,Sale Hospital: Emergency Department,healthcare,hospital,-38.1077762,147.0808163,context_only_not_provider,mock_locality,individual,none,reimbursement,950,one_off,60000,individual,applicant,18,,false,,,"FICTIONAL TEST RULES: reside in SALE (WELLINGTON LGA). Annual gross individual income at most AUD 60000. Eligible consultation, prescription or dental expense; receipt required. Applicant aged at least 18.","Proof of identity and locality residence; income evidence; Eligible consultation, prescription or dental expense; receipt required.",2026-05-23,2026-11-20,mock_open,SERINEA Demo Support Office (fictional),,,synthetic_from_poi_context,2026-09-08,"Fictional subsidy for testing only. Real POI is a geographic anchor, not a participating provider. Not open government subsidy data."
MOCK-SUB-0119,true,[MOCK] Strathfieldsaye Health Access Reimbursement,healthcare,STRATHFIELDSAYE,GREATER BENDIGO,22620,325,Loddon Campaspe,regional_city,n10859713507,UFS,healthcare,pharmacy,-36.8059858,144.3587169,context_only_not_provider,mock_locality,individual,none,reimbursement,400,one_off,45000,individual,applicant,18,,false,,,"FICTIONAL TEST RULES: reside in STRATHFIELDSAYE (GREATER BENDIGO LGA). Annual gross individual income at most AUD 45000. Eligible consultation, prescription or dental expense; receipt required. Applicant aged at least 18.","Proof of identity and locality residence; income evidence; Eligible consultation, prescription or dental expense; receipt required.",2026-06-18,2027-01-17,mock_open,SERINEA Demo Support Office (fictional),,,synthetic_from_poi_context,2026-09-08,"Fictional subsidy for testing only. Real POI is a geographic anchor, not a participating provider. Not open government subsidy data."
MOCK-SUB-0120,true,[MOCK] Boolarra Household Settling Support,housing_setup,BOOLARRA,LATROBE,23810,337,Gippsland,regional_city,n1432011871,Boolarra & District Memorial Hall,community,town_hall,-38.3786457,146.2746687,context_only_not_provider,mock_locality,household,none,reimbursement,1500,one_off,110000,household,applicant,18,,true,90,,FICTIONAL TEST RULES: reside in BOOLARRA (LATROBE LGA). Annual gross household income at most AUD 110000. New resident; tenancy at least 6 months; household essentials receipts required. Apply within 90 days of moving. Applicant aged at least 18.,Proof of identity and locality residence; income evidence; New resident; tenancy at least 6 months; household essentials receipts required.,2026-06-27,2026-10-16,mock_open,SERINEA Demo Support Office (fictional),,,synthetic_from_poi_context,2026-09-08,"Fictional subsidy for testing only. Real POI is a geographic anchor, not a participating provider. Not open government subsidy data."
MOCK-SUB-0121,true,[MOCK] Highton Sport Participation Voucher,sport,HIGHTON,GREATER GEELONG,22750,327,Barwon,regional_city,w37866700,Geelong Bowling Lanes,recreation,sports_centre,-38.1884444,144.3245363,context_only_not_provider,mock_locality,individual,none,voucher,350,one_off,45000,individual,applicant,5,25,false,,,FICTIONAL TEST RULES: reside in HIGHTON (GREATER GEELONG LGA). Annual gross individual income at most AUD 45000. Local resident aged 5 to 25; sports enrolment or equipment quote required.,Proof of identity and locality residence; income evidence; Local resident aged 5 to 25; sports enrolment or equipment quote required.,2026-07-13,2027-02-04,mock_open,SERINEA Demo Support Office (fictional),,,synthetic_from_poi_context,2026-09-08,"Fictional subsidy for testing only. Real POI is a geographic anchor, not a participating provider. Not open government subsidy data."
MOCK-SUB-0122,true,[MOCK] Wodonga Household Settling Support,housing_setup,WODONGA,WODONGA,27170,374,Ovens Murray,regional_city,n4308136769,Wodonga Australian-Croatian Club Inc.,community,community_centre,-36.1116837,146.8957041,context_only_not_provider,mock_locality,household,none,reimbursement,1050,one_off,75000,household,applicant,18,,true,90,,FICTIONAL TEST RULES: reside in WODONGA (WODONGA LGA). Annual gross household income at most AUD 75000. New resident; tenancy at least 6 months; household essentials receipts required. Apply within 90 days of moving. Applicant aged at least 18.,Proof of identity and locality residence; income evidence; New resident; tenancy at least 6 months; household essentials receipts required.,2026-04-30,2026-07-16,mock_closed,SERINEA Demo Support Office (fictional),,,synthetic_from_poi_context,2026-09-08,"Fictional subsidy for testing only. Real POI is a geographic anchor, not a participating provider. Not open government subsidy data."
MOCK-SUB-0123,true,[MOCK] Sebastopol Early Years Participation Voucher,childcare,SEBASTOPOL,BALLARAT,20570,302,Central Highlands,regional_city,n2194128996,Sebastopol Kindergarten,education,kindergarten,-37.5915553,143.8414542,context_only_not_provider,mock_locality,household,none,voucher,450,one_off,110000,household,dependent_child,0,5,false,,,FICTIONAL TEST RULES: reside in SEBASTOPOL (BALLARAT LGA). Annual gross household income at most AUD 110000. Parent or guardian of child aged 0 to 5; enrolment confirmation required.,Proof of identity and locality residence; income evidence; Parent or guardian of child aged 0 to 5; enrolment confirmation required.,2026-09-30,2026-12-24,mock_upcoming,SERINEA Demo Support Office (fictional),,,synthetic_from_poi_context,2026-09-08,"Fictional subsidy for testing only. Real POI is a geographic anchor, not a participating provider. Not open government subsidy data."
MOCK-SUB-0124,true,[MOCK] Bacchus Marsh Moving Expense Support,relocation,BACCHUS MARSH,MOORABOOL,25150,350,Central Highlands,rural_council,n5589387393,Bacchus Marsh Public Hall,community,community_centre,-37.6765775,144.4410405,context_only_not_provider,mock_locality,household,none,reimbursement,1900,one_off,90000,household,applicant,18,,true,90,50,FICTIONAL TEST RULES: reside in BACCHUS MARSH (MOORABOOL LGA). Annual gross household income at most AUD 90000. Move at least 50 km and establish primary residence; moving receipts required. Apply within 90 days of moving. Applicant aged at least 18.,Proof of identity and locality residence; income evidence; Move at least 50 km and establish primary residence; moving receipts required.,2026-08-11,2026-10-09,mock_open,SERINEA Demo Support Office (fictional),,,synthetic_from_poi_context,2026-09-08,"Fictional subsidy for testing only. Real POI is a geographic anchor, not a participating provider. Not open government subsidy data."
MOCK-SUB-0125,true,[MOCK] Warrnambool Sport Participation Voucher,sport,WARRNAMBOOL,WARRNAMBOOL,26730,369,Great South Coast,regional_city,w784633354,,recreation,park,-38.3708817,142.4824477,context_only_not_provider,mock_locality,individual,none,voucher,250,one_off,,individual,applicant,5,25,false,,,FICTIONAL TEST RULES: reside in WARRNAMBOOL (WARRNAMBOOL LGA). No income limit in this mock scenario. Local resident aged 5 to 25; sports enrolment or equipment quote required.,Proof of identity and locality residence; Local resident aged 5 to 25; sports enrolment or equipment quote required.,2026-07-01,2027-04-17,mock_open,SERINEA Demo Support Office (fictional),,,synthetic_from_poi_context,2026-09-08,"Fictional subsidy for testing only. Real POI is a geographic anchor, not a participating provider. Not open government subsidy data."
MOCK-SUB-0126,true,[MOCK] Geelong West Health Access Reimbursement,healthcare,GEELONG WEST,GREATER GEELONG,22750,327,Barwon,regional_city,n1923571725,Amcal,healthcare,pharmacy,-38.1384079,144.3369927,context_only_not_provider,mock_locality,individual,none,reimbursement,250,one_off,75000,individual,applicant,18,,false,,,"FICTIONAL TEST RULES: reside in GEELONG WEST (GREATER GEELONG LGA). Annual gross individual income at most AUD 75000. Eligible consultation, prescription or dental expense; receipt required. Applicant aged at least 18.","Proof of identity and locality residence; income evidence; Eligible consultation, prescription or dental expense; receipt required.",2026-08-21,2027-01-01,mock_open,SERINEA Demo Support Office (fictional),,,synthetic_from_poi_context,2026-09-08,"Fictional subsidy for testing only. Real POI is a geographic anchor, not a participating provider. Not open government subsidy data."
MOCK-SUB-0127,true,[MOCK] Tintaldra Moving Expense Support,relocation,TINTALDRA,TOWONG,26670,367,Ovens Murray,rural_council,w345646793,Tintaldra Public Hall,community,community_centre,-36.0480891,147.9315211,context_only_not_provider,mock_locality,household,none,reimbursement,1750,one_off,75000,household,applicant,18,,true,90,50,FICTIONAL TEST RULES: reside in TINTALDRA (TOWONG LGA). Annual gross household income at most AUD 75000. Move at least 50 km and establish primary residence; moving receipts required. Apply within 90 days of moving. Applicant aged at least 18.,Proof of identity and locality residence; income evidence; Move at least 50 km and establish primary residence; moving receipts required.,2026-05-05,2027-04-01,mock_open,SERINEA Demo Support Office (fictional),,,synthetic_from_poi_context,2026-09-08,"Fictional subsidy for testing only. Real POI is a geographic anchor, not a participating provider. Not open government subsidy data."
MOCK-SUB-0128,true,[MOCK] Moe Moving Expense Support,relocation,MOE,LATROBE,23810,337,Gippsland,regional_city,w1393797460,Baw Baw Views,community,social_facility,-38.174732,146.269799,context_only_not_provider,mock_locality,household,none,reimbursement,4500,one_off,75000,household,applicant,18,,true,90,50,FICTIONAL TEST RULES: reside in MOE (LATROBE LGA). Annual gross household income at most AUD 75000. Move at least 50 km and establish primary residence; moving receipts required. Apply within 90 days of moving. Applicant aged at least 18.,Proof of identity and locality residence; income evidence; Move at least 50 km and establish primary residence; moving receipts required.,2026-05-03,2026-12-17,mock_open,SERINEA Demo Support Office (fictional),,,synthetic_from_poi_context,2026-09-08,"Fictional subsidy for testing only. Real POI is a geographic anchor, not a participating provider. Not open government subsidy data."
MOCK-SUB-0129,true,[MOCK] Mount Clear Early Years Participation Voucher,childcare,MOUNT CLEAR,BALLARAT,20570,302,Central Highlands,regional_city,w1287039595,,education,kindergarten,-37.5971758,143.8672595,context_only_not_provider,mock_locality,household,none,voucher,1350,one_off,90000,household,dependent_child,0,5,false,,,FICTIONAL TEST RULES: reside in MOUNT CLEAR (BALLARAT LGA). Annual gross household income at most AUD 90000. Parent or guardian of child aged 0 to 5; enrolment confirmation required.,Proof of identity and locality residence; income evidence; Parent or guardian of child aged 0 to 5; enrolment confirmation required.,2026-04-30,2027-02-13,mock_open,SERINEA Demo Support Office (fictional),,,synthetic_from_poi_context,2026-09-08,"Fictional subsidy for testing only. Real POI is a geographic anchor, not a participating provider. Not open government subsidy data."
MOCK-SUB-0130,true,[MOCK] Beulah School Essentials Support,school_support,BEULAH,YARRIAMBIACK,27630,378,Wimmera Southern Mallee,rural_council,w230223454,Beulah Primary School,education,school,-35.9446451,142.4185471,context_only_not_provider,mock_locality,household,none,voucher,250,one_off,110000,household,dependent_child,5,18,false,,,FICTIONAL TEST RULES: reside in BEULAH (YARRIAMBIACK LGA). Annual gross household income at most AUD 110000. Parent or guardian of student aged 5 to 18; enrolment and equipment quote required.,Proof of identity and locality residence; income evidence; Parent or guardian of student aged 5 to 18; enrolment and equipment quote required.,2026-10-16,2027-02-02,mock_upcoming,SERINEA Demo Support Office (fictional),,,synthetic_from_poi_context,2026-09-08,"Fictional subsidy for testing only. Real POI is a geographic anchor, not a participating provider. Not open government subsidy data."
MOCK-SUB-0131,true,[MOCK] Wycheproof Health Access Reimbursement,healthcare,WYCHEPROOF,BULOKE,21270,309,Mallee,rural_council,n11473943839,Wycheproof Pharmacy Depot,healthcare,pharmacy,-36.0764254,143.2258951,context_only_not_provider,mock_locality,individual,none,reimbursement,600,one_off,45000,individual,applicant,18,,false,,,"FICTIONAL TEST RULES: reside in WYCHEPROOF (BULOKE LGA). Annual gross individual income at most AUD 45000. Eligible consultation, prescription or dental expense; receipt required. Applicant aged at least 18.","Proof of identity and locality residence; income evidence; Eligible consultation, prescription or dental expense; receipt required.",2026-06-24,2027-03-31,mock_open,SERINEA Demo Support Office (fictional),,,synthetic_from_poi_context,2026-09-08,"Fictional subsidy for testing only. Real POI is a geographic anchor, not a participating provider. Not open government subsidy data."
MOCK-SUB-0132,true,[MOCK] Bendigo Household Settling Support,housing_setup,BENDIGO,GREATER BENDIGO,22620,325,Loddon Campaspe,regional_city,w827550051,St Vincent De Paul Assistance Centre Bendigo,community,social_facility,-36.7576639,144.2857166,context_only_not_provider,mock_locality,household,none,reimbursement,1250,one_off,75000,household,applicant,18,,true,90,,FICTIONAL TEST RULES: reside in BENDIGO (GREATER BENDIGO LGA). Annual gross household income at most AUD 75000. New resident; tenancy at least 6 months; household essentials receipts required. Apply within 90 days of moving. Applicant aged at least 18.,Proof of identity and locality residence; income evidence; New resident; tenancy at least 6 months; household essentials receipts required.,2026-11-02,2027-02-24,mock_upcoming,SERINEA Demo Support Office (fictional),,,synthetic_from_poi_context,2026-09-08,"Fictional subsidy for testing only. Real POI is a geographic anchor, not a participating provider. Not open government subsidy data."
MOCK-SUB-0133,true,[MOCK] Corinella Home Efficiency Rebate,energy,CORINELLA,BASS COAST,20740,304,Gippsland,rural_council,w858914518,Corinella Community Hall,community,community_centre,-38.4143488,145.4333369,context_only_not_provider,mock_locality,household,none,rebate,700,one_off,110000,household,applicant,18,,false,,,FICTIONAL TEST RULES: reside in CORINELLA (BASS COAST LGA). Annual gross household income at most AUD 110000. Primary residence in locality; owner consent if renting and efficiency upgrade quote required. Applicant aged at least 18.,Proof of identity and locality residence; income evidence; Primary residence in locality; owner consent if renting and efficiency upgrade quote required.,2026-04-12,2026-11-27,mock_open,SERINEA Demo Support Office (fictional),,,synthetic_from_poi_context,2026-09-08,"Fictional subsidy for testing only. Real POI is a geographic anchor, not a participating provider. Not open government subsidy data."
MOCK-SUB-0134,true,[MOCK] Goroke Community Participation Voucher,community,GOROKE,WEST WIMMERA,26890,371,Wimmera Southern Mallee,rural_council,n11493846306,Rural Transaction Centre - RTC,community,community_centre,-36.7184939,141.4717887,context_only_not_provider,mock_locality,individual,none,voucher,450,one_off,60000,individual,applicant,18,,false,,,FICTIONAL TEST RULES: reside in GOROKE (WEST WIMMERA LGA). Annual gross individual income at most AUD 60000. Local resident joining a community class or activity; registration confirmation required. Applicant aged at least 18.,Proof of identity and locality residence; income evidence; Local resident joining a community class or activity; registration confirmation required.,2026-08-15,2027-04-09,mock_open,SERINEA Demo Support Office (fictional),,,synthetic_from_poi_context,2026-09-08,"Fictional subsidy for testing only. Real POI is a geographic anchor, not a participating provider. Not open government subsidy data."
MOCK-SUB-0135,true,[MOCK] Norlane Early Years Participation Voucher,childcare,NORLANE,GREATER GEELONG,22750,327,Barwon,regional_city,w266825244,Montessori Minds Childcare & Kindergarten,education,kindergarten,-38.0961616,144.3547166,context_only_not_provider,mock_locality,household,none,voucher,500,one_off,90000,household,dependent_child,0,5,false,,,FICTIONAL TEST RULES: reside in NORLANE (GREATER GEELONG LGA). Annual gross household income at most AUD 90000. Parent or guardian of child aged 0 to 5; enrolment confirmation required.,Proof of identity and locality residence; income evidence; Parent or guardian of child aged 0 to 5; enrolment confirmation required.,2026-04-19,2026-12-26,mock_open,SERINEA Demo Support Office (fictional),,,synthetic_from_poi_context,2026-09-08,"Fictional subsidy for testing only. Real POI is a geographic anchor, not a participating provider. Not open government subsidy data."
MOCK-SUB-0136,true,[MOCK] Rosedale Household Settling Support,housing_setup,ROSEDALE,WELLINGTON,26810,370,Gippsland,rural_council,n13204373255,Rosedale Neighbourhood House,community,community_centre,-38.1543742,146.7882616,context_only_not_provider,mock_locality,household,none,reimbursement,1100,one_off,110000,household,applicant,18,,true,90,,FICTIONAL TEST RULES: reside in ROSEDALE (WELLINGTON LGA). Annual gross household income at most AUD 110000. New resident; tenancy at least 6 months; household essentials receipts required. Apply within 90 days of moving. Applicant aged at least 18.,Proof of identity and locality residence; income evidence; New resident; tenancy at least 6 months; household essentials receipts required.,2026-05-13,2027-01-08,mock_open,SERINEA Demo Support Office (fictional),,,synthetic_from_poi_context,2026-09-08,"Fictional subsidy for testing only. Real POI is a geographic anchor, not a participating provider. Not open government subsidy data."
MOCK-SUB-0137,true,[MOCK] Drouin Household Settling Support,housing_setup,DROUIN,BAW BAW,20830,305,Gippsland,rural_council,n7202267690,Drouin RSL Sub-branch,community,community_centre,-38.1337273,145.8537186,context_only_not_provider,mock_locality,household,none,reimbursement,2500,one_off,75000,household,applicant,18,,true,90,,FICTIONAL TEST RULES: reside in DROUIN (BAW BAW LGA). Annual gross household income at most AUD 75000. New resident; tenancy at least 6 months; household essentials receipts required. Apply within 90 days of moving. Applicant aged at least 18.,Proof of identity and locality residence; income evidence; New resident; tenancy at least 6 months; household essentials receipts required.,2026-04-25,2027-01-03,mock_open,SERINEA Demo Support Office (fictional),,,synthetic_from_poi_context,2026-09-08,"Fictional subsidy for testing only. Real POI is a geographic anchor, not a participating provider. Not open government subsidy data."
MOCK-SUB-0138,true,[MOCK] Beaufort Local Travel Voucher,transport,BEAUFORT,PYRENEES,25990,359,Central Highlands,rural_council,n13571810613,Beaufort 1,public_transport,stop_position,-37.4275349,143.3829369,context_only_not_provider,mock_locality,individual,none,voucher,400,one_off,75000,individual,applicant,18,,false,,,"FICTIONAL TEST RULES: reside in BEAUFORT (PYRENEES LGA). Annual gross individual income at most AUD 75000. Local resident requiring travel support; proposed study, work or medical journey required. Applicant aged at least 18.","Proof of identity and locality residence; income evidence; Local resident requiring travel support; proposed study, work or medical journey required.",2026-05-24,2027-03-21,mock_open,SERINEA Demo Support Office (fictional),,,synthetic_from_poi_context,2026-09-08,"Fictional subsidy for testing only. Real POI is a geographic anchor, not a participating provider. Not open government subsidy data."
MOCK-SUB-0139,true,[MOCK] Eaglehawk Moving Expense Support,relocation,EAGLEHAWK,GREATER BENDIGO,22620,325,Loddon Campaspe,regional_city,w1012938325,Eaglehawk Town Hall,community,town_hall,-36.7171867,144.2511477,context_only_not_provider,mock_locality,household,none,reimbursement,2050,one_off,90000,household,applicant,18,,true,90,50,FICTIONAL TEST RULES: reside in EAGLEHAWK (GREATER BENDIGO LGA). Annual gross household income at most AUD 90000. Move at least 50 km and establish primary residence; moving receipts required. Apply within 90 days of moving. Applicant aged at least 18.,Proof of identity and locality residence; income evidence; Move at least 50 km and establish primary residence; moving receipts required.,2026-03-23,2026-07-11,mock_closed,SERINEA Demo Support Office (fictional),,,synthetic_from_poi_context,2026-09-08,"Fictional subsidy for testing only. Real POI is a geographic anchor, not a participating provider. Not open government subsidy data."
MOCK-SUB-0140,true,[MOCK] Swan Hill Moving Expense Support,relocation,SWAN HILL,SWAN HILL,26610,366,Mallee,rural_council,w1306104776,Stradbroke Hall,community,community_centre,-35.3436072,143.5509981,context_only_not_provider,mock_locality,household,none,reimbursement,3350,one_off,90000,household,applicant,18,,true,90,50,FICTIONAL TEST RULES: reside in SWAN HILL (SWAN HILL LGA). Annual gross household income at most AUD 90000. Move at least 50 km and establish primary residence; moving receipts required. Apply within 90 days of moving. Applicant aged at least 18.,Proof of identity and locality residence; income evidence; Move at least 50 km and establish primary residence; moving receipts required.,2026-05-05,2026-10-17,mock_open,SERINEA Demo Support Office (fictional),,,synthetic_from_poi_context,2026-09-08,"Fictional subsidy for testing only. Real POI is a geographic anchor, not a participating provider. Not open government subsidy data."
MOCK-SUB-0141,true,[MOCK] Barwon Heads School Essentials Support,school_support,BARWON HEADS,GREATER GEELONG,22750,327,Barwon,regional_city,w70259025,Barwon Heads Primary School,education,school,-38.281002,144.4848974,context_only_not_provider,mock_locality,household,none,voucher,550,one_off,75000,household,dependent_child,5,18,false,,,FICTIONAL TEST RULES: reside in BARWON HEADS (GREATER GEELONG LGA). Annual gross household income at most AUD 75000. Parent or guardian of student aged 5 to 18; enrolment and equipment quote required.,Proof of identity and locality residence; income evidence; Parent or guardian of student aged 5 to 18; enrolment and equipment quote required.,2026-04-15,2027-05-06,mock_open,SERINEA Demo Support Office (fictional),,,synthetic_from_poi_context,2026-09-08,"Fictional subsidy for testing only. Real POI is a geographic anchor, not a participating provider. Not open government subsidy data."
MOCK-SUB-0142,true,[MOCK] Shepparton Local Travel Voucher,transport,SHEPPARTON,GREATER SHEPPARTON,22830,328,Goulburn,regional_city,n13741898764,Aquamoves/Tom Collins Dr,public_transport,stop_position,-36.3860293,145.3944373,context_only_not_provider,mock_locality,individual,none,voucher,250,one_off,75000,individual,applicant,18,,false,,,"FICTIONAL TEST RULES: reside in SHEPPARTON (GREATER SHEPPARTON LGA). Annual gross individual income at most AUD 75000. Local resident requiring travel support; proposed study, work or medical journey required. Applicant aged at least 18.","Proof of identity and locality residence; income evidence; Local resident requiring travel support; proposed study, work or medical journey required.",2026-06-25,2027-02-12,mock_open,SERINEA Demo Support Office (fictional),,,synthetic_from_poi_context,2026-09-08,"Fictional subsidy for testing only. Real POI is a geographic anchor, not a participating provider. Not open government subsidy data."
MOCK-SUB-0143,true,[MOCK] Alfredton Early Years Participation Voucher,childcare,ALFREDTON,BALLARAT,20570,302,Central Highlands,regional_city,w1280788350,Alfredton Uniting Kindergarten,education,kindergarten,-37.5523594,143.8064536,context_only_not_provider,mock_locality,household,none,voucher,950,one_off,90000,household,dependent_child,0,5,false,,,FICTIONAL TEST RULES: reside in ALFREDTON (BALLARAT LGA). Annual gross household income at most AUD 90000. Parent or guardian of child aged 0 to 5; enrolment confirmation required.,Proof of identity and locality residence; income evidence; Parent or guardian of child aged 0 to 5; enrolment confirmation required.,2026-10-19,2026-12-31,mock_upcoming,SERINEA Demo Support Office (fictional),,,synthetic_from_poi_context,2026-09-08,"Fictional subsidy for testing only. Real POI is a geographic anchor, not a participating provider. Not open government subsidy data."
MOCK-SUB-0144,true,[MOCK] Apsley Local Travel Voucher,transport,APSLEY,WEST WIMMERA,26890,371,Wimmera Southern Mallee,rural_council,n13917123643,Splatt St/Wimmera Hwy,public_transport,bus_stop,-36.9685732,141.0834911,context_only_not_provider,mock_locality,individual,none,voucher,350,one_off,45000,individual,applicant,18,,false,,,"FICTIONAL TEST RULES: reside in APSLEY (WEST WIMMERA LGA). Annual gross individual income at most AUD 45000. Local resident requiring travel support; proposed study, work or medical journey required. Applicant aged at least 18.","Proof of identity and locality residence; income evidence; Local resident requiring travel support; proposed study, work or medical journey required.",2026-08-11,2027-04-03,mock_open,SERINEA Demo Support Office (fictional),,,synthetic_from_poi_context,2026-09-08,"Fictional subsidy for testing only. Real POI is a geographic anchor, not a participating provider. Not open government subsidy data."
MOCK-SUB-0145,true,[MOCK] Drummond School Essentials Support,school_support,DRUMMOND,HEPBURN,22910,329,Central Highlands,rural_council,w199765376,Drummond Primary School,education,school,-37.2353603,144.3303279,context_only_not_provider,mock_locality,household,none,voucher,750,one_off,75000,household,dependent_child,5,18,false,,,FICTIONAL TEST RULES: reside in DRUMMOND (HEPBURN LGA). Annual gross household income at most AUD 75000. Parent or guardian of student aged 5 to 18; enrolment and equipment quote required.,Proof of identity and locality residence; income evidence; Parent or guardian of student aged 5 to 18; enrolment and equipment quote required.,2026-08-18,2027-03-27,mock_open,SERINEA Demo Support Office (fictional),,,synthetic_from_poi_context,2026-09-08,"Fictional subsidy for testing only. Real POI is a geographic anchor, not a participating provider. Not open government subsidy data."
MOCK-SUB-0146,true,[MOCK] Morwell Early Years Participation Voucher,childcare,MORWELL,LATROBE,23810,337,Gippsland,regional_city,w367074538,,education,childcare,-38.2395325,146.3875378,context_only_not_provider,mock_locality,household,none,voucher,1650,one_off,110000,household,dependent_child,0,5,false,,,FICTIONAL TEST RULES: reside in MORWELL (LATROBE LGA). Annual gross household income at most AUD 110000. Parent or guardian of child aged 0 to 5; enrolment confirmation required.,Proof of identity and locality residence; income evidence; Parent or guardian of child aged 0 to 5; enrolment confirmation required.,2026-07-24,2027-02-13,mock_open,SERINEA Demo Support Office (fictional),,,synthetic_from_poi_context,2026-09-08,"Fictional subsidy for testing only. Real POI is a geographic anchor, not a participating provider. Not open government subsidy data."
MOCK-SUB-0147,true,[MOCK] Delacombe Health Access Reimbursement,healthcare,DELACOMBE,BALLARAT,20570,302,Central Highlands,regional_city,n13274878001,Lotus Family Clinic,healthcare,clinic,-37.5873554,143.8241871,context_only_not_provider,mock_locality,individual,none,reimbursement,450,one_off,75000,individual,applicant,18,,false,,,"FICTIONAL TEST RULES: reside in DELACOMBE (BALLARAT LGA). Annual gross individual income at most AUD 75000. Eligible consultation, prescription or dental expense; receipt required. Applicant aged at least 18.","Proof of identity and locality residence; income evidence; Eligible consultation, prescription or dental expense; receipt required.",2026-07-18,2027-01-07,mock_open,SERINEA Demo Support Office (fictional),,,synthetic_from_poi_context,2026-09-08,"Fictional subsidy for testing only. Real POI is a geographic anchor, not a participating provider. Not open government subsidy data."
MOCK-SUB-0148,true,[MOCK] Penshurst Early Years Participation Voucher,childcare,PENSHURST,SOUTHERN GRAMPIANS,26260,362,Great South Coast,rural_council,w1429195722,Penshurst Preschool,education,kindergarten,-37.8768896,142.2932921,context_only_not_provider,mock_locality,household,none,voucher,1250,one_off,75000,household,dependent_child,0,5,false,,,FICTIONAL TEST RULES: reside in PENSHURST (SOUTHERN GRAMPIANS LGA). Annual gross household income at most AUD 75000. Parent or guardian of child aged 0 to 5; enrolment confirmation required.,Proof of identity and locality residence; income evidence; Parent or guardian of child aged 0 to 5; enrolment confirmation required.,2026-06-20,2027-03-09,mock_open,SERINEA Demo Support Office (fictional),,,synthetic_from_poi_context,2026-09-08,"Fictional subsidy for testing only. Real POI is a geographic anchor, not a participating provider. Not open government subsidy data."
MOCK-SUB-0149,true,[MOCK] Gisborne Early Years Participation Voucher,childcare,GISBORNE,MACEDON RANGES,24130,339,Loddon Campaspe,rural_council,n2669551817,Swinburne Avenue Kindergarten,education,kindergarten,-37.4763832,144.5856312,context_only_not_provider,mock_locality,household,none,voucher,700,one_off,110000,household,dependent_child,0,5,false,,,FICTIONAL TEST RULES: reside in GISBORNE (MACEDON RANGES LGA). Annual gross household income at most AUD 110000. Parent or guardian of child aged 0 to 5; enrolment confirmation required.,Proof of identity and locality residence; income evidence; Parent or guardian of child aged 0 to 5; enrolment confirmation required.,2026-08-27,2026-11-13,mock_open,SERINEA Demo Support Office (fictional),,,synthetic_from_poi_context,2026-09-08,"Fictional subsidy for testing only. Real POI is a geographic anchor, not a participating provider. Not open government subsidy data."
MOCK-SUB-0150,true,[MOCK] Geelong West Community Participation Voucher,community,GEELONG WEST,GREATER GEELONG,22750,327,Barwon,regional_city,w266742720,Ukrainian Community Hall,community,community_centre,-38.1352641,144.3490345,context_only_not_provider,mock_locality,individual,none,voucher,500,one_off,,individual,applicant,18,,false,,,FICTIONAL TEST RULES: reside in GEELONG WEST (GREATER GEELONG LGA). No income limit in this mock scenario. Local resident joining a community class or activity; registration confirmation required. Applicant aged at least 18.,Proof of identity and locality residence; Local resident joining a community class or activity; registration confirmation required.,2026-04-21,2026-07-18,mock_closed,SERINEA Demo Support Office (fictional),,,synthetic_from_poi_context,2026-09-08,"Fictional subsidy for testing only. Real POI is a geographic anchor, not a participating provider. Not open government subsidy data."
MOCK-SUB-0151,true,[MOCK] Kennington Local Travel Voucher,transport,KENNINGTON,GREATER BENDIGO,22620,325,Loddon Campaspe,regional_city,n11273716760,Strath Village SC/Edwards Rd,public_transport,bus_stop,-36.7743178,144.3042563,context_only_not_provider,mock_locality,individual,none,voucher,350,one_off,60000,individual,applicant,18,,false,,,"FICTIONAL TEST RULES: reside in KENNINGTON (GREATER BENDIGO LGA). Annual gross individual income at most AUD 60000. Local resident requiring travel support; proposed study, work or medical journey required. Applicant aged at least 18.","Proof of identity and locality residence; income evidence; Local resident requiring travel support; proposed study, work or medical journey required.",2026-05-05,2026-12-14,mock_open,SERINEA Demo Support Office (fictional),,,synthetic_from_poi_context,2026-09-08,"Fictional subsidy for testing only. Real POI is a geographic anchor, not a participating provider. Not open government subsidy data."
MOCK-SUB-0152,true,[MOCK] Whitfield Moving Expense Support,relocation,WHITFIELD,WANGARATTA,26700,368,Ovens Murray,regional_city,w579550561,Whitfield Hall,community,community_centre,-36.7646315,146.4143324,context_only_not_provider,mock_locality,household,none,reimbursement,2450,one_off,110000,household,applicant,18,,true,90,50,FICTIONAL TEST RULES: reside in WHITFIELD (WANGARATTA LGA). Annual gross household income at most AUD 110000. Move at least 50 km and establish primary residence; moving receipts required. Apply within 90 days of moving. Applicant aged at least 18.,Proof of identity and locality residence; income evidence; Move at least 50 km and establish primary residence; moving receipts required.,2026-08-21,2027-04-19,mock_open,SERINEA Demo Support Office (fictional),,,synthetic_from_poi_context,2026-09-08,"Fictional subsidy for testing only. Real POI is a geographic anchor, not a participating provider. Not open government subsidy data."
MOCK-SUB-0153,true,[MOCK] Mooroopna Household Settling Support,housing_setup,MOOROOPNA,GREATER SHEPPARTON,22830,328,Goulburn,regional_city,n12698075850,MG O'Brien Hall,community,community_centre,-36.3944626,145.3625932,context_only_not_provider,mock_locality,household,none,reimbursement,1850,one_off,75000,household,applicant,18,,true,90,,FICTIONAL TEST RULES: reside in MOOROOPNA (GREATER SHEPPARTON LGA). Annual gross household income at most AUD 75000. New resident; tenancy at least 6 months; household essentials receipts required. Apply within 90 days of moving. Applicant aged at least 18.,Proof of identity and locality residence; income evidence; New resident; tenancy at least 6 months; household essentials receipts required.,2026-11-11,2027-04-03,mock_upcoming,SERINEA Demo Support Office (fictional),,,synthetic_from_poi_context,2026-09-08,"Fictional subsidy for testing only. Real POI is a geographic anchor, not a participating provider. Not open government subsidy data."
MOCK-SUB-0154,true,[MOCK] Bell Park Household Settling Support,housing_setup,BELL PARK,GREATER GEELONG,22750,327,Barwon,regional_city,w939343346,Victorian Croatian Aged Care Services,community,social_facility,-38.1051709,144.3335143,context_only_not_provider,mock_locality,household,none,reimbursement,2500,one_off,110000,household,applicant,18,,true,90,,FICTIONAL TEST RULES: reside in BELL PARK (GREATER GEELONG LGA). Annual gross household income at most AUD 110000. New resident; tenancy at least 6 months; household essentials receipts required. Apply within 90 days of moving. Applicant aged at least 18.,Proof of identity and locality residence; income evidence; New resident; tenancy at least 6 months; household essentials receipts required.,2026-08-27,2027-02-14,mock_open,SERINEA Demo Support Office (fictional),,,synthetic_from_poi_context,2026-09-08,"Fictional subsidy for testing only. Real POI is a geographic anchor, not a participating provider. Not open government subsidy data."
MOCK-SUB-0155,true,[MOCK] Soldiers Hill School Essentials Support,school_support,SOLDIERS HILL,BALLARAT,20570,302,Central Highlands,regional_city,w127980669,St Columba's School,education,school,-37.5460272,143.8599288,context_only_not_provider,mock_locality,household,none,voucher,600,one_off,75000,household,dependent_child,5,18,false,,,FICTIONAL TEST RULES: reside in SOLDIERS HILL (BALLARAT LGA). Annual gross household income at most AUD 75000. Parent or guardian of student aged 5 to 18; enrolment and equipment quote required.,Proof of identity and locality residence; income evidence; Parent or guardian of student aged 5 to 18; enrolment and equipment quote required.,2026-10-01,2027-01-14,mock_upcoming,SERINEA Demo Support Office (fictional),,,synthetic_from_poi_context,2026-09-08,"Fictional subsidy for testing only. Real POI is a geographic anchor, not a participating provider. Not open government subsidy data."
MOCK-SUB-0156,true,[MOCK] Kialla Local Travel Voucher,transport,KIALLA,GREATER SHEPPARTON,22830,328,Goulburn,regional_city,n654589675,Kialla Terminus/Waranga Dr,public_transport,stop_position,-36.4184928,145.4029313,context_only_not_provider,mock_locality,individual,none,voucher,450,one_off,60000,individual,applicant,18,,false,,,"FICTIONAL TEST RULES: reside in KIALLA (GREATER SHEPPARTON LGA). Annual gross individual income at most AUD 60000. Local resident requiring travel support; proposed study, work or medical journey required. Applicant aged at least 18.","Proof of identity and locality residence; income evidence; Local resident requiring travel support; proposed study, work or medical journey required.",2026-09-19,2026-12-31,mock_upcoming,SERINEA Demo Support Office (fictional),,,synthetic_from_poi_context,2026-09-08,"Fictional subsidy for testing only. Real POI is a geographic anchor, not a participating provider. Not open government subsidy data."
MOCK-SUB-0157,true,[MOCK] Cavendish Local Travel Voucher,transport,CAVENDISH,SOUTHERN GRAMPIANS,26260,362,Great South Coast,rural_council,w285452127,,public_transport,platform,-37.4733402,141.9982271,context_only_not_provider,mock_locality,individual,none,voucher,250,one_off,75000,individual,applicant,18,,false,,,"FICTIONAL TEST RULES: reside in CAVENDISH (SOUTHERN GRAMPIANS LGA). Annual gross individual income at most AUD 75000. Local resident requiring travel support; proposed study, work or medical journey required. Applicant aged at least 18.","Proof of identity and locality residence; income evidence; Local resident requiring travel support; proposed study, work or medical journey required.",2026-07-16,2026-12-30,mock_open,SERINEA Demo Support Office (fictional),,,synthetic_from_poi_context,2026-09-08,"Fictional subsidy for testing only. Real POI is a geographic anchor, not a participating provider. Not open government subsidy data."
MOCK-SUB-0158,true,[MOCK] Flora Hill Early Years Participation Voucher,childcare,FLORA HILL,GREATER BENDIGO,22620,325,Loddon Campaspe,regional_city,w1295109180,Goodstart Flora Hill,education,kindergarten,-36.7721285,144.2904075,context_only_not_provider,mock_locality,household,none,voucher,1100,one_off,75000,household,dependent_child,0,5,false,,,FICTIONAL TEST RULES: reside in FLORA HILL (GREATER BENDIGO LGA). Annual gross household income at most AUD 75000. Parent or guardian of child aged 0 to 5; enrolment confirmation required.,Proof of identity and locality residence; income evidence; Parent or guardian of child aged 0 to 5; enrolment confirmation required.,2026-06-26,2026-12-03,mock_open,SERINEA Demo Support Office (fictional),,,synthetic_from_poi_context,2026-09-08,"Fictional subsidy for testing only. Real POI is a geographic anchor, not a participating provider. Not open government subsidy data."
MOCK-SUB-0159,true,[MOCK] Hamilton Early Years Participation Voucher,childcare,HAMILTON,SOUTHERN GRAMPIANS,26260,362,Great South Coast,rural_council,w1344514742,Patterson Park Kindergarten,education,kindergarten,-37.7328207,142.026108,context_only_not_provider,mock_locality,household,none,voucher,1100,one_off,110000,household,dependent_child,0,5,false,,,FICTIONAL TEST RULES: reside in HAMILTON (SOUTHERN GRAMPIANS LGA). Annual gross household income at most AUD 110000. Parent or guardian of child aged 0 to 5; enrolment confirmation required.,Proof of identity and locality residence; income evidence; Parent or guardian of child aged 0 to 5; enrolment confirmation required.,2026-07-22,2027-04-18,mock_open,SERINEA Demo Support Office (fictional),,,synthetic_from_poi_context,2026-09-08,"Fictional subsidy for testing only. Real POI is a geographic anchor, not a participating provider. Not open government subsidy data."
MOCK-SUB-0160,true,[MOCK] Corio Moving Expense Support,relocation,CORIO,GREATER GEELONG,22750,327,Barwon,regional_city,w266500818,Cloverdale Community Centre,community,community_centre,-38.0730418,144.3438069,context_only_not_provider,mock_locality,household,none,reimbursement,2200,one_off,75000,household,applicant,18,,true,90,50,FICTIONAL TEST RULES: reside in CORIO (GREATER GEELONG LGA). Annual gross household income at most AUD 75000. Move at least 50 km and establish primary residence; moving receipts required. Apply within 90 days of moving. Applicant aged at least 18.,Proof of identity and locality residence; income evidence; Move at least 50 km and establish primary residence; moving receipts required.,2026-05-16,2026-11-13,mock_open,SERINEA Demo Support Office (fictional),,,synthetic_from_poi_context,2026-09-08,"Fictional subsidy for testing only. Real POI is a geographic anchor, not a participating provider. Not open government subsidy data."
MOCK-SUB-0161,true,[MOCK] Birregurra Health Access Reimbursement,healthcare,BIRREGURRA,COLAC OTWAY,21750,314,Barwon,rural_council,n849463830,Birregurra Pharmacy,healthcare,pharmacy,-38.3370745,143.7863173,context_only_not_provider,mock_locality,individual,none,reimbursement,600,one_off,45000,individual,applicant,18,,false,,,"FICTIONAL TEST RULES: reside in BIRREGURRA (COLAC OTWAY LGA). Annual gross individual income at most AUD 45000. Eligible consultation, prescription or dental expense; receipt required. Applicant aged at least 18.","Proof of identity and locality residence; income evidence; Eligible consultation, prescription or dental expense; receipt required.",2026-05-13,2026-08-09,mock_closed,SERINEA Demo Support Office (fictional),,,synthetic_from_poi_context,2026-09-08,"Fictional subsidy for testing only. Real POI is a geographic anchor, not a participating provider. Not open government subsidy data."
MOCK-SUB-0162,true,[MOCK] Toongabbie School Essentials Support,school_support,TOONGABBIE,LATROBE,23810,337,Gippsland,regional_city,w405940881,Toongabbie Primary School,education,school,-38.0570037,146.6246695,context_only_not_provider,mock_locality,household,none,voucher,500,one_off,110000,household,dependent_child,5,18,false,,,FICTIONAL TEST RULES: reside in TOONGABBIE (LATROBE LGA). Annual gross household income at most AUD 110000. Parent or guardian of student aged 5 to 18; enrolment and equipment quote required.,Proof of identity and locality residence; income evidence; Parent or guardian of student aged 5 to 18; enrolment and equipment quote required.,2026-07-07,2027-01-12,mock_open,SERINEA Demo Support Office (fictional),,,synthetic_from_poi_context,2026-09-08,"Fictional subsidy for testing only. Real POI is a geographic anchor, not a participating provider. Not open government subsidy data."
MOCK-SUB-0163,true,[MOCK] Rhyll Community Participation Voucher,community,RHYLL,BASS COAST,20740,304,Gippsland,rural_council,w1540012351,Rhyll Mechanics Hall,community,community_centre,-38.4629739,145.3029905,context_only_not_provider,mock_locality,individual,none,voucher,300,one_off,,individual,applicant,18,,false,,,FICTIONAL TEST RULES: reside in RHYLL (BASS COAST LGA). No income limit in this mock scenario. Local resident joining a community class or activity; registration confirmation required. Applicant aged at least 18.,Proof of identity and locality residence; Local resident joining a community class or activity; registration confirmation required.,2026-07-30,2027-01-25,mock_open,SERINEA Demo Support Office (fictional),,,synthetic_from_poi_context,2026-09-08,"Fictional subsidy for testing only. Real POI is a geographic anchor, not a participating provider. Not open government subsidy data."
MOCK-SUB-0164,true,[MOCK] Werrimull School Essentials Support,school_support,WERRIMULL,MILDURA,24780,345,Mallee,regional_city,w591102285,Werrimull P-12 School,education,school,-34.3915992,141.5933207,context_only_not_provider,mock_locality,household,none,voucher,500,one_off,90000,household,dependent_child,5,18,false,,,FICTIONAL TEST RULES: reside in WERRIMULL (MILDURA LGA). Annual gross household income at most AUD 90000. Parent or guardian of student aged 5 to 18; enrolment and equipment quote required.,Proof of identity and locality residence; income evidence; Parent or guardian of student aged 5 to 18; enrolment and equipment quote required.,2026-08-26,2026-12-30,mock_open,SERINEA Demo Support Office (fictional),,,synthetic_from_poi_context,2026-09-08,"Fictional subsidy for testing only. Real POI is a geographic anchor, not a participating provider. Not open government subsidy data."
MOCK-SUB-0165,true,[MOCK] Kilcunda Household Settling Support,housing_setup,KILCUNDA,BASS COAST,20740,304,Gippsland,rural_council,n839735315,,community,community_centre,-38.5486717,145.4748812,context_only_not_provider,mock_locality,household,none,reimbursement,1200,one_off,75000,household,applicant,18,,true,90,,FICTIONAL TEST RULES: reside in KILCUNDA (BASS COAST LGA). Annual gross household income at most AUD 75000. New resident; tenancy at least 6 months; household essentials receipts required. Apply within 90 days of moving. Applicant aged at least 18.,Proof of identity and locality residence; income evidence; New resident; tenancy at least 6 months; household essentials receipts required.,2026-07-23,2027-03-14,mock_open,SERINEA Demo Support Office (fictional),,,synthetic_from_poi_context,2026-09-08,"Fictional subsidy for testing only. Real POI is a geographic anchor, not a participating provider. Not open government subsidy data."
MOCK-SUB-0166,true,[MOCK] Princetown Local Travel Voucher,transport,PRINCETOWN,CORANGAMITE,21830,315,Great South Coast,rural_council,n7814605087,Old Ocean Rd/Great Ocean Rd,public_transport,bus_stop,-38.6912295,143.1555542,context_only_not_provider,mock_locality,individual,none,voucher,300,one_off,60000,individual,applicant,18,,false,,,"FICTIONAL TEST RULES: reside in PRINCETOWN (CORANGAMITE LGA). Annual gross individual income at most AUD 60000. Local resident requiring travel support; proposed study, work or medical journey required. Applicant aged at least 18.","Proof of identity and locality residence; income evidence; Local resident requiring travel support; proposed study, work or medical journey required.",2026-06-24,2027-04-26,mock_open,SERINEA Demo Support Office (fictional),,,synthetic_from_poi_context,2026-09-08,"Fictional subsidy for testing only. Real POI is a geographic anchor, not a participating provider. Not open government subsidy data."
MOCK-SUB-0167,true,[MOCK] Jeparit School Essentials Support,school_support,JEPARIT,HINDMARSH,22980,330,Wimmera Southern Mallee,rural_council,w256156744,Jeparit Primary School,education,school,-36.1415666,141.9839681,context_only_not_provider,mock_locality,household,none,voucher,250,one_off,110000,household,dependent_child,5,18,false,,,FICTIONAL TEST RULES: reside in JEPARIT (HINDMARSH LGA). Annual gross household income at most AUD 110000. Parent or guardian of student aged 5 to 18; enrolment and equipment quote required.,Proof of identity and locality residence; income evidence; Parent or guardian of student aged 5 to 18; enrolment and equipment quote required.,2026-08-09,2027-02-22,mock_open,SERINEA Demo Support Office (fictional),,,synthetic_from_poi_context,2026-09-08,"Fictional subsidy for testing only. Real POI is a geographic anchor, not a participating provider. Not open government subsidy data."
MOCK-SUB-0168,true,[MOCK] Natimuk Household Settling Support,housing_setup,NATIMUK,HORSHAM,23190,332,Wimmera Southern Mallee,regional_city,w360889288,Natimuk & District Soldiers Memorial Hall,community,town_hall,-36.7427724,141.9403646,context_only_not_provider,mock_locality,household,none,reimbursement,1750,one_off,75000,household,applicant,18,,true,90,,FICTIONAL TEST RULES: reside in NATIMUK (HORSHAM LGA). Annual gross household income at most AUD 75000. New resident; tenancy at least 6 months; household essentials receipts required. Apply within 90 days of moving. Applicant aged at least 18.,Proof of identity and locality residence; income evidence; New resident; tenancy at least 6 months; household essentials receipts required.,2026-12-01,2027-03-13,mock_upcoming,SERINEA Demo Support Office (fictional),,,synthetic_from_poi_context,2026-09-08,"Fictional subsidy for testing only. Real POI is a geographic anchor, not a participating provider. Not open government subsidy data."
MOCK-SUB-0169,true,[MOCK] Woodend Household Settling Support,housing_setup,WOODEND,MACEDON RANGES,24130,339,Loddon Campaspe,rural_council,n13994328502,Woodend Buffalo Sports Stadium,community,community_centre,-37.353316,144.5216229,context_only_not_provider,mock_locality,household,none,reimbursement,1900,one_off,75000,household,applicant,18,,true,90,,FICTIONAL TEST RULES: reside in WOODEND (MACEDON RANGES LGA). Annual gross household income at most AUD 75000. New resident; tenancy at least 6 months; household essentials receipts required. Apply within 90 days of moving. Applicant aged at least 18.,Proof of identity and locality residence; income evidence; New resident; tenancy at least 6 months; household essentials receipts required.,2026-02-22,2026-06-26,mock_closed,SERINEA Demo Support Office (fictional),,,synthetic_from_poi_context,2026-09-08,"Fictional subsidy for testing only. Real POI is a geographic anchor, not a participating provider. Not open government subsidy data."
MOCK-SUB-0170,true,[MOCK] Moolap School Essentials Support,school_support,MOOLAP,GREATER GEELONG,22750,327,Barwon,regional_city,w51071822,Moolap Primary School,education,school,-38.1714443,144.4243261,context_only_not_provider,mock_locality,household,none,voucher,500,one_off,110000,household,dependent_child,5,18,false,,,FICTIONAL TEST RULES: reside in MOOLAP (GREATER GEELONG LGA). Annual gross household income at most AUD 110000. Parent or guardian of student aged 5 to 18; enrolment and equipment quote required.,Proof of identity and locality residence; income evidence; Parent or guardian of student aged 5 to 18; enrolment and equipment quote required.,2026-06-24,2027-01-11,mock_open,SERINEA Demo Support Office (fictional),,,synthetic_from_poi_context,2026-09-08,"Fictional subsidy for testing only. Real POI is a geographic anchor, not a participating provider. Not open government subsidy data."
MOCK-SUB-0171,true,[MOCK] Churchill Household Settling Support,housing_setup,CHURCHILL,LATROBE,23810,337,Gippsland,regional_city,n1432009409,Churchill Town Hall,community,town_hall,-38.3133375,146.4213748,context_only_not_provider,mock_locality,household,none,reimbursement,2200,one_off,75000,household,applicant,18,,true,90,,FICTIONAL TEST RULES: reside in CHURCHILL (LATROBE LGA). Annual gross household income at most AUD 75000. New resident; tenancy at least 6 months; household essentials receipts required. Apply within 90 days of moving. Applicant aged at least 18.,Proof of identity and locality residence; income evidence; New resident; tenancy at least 6 months; household essentials receipts required.,2026-08-29,2026-12-17,mock_open,SERINEA Demo Support Office (fictional),,,synthetic_from_poi_context,2026-09-08,"Fictional subsidy for testing only. Real POI is a geographic anchor, not a participating provider. Not open government subsidy data."
MOCK-SUB-0172,true,[MOCK] Lake Boga Early Years Participation Voucher,childcare,LAKE BOGA,SWAN HILL,26610,366,Mallee,rural_council,w736227426,Lake Boga Preschool,education,kindergarten,-35.4642616,143.6309534,context_only_not_provider,mock_locality,household,none,voucher,800,one_off,90000,household,dependent_child,0,5,false,,,FICTIONAL TEST RULES: reside in LAKE BOGA (SWAN HILL LGA). Annual gross household income at most AUD 90000. Parent or guardian of child aged 0 to 5; enrolment confirmation required.,Proof of identity and locality residence; income evidence; Parent or guardian of child aged 0 to 5; enrolment confirmation required.,2026-06-29,2027-03-12,mock_open,SERINEA Demo Support Office (fictional),,,synthetic_from_poi_context,2026-09-08,"Fictional subsidy for testing only. Real POI is a geographic anchor, not a participating provider. Not open government subsidy data."
MOCK-SUB-0173,true,[MOCK] Wodonga Health Access Reimbursement,healthcare,WODONGA,WODONGA,27170,374,Ovens Murray,regional_city,n3753841964,Central Medical Group,healthcare,doctor,-36.1280947,146.8881479,context_only_not_provider,mock_locality,individual,none,reimbursement,1000,one_off,45000,individual,applicant,18,,false,,,"FICTIONAL TEST RULES: reside in WODONGA (WODONGA LGA). Annual gross individual income at most AUD 45000. Eligible consultation, prescription or dental expense; receipt required. Applicant aged at least 18.","Proof of identity and locality residence; income evidence; Eligible consultation, prescription or dental expense; receipt required.",2026-05-11,2026-12-22,mock_open,SERINEA Demo Support Office (fictional),,,synthetic_from_poi_context,2026-09-08,"Fictional subsidy for testing only. Real POI is a geographic anchor, not a participating provider. Not open government subsidy data."
MOCK-SUB-0174,true,[MOCK] Merton Local Travel Voucher,transport,MERTON,MANSFIELD,24250,382,Ovens Murray,rural_council,w912602410,,public_transport,platform,-36.9810876,145.7177187,context_only_not_provider,mock_locality,individual,none,voucher,250,one_off,45000,individual,applicant,18,,false,,,"FICTIONAL TEST RULES: reside in MERTON (MANSFIELD LGA). Annual gross individual income at most AUD 45000. Local resident requiring travel support; proposed study, work or medical journey required. Applicant aged at least 18.","Proof of identity and locality residence; income evidence; Local resident requiring travel support; proposed study, work or medical journey required.",2026-06-06,2026-12-17,mock_open,SERINEA Demo Support Office (fictional),,,synthetic_from_poi_context,2026-09-08,"Fictional subsidy for testing only. Real POI is a geographic anchor, not a participating provider. Not open government subsidy data."
MOCK-SUB-0175,true,[MOCK] Epsom Early Years Participation Voucher,childcare,EPSOM,GREATER BENDIGO,22620,325,Loddon Campaspe,regional_city,w1551914096,Great Beginnings Epsom,education,kindergarten,-36.7053153,144.3194307,context_only_not_provider,mock_locality,household,none,voucher,1550,one_off,75000,household,dependent_child,0,5,false,,,FICTIONAL TEST RULES: reside in EPSOM (GREATER BENDIGO LGA). Annual gross household income at most AUD 75000. Parent or guardian of child aged 0 to 5; enrolment confirmation required.,Proof of identity and locality residence; income evidence; Parent or guardian of child aged 0 to 5; enrolment confirmation required.,2026-05-26,2026-08-13,mock_closed,SERINEA Demo Support Office (fictional),,,synthetic_from_poi_context,2026-09-08,"Fictional subsidy for testing only. Real POI is a geographic anchor, not a participating provider. Not open government subsidy data."
MOCK-SUB-0176,true,[MOCK] Nagambie Independent Living Support,accessibility,NAGAMBIE,STRATHBOGIE,26430,364,Goulburn,rural_council,w1126586787,Waterways Lifestyle Village,community,social_facility,-36.7769898,145.152692,context_only_not_provider,mock_locality,individual,none,grant,4000,one_off,60000,individual,applicant,18,,false,,,FICTIONAL TEST RULES: reside in NAGAMBIE (STRATHBOGIE LGA). Annual gross individual income at most AUD 60000. Disability or mobility support need; support assessment and equipment quote required. Applicant aged at least 18.,Proof of identity and locality residence; income evidence; Disability or mobility support need; support assessment and equipment quote required.,2026-03-27,2026-07-10,mock_closed,SERINEA Demo Support Office (fictional),,,synthetic_from_poi_context,2026-09-08,"Fictional subsidy for testing only. Real POI is a geographic anchor, not a participating provider. Not open government subsidy data."
MOCK-SUB-0177,true,[MOCK] Echuca Community Participation Voucher,community,ECHUCA,CAMPASPE,21370,310,Loddon Campaspe,rural_council,n2930971370,Campaspe Regional Library,community,library,-36.1233649,144.7487875,context_only_not_provider,mock_locality,individual,none,voucher,400,one_off,60000,individual,applicant,18,,false,,,FICTIONAL TEST RULES: reside in ECHUCA (CAMPASPE LGA). Annual gross individual income at most AUD 60000. Local resident joining a community class or activity; registration confirmation required. Applicant aged at least 18.,Proof of identity and locality residence; income evidence; Local resident joining a community class or activity; registration confirmation required.,2026-07-09,2027-02-18,mock_open,SERINEA Demo Support Office (fictional),,,synthetic_from_poi_context,2026-09-08,"Fictional subsidy for testing only. Real POI is a geographic anchor, not a participating provider. Not open government subsidy data."
MOCK-SUB-0178,true,[MOCK] Benambra Home Efficiency Rebate,energy,BENAMBRA,EAST GIPPSLAND,22110,319,Gippsland,rural_council,w709858068,Benambra Neighbourhood House,community,community_centre,-36.9538963,147.7035224,context_only_not_provider,mock_locality,household,none,rebate,1300,one_off,90000,household,applicant,18,,false,,,FICTIONAL TEST RULES: reside in BENAMBRA (EAST GIPPSLAND LGA). Annual gross household income at most AUD 90000. Primary residence in locality; owner consent if renting and efficiency upgrade quote required. Applicant aged at least 18.,Proof of identity and locality residence; income evidence; Primary residence in locality; owner consent if renting and efficiency upgrade quote required.,2026-10-16,2027-01-15,mock_upcoming,SERINEA Demo Support Office (fictional),,,synthetic_from_poi_context,2026-09-08,"Fictional subsidy for testing only. Real POI is a geographic anchor, not a participating provider. Not open government subsidy data."
MOCK-SUB-0179,true,[MOCK] Traralgon South Community Participation Voucher,community,TRARALGON SOUTH,LATROBE,23810,337,Gippsland,regional_city,w906961096,Traralgon South and District Men's Shed,community,community_centre,-38.2962059,146.5386538,context_only_not_provider,mock_locality,individual,none,voucher,300,one_off,,individual,applicant,18,,false,,,FICTIONAL TEST RULES: reside in TRARALGON SOUTH (LATROBE LGA). No income limit in this mock scenario. Local resident joining a community class or activity; registration confirmation required. Applicant aged at least 18.,Proof of identity and locality residence; Local resident joining a community class or activity; registration confirmation required.,2026-06-22,2026-12-13,mock_open,SERINEA Demo Support Office (fictional),,,synthetic_from_poi_context,2026-09-08,"Fictional subsidy for testing only. Real POI is a geographic anchor, not a participating provider. Not open government subsidy data."
MOCK-SUB-0180,true,[MOCK] Bright Early Years Participation Voucher,childcare,BRIGHT,ALPINE,20110,300,Ovens Murray,rural_council,n4556139929,Alpine View Children's Centre,education,kindergarten,-36.7349332,146.9628779,context_only_not_provider,mock_locality,household,none,voucher,950,one_off,90000,household,dependent_child,0,5,false,,,FICTIONAL TEST RULES: reside in BRIGHT (ALPINE LGA). Annual gross household income at most AUD 90000. Parent or guardian of child aged 0 to 5; enrolment confirmation required.,Proof of identity and locality residence; income evidence; Parent or guardian of child aged 0 to 5; enrolment confirmation required.,2026-05-13,2027-03-02,mock_open,SERINEA Demo Support Office (fictional),,,synthetic_from_poi_context,2026-09-08,"Fictional subsidy for testing only. Real POI is a geographic anchor, not a participating provider. Not open government subsidy data."
MOCK-SUB-0181,true,[MOCK] Colac Moving Expense Support,relocation,COLAC,COLAC OTWAY,21750,314,Barwon,rural_council,w1235646798,Kanyana Senior Citizens Centre,community,community_centre,-38.3405163,143.5893389,context_only_not_provider,mock_locality,household,none,reimbursement,2600,one_off,90000,household,applicant,18,,true,90,50,FICTIONAL TEST RULES: reside in COLAC (COLAC OTWAY LGA). Annual gross household income at most AUD 90000. Move at least 50 km and establish primary residence; moving receipts required. Apply within 90 days of moving. Applicant aged at least 18.,Proof of identity and locality residence; income evidence; Move at least 50 km and establish primary residence; moving receipts required.,2026-05-27,2027-01-26,mock_open,SERINEA Demo Support Office (fictional),,,synthetic_from_poi_context,2026-09-08,"Fictional subsidy for testing only. Real POI is a geographic anchor, not a participating provider. Not open government subsidy data."
MOCK-SUB-0182,true,[MOCK] Shepparton Early Years Participation Voucher,childcare,SHEPPARTON,GREATER SHEPPARTON,22830,328,Goulburn,regional_city,w975389286,St. Mels Kindergarten,education,kindergarten,-36.3932951,145.4103935,context_only_not_provider,mock_locality,household,none,voucher,800,one_off,90000,household,dependent_child,0,5,false,,,FICTIONAL TEST RULES: reside in SHEPPARTON (GREATER SHEPPARTON LGA). Annual gross household income at most AUD 90000. Parent or guardian of child aged 0 to 5; enrolment confirmation required.,Proof of identity and locality residence; income evidence; Parent or guardian of child aged 0 to 5; enrolment confirmation required.,2026-07-31,2026-11-17,mock_open,SERINEA Demo Support Office (fictional),,,synthetic_from_poi_context,2026-09-08,"Fictional subsidy for testing only. Real POI is a geographic anchor, not a participating provider. Not open government subsidy data."
MOCK-SUB-0183,true,[MOCK] Heywood Household Settling Support,housing_setup,HEYWOOD,GLENELG,22410,323,Great South Coast,rural_council,n14026919386,Winda-Mara Aboriginal Corporation,community,social_facility,-38.1324324,141.6287995,context_only_not_provider,mock_locality,household,none,reimbursement,2050,one_off,75000,household,applicant,18,,true,90,,FICTIONAL TEST RULES: reside in HEYWOOD (GLENELG LGA). Annual gross household income at most AUD 75000. New resident; tenancy at least 6 months; household essentials receipts required. Apply within 90 days of moving. Applicant aged at least 18.,Proof of identity and locality residence; income evidence; New resident; tenancy at least 6 months; household essentials receipts required.,2026-07-04,2027-02-23,mock_open,SERINEA Demo Support Office (fictional),,,synthetic_from_poi_context,2026-09-08,"Fictional subsidy for testing only. Real POI is a geographic anchor, not a participating provider. Not open government subsidy data."
MOCK-SUB-0184,true,[MOCK] Newington Local Travel Voucher,transport,NEWINGTON,BALLARAT,20570,302,Central Highlands,regional_city,n1614293924,,public_transport,bus_stop,-37.5694777,143.8328233,context_only_not_provider,mock_locality,individual,none,voucher,500,one_off,60000,individual,applicant,18,,false,,,"FICTIONAL TEST RULES: reside in NEWINGTON (BALLARAT LGA). Annual gross individual income at most AUD 60000. Local resident requiring travel support; proposed study, work or medical journey required. Applicant aged at least 18.","Proof of identity and locality residence; income evidence; Local resident requiring travel support; proposed study, work or medical journey required.",2026-05-24,2027-03-08,mock_open,SERINEA Demo Support Office (fictional),,,synthetic_from_poi_context,2026-09-08,"Fictional subsidy for testing only. Real POI is a geographic anchor, not a participating provider. Not open government subsidy data."
MOCK-SUB-0185,true,[MOCK] Baranduda Early Years Participation Voucher,childcare,BARANDUDA,WODONGA,27170,374,Ovens Murray,regional_city,n2741589065,Baranduda Preschool,education,kindergarten,-36.1794344,146.9469452,context_only_not_provider,mock_locality,household,none,voucher,400,one_off,110000,household,dependent_child,0,5,false,,,FICTIONAL TEST RULES: reside in BARANDUDA (WODONGA LGA). Annual gross household income at most AUD 110000. Parent or guardian of child aged 0 to 5; enrolment confirmation required.,Proof of identity and locality residence; income evidence; Parent or guardian of child aged 0 to 5; enrolment confirmation required.,2026-10-06,2027-04-02,mock_upcoming,SERINEA Demo Support Office (fictional),,,synthetic_from_poi_context,2026-09-08,"Fictional subsidy for testing only. Real POI is a geographic anchor, not a participating provider. Not open government subsidy data."
MOCK-SUB-0186,true,[MOCK] Colbinabbin Sport Participation Voucher,sport,COLBINABBIN,CAMPASPE,21370,310,Loddon Campaspe,rural_council,w64388013,,recreation,playground,-36.5899508,144.7963526,context_only_not_provider,mock_locality,individual,none,voucher,300,one_off,45000,individual,applicant,5,25,false,,,FICTIONAL TEST RULES: reside in COLBINABBIN (CAMPASPE LGA). Annual gross individual income at most AUD 45000. Local resident aged 5 to 25; sports enrolment or equipment quote required.,Proof of identity and locality residence; income evidence; Local resident aged 5 to 25; sports enrolment or equipment quote required.,2026-05-15,2027-04-20,mock_open,SERINEA Demo Support Office (fictional),,,synthetic_from_poi_context,2026-09-08,"Fictional subsidy for testing only. Real POI is a geographic anchor, not a participating provider. Not open government subsidy data."
MOCK-SUB-0187,true,[MOCK] Quarry Hill Early Years Participation Voucher,childcare,QUARRY HILL,GREATER BENDIGO,22620,325,Loddon Campaspe,regional_city,w1304760229,Annie Galvin Early Learning Centre,education,kindergarten,-36.7661332,144.2837575,context_only_not_provider,mock_locality,household,none,voucher,1050,one_off,110000,household,dependent_child,0,5,false,,,FICTIONAL TEST RULES: reside in QUARRY HILL (GREATER BENDIGO LGA). Annual gross household income at most AUD 110000. Parent or guardian of child aged 0 to 5; enrolment confirmation required.,Proof of identity and locality residence; income evidence; Parent or guardian of child aged 0 to 5; enrolment confirmation required.,2026-03-29,2026-09-04,mock_closed,SERINEA Demo Support Office (fictional),,,synthetic_from_poi_context,2026-09-08,"Fictional subsidy for testing only. Real POI is a geographic anchor, not a participating provider. Not open government subsidy data."
MOCK-SUB-0188,true,[MOCK] Gisborne Health Access Reimbursement,healthcare,GISBORNE,MACEDON RANGES,24130,339,Loddon Campaspe,rural_council,n2047923131,Chemist Warehouse,healthcare,pharmacy,-37.486753,144.5885093,context_only_not_provider,mock_locality,individual,none,reimbursement,550,one_off,75000,individual,applicant,18,,false,,,"FICTIONAL TEST RULES: reside in GISBORNE (MACEDON RANGES LGA). Annual gross individual income at most AUD 75000. Eligible consultation, prescription or dental expense; receipt required. Applicant aged at least 18.","Proof of identity and locality residence; income evidence; Eligible consultation, prescription or dental expense; receipt required.",2026-04-02,2026-08-31,mock_closed,SERINEA Demo Support Office (fictional),,,synthetic_from_poi_context,2026-09-08,"Fictional subsidy for testing only. Real POI is a geographic anchor, not a participating provider. Not open government subsidy data."
MOCK-SUB-0189,true,[MOCK] Geelong Sport Participation Voucher,sport,GEELONG,GREATER GEELONG,22750,327,Barwon,regional_city,w141934825,Richmond Oval,recreation,playground,-38.1603718,144.3672754,context_only_not_provider,mock_locality,individual,none,voucher,250,one_off,,individual,applicant,5,25,false,,,FICTIONAL TEST RULES: reside in GEELONG (GREATER GEELONG LGA). No income limit in this mock scenario. Local resident aged 5 to 25; sports enrolment or equipment quote required.,Proof of identity and locality residence; Local resident aged 5 to 25; sports enrolment or equipment quote required.,2026-08-10,2027-03-18,mock_open,SERINEA Demo Support Office (fictional),,,synthetic_from_poi_context,2026-09-08,"Fictional subsidy for testing only. Real POI is a geographic anchor, not a participating provider. Not open government subsidy data."
MOCK-SUB-0190,true,[MOCK] Beechworth Early Years Participation Voucher,childcare,BEECHWORTH,INDIGO,23350,334,Ovens Murray,rural_council,w500375200,,education,kindergarten,-36.3715445,146.6955019,context_only_not_provider,mock_locality,household,none,voucher,450,one_off,75000,household,dependent_child,0,5,false,,,FICTIONAL TEST RULES: reside in BEECHWORTH (INDIGO LGA). Annual gross household income at most AUD 75000. Parent or guardian of child aged 0 to 5; enrolment confirmation required.,Proof of identity and locality residence; income evidence; Parent or guardian of child aged 0 to 5; enrolment confirmation required.,2026-09-27,2027-03-11,mock_upcoming,SERINEA Demo Support Office (fictional),,,synthetic_from_poi_context,2026-09-08,"Fictional subsidy for testing only. Real POI is a geographic anchor, not a participating provider. Not open government subsidy data."
MOCK-SUB-0191,true,[MOCK] Kyneton Health Access Reimbursement,healthcare,KYNETON,MACEDON RANGES,24130,339,Loddon Campaspe,rural_council,n9354588719,TerryWhite Chemmart,healthcare,pharmacy,-37.2482706,144.4532278,context_only_not_provider,mock_locality,individual,none,reimbursement,550,one_off,45000,individual,applicant,18,,false,,,"FICTIONAL TEST RULES: reside in KYNETON (MACEDON RANGES LGA). Annual gross individual income at most AUD 45000. Eligible consultation, prescription or dental expense; receipt required. Applicant aged at least 18.","Proof of identity and locality residence; income evidence; Eligible consultation, prescription or dental expense; receipt required.",2026-06-02,2026-12-22,mock_open,SERINEA Demo Support Office (fictional),,,synthetic_from_poi_context,2026-09-08,"Fictional subsidy for testing only. Real POI is a geographic anchor, not a participating provider. Not open government subsidy data."
MOCK-SUB-0192,true,[MOCK] Maryborough Digital Learning Support,digital,MARYBOROUGH,CENTRAL GOLDFIELDS,21670,313,Loddon Campaspe,rural_council,w184694166,Maryborough Resource Centre,community,library,-37.0479748,143.7377798,context_only_not_provider,mock_locality,individual,none,grant,650,one_off,60000,individual,applicant,16,,false,,,FICTIONAL TEST RULES: reside in MARYBOROUGH (CENTRAL GOLDFIELDS LGA). Annual gross individual income at most AUD 60000. Local resident aged at least 16 enrolled in study or digital skills activity; course and device quote required.,Proof of identity and locality residence; income evidence; Local resident aged at least 16 enrolled in study or digital skills activity; course and device quote required.,2026-02-27,2026-07-08,mock_closed,SERINEA Demo Support Office (fictional),,,synthetic_from_poi_context,2026-09-08,"Fictional subsidy for testing only. Real POI is a geographic anchor, not a participating provider. Not open government subsidy data."
MOCK-SUB-0193,true,[MOCK] Buxton Home Efficiency Rebate,energy,BUXTON,MURRINDINDI,25620,355,Goulburn,rural_council,w1237226751,Buxton Memorial Hall,community,community_centre,-37.4220189,145.7094048,context_only_not_provider,mock_locality,household,none,rebate,2400,one_off,75000,household,applicant,18,,false,,,FICTIONAL TEST RULES: reside in BUXTON (MURRINDINDI LGA). Annual gross household income at most AUD 75000. Primary residence in locality; owner consent if renting and efficiency upgrade quote required. Applicant aged at least 18.,Proof of identity and locality residence; income evidence; Primary residence in locality; owner consent if renting and efficiency upgrade quote required.,2026-07-13,2027-03-07,mock_open,SERINEA Demo Support Office (fictional),,,synthetic_from_poi_context,2026-09-08,"Fictional subsidy for testing only. Real POI is a geographic anchor, not a participating provider. Not open government subsidy data."
MOCK-SUB-0194,true,[MOCK] Gisborne School Essentials Support,school_support,GISBORNE,MACEDON RANGES,24130,339,Loddon Campaspe,rural_council,w261213702,St Brigid's Primary School,education,school,-37.4905548,144.5896249,context_only_not_provider,mock_locality,household,none,voucher,850,one_off,90000,household,dependent_child,5,18,false,,,FICTIONAL TEST RULES: reside in GISBORNE (MACEDON RANGES LGA). Annual gross household income at most AUD 90000. Parent or guardian of student aged 5 to 18; enrolment and equipment quote required.,Proof of identity and locality residence; income evidence; Parent or guardian of student aged 5 to 18; enrolment and equipment quote required.,2026-10-12,2027-01-01,mock_upcoming,SERINEA Demo Support Office (fictional),,,synthetic_from_poi_context,2026-09-08,"Fictional subsidy for testing only. Real POI is a geographic anchor, not a participating provider. Not open government subsidy data."
MOCK-SUB-0195,true,[MOCK] Jindivick School Essentials Support,school_support,JINDIVICK,BAW BAW,20830,305,Gippsland,rural_council,w1078759583,Jindivick Primary School,education,school,-38.0280213,145.9013606,context_only_not_provider,mock_locality,household,none,voucher,450,one_off,110000,household,dependent_child,5,18,false,,,FICTIONAL TEST RULES: reside in JINDIVICK (BAW BAW LGA). Annual gross household income at most AUD 110000. Parent or guardian of student aged 5 to 18; enrolment and equipment quote required.,Proof of identity and locality residence; income evidence; Parent or guardian of student aged 5 to 18; enrolment and equipment quote required.,2026-05-12,2027-03-28,mock_open,SERINEA Demo Support Office (fictional),,,synthetic_from_poi_context,2026-09-08,"Fictional subsidy for testing only. Real POI is a geographic anchor, not a participating provider. Not open government subsidy data."
MOCK-SUB-0196,true,[MOCK] Chiltern Sport Participation Voucher,sport,CHILTERN,INDIGO,23350,334,Ovens Murray,rural_council,w487865789,Chiltern Racecourse and Recreational Reserve,recreation,sports_centre,-36.157662,146.5855715,context_only_not_provider,mock_locality,individual,none,voucher,300,one_off,,individual,applicant,5,25,false,,,FICTIONAL TEST RULES: reside in CHILTERN (INDIGO LGA). No income limit in this mock scenario. Local resident aged 5 to 25; sports enrolment or equipment quote required.,Proof of identity and locality residence; Local resident aged 5 to 25; sports enrolment or equipment quote required.,2026-04-24,2026-08-10,mock_closed,SERINEA Demo Support Office (fictional),,,synthetic_from_poi_context,2026-09-08,"Fictional subsidy for testing only. Real POI is a geographic anchor, not a participating provider. Not open government subsidy data."
MOCK-SUB-0197,true,[MOCK] Bell Post Hill School Essentials Support,school_support,BELL POST HILL,GREATER GEELONG,22750,327,Barwon,regional_city,w514494128,Rollins Primary School,education,school,-38.1010317,144.3270917,context_only_not_provider,mock_locality,household,none,voucher,500,one_off,75000,household,dependent_child,5,18,false,,,FICTIONAL TEST RULES: reside in BELL POST HILL (GREATER GEELONG LGA). Annual gross household income at most AUD 75000. Parent or guardian of student aged 5 to 18; enrolment and equipment quote required.,Proof of identity and locality residence; income evidence; Parent or guardian of student aged 5 to 18; enrolment and equipment quote required.,2026-06-17,2027-03-02,mock_open,SERINEA Demo Support Office (fictional),,,synthetic_from_poi_context,2026-09-08,"Fictional subsidy for testing only. Real POI is a geographic anchor, not a participating provider. Not open government subsidy data."
MOCK-SUB-0198,true,[MOCK] Horsham Early Years Participation Voucher,childcare,HORSHAM,HORSHAM,23190,332,Wimmera Southern Mallee,regional_city,w112290695,Goodstart Early Learning,education,kindergarten,-36.7186178,142.1978532,context_only_not_provider,mock_locality,household,none,voucher,950,one_off,90000,household,dependent_child,0,5,false,,,FICTIONAL TEST RULES: reside in HORSHAM (HORSHAM LGA). Annual gross household income at most AUD 90000. Parent or guardian of child aged 0 to 5; enrolment confirmation required.,Proof of identity and locality residence; income evidence; Parent or guardian of child aged 0 to 5; enrolment confirmation required.,2026-07-30,2026-11-29,mock_open,SERINEA Demo Support Office (fictional),,,synthetic_from_poi_context,2026-09-08,"Fictional subsidy for testing only. Real POI is a geographic anchor, not a participating provider. Not open government subsidy data."
MOCK-SUB-0199,true,[MOCK] Flora Hill Local Travel Voucher,transport,FLORA HILL,GREATER BENDIGO,22620,325,Loddon Campaspe,regional_city,n11320852907,Neale St/Townsend St,public_transport,bus_stop,-36.7694275,144.2947166,context_only_not_provider,mock_locality,individual,none,voucher,300,one_off,45000,individual,applicant,18,,false,,,"FICTIONAL TEST RULES: reside in FLORA HILL (GREATER BENDIGO LGA). Annual gross individual income at most AUD 45000. Local resident requiring travel support; proposed study, work or medical journey required. Applicant aged at least 18.","Proof of identity and locality residence; income evidence; Local resident requiring travel support; proposed study, work or medical journey required.",2026-04-24,2026-08-13,mock_closed,SERINEA Demo Support Office (fictional),,,synthetic_from_poi_context,2026-09-08,"Fictional subsidy for testing only. Real POI is a geographic anchor, not a participating provider. Not open government subsidy data."
MOCK-SUB-0200,true,[MOCK] Edenhope Community Participation Voucher,community,EDENHOPE,WEST WIMMERA,26890,371,Wimmera Southern Mallee,rural_council,n11495735550,Edenhope & District Community Centre,community,community_centre,-37.0358441,141.2956843,context_only_not_provider,mock_locality,individual,none,voucher,400,one_off,45000,individual,applicant,18,,false,,,FICTIONAL TEST RULES: reside in EDENHOPE (WEST WIMMERA LGA). Annual gross individual income at most AUD 45000. Local resident joining a community class or activity; registration confirmation required. Applicant aged at least 18.,Proof of identity and locality residence; income evidence; Local resident joining a community class or activity; registration confirmation required.,2026-07-06,2026-11-02,mock_open,SERINEA Demo Support Office (fictional),,,synthetic_from_poi_context,2026-09-08,"Fictional subsidy for testing only. Real POI is a geographic anchor, not a participating provider. Not open government subsidy data."
MOCK-SUB-0201,true,[MOCK] Leongatha Digital Learning Support,digital,LEONGATHA,SOUTH GIPPSLAND,26170,361,Gippsland,rural_council,n7284228046,TAFE Gippsland Leongatha Campus,education,college,-38.4786785,145.9642761,context_only_not_provider,mock_locality,individual,none,grant,1300,one_off,60000,individual,applicant,16,,false,,,FICTIONAL TEST RULES: reside in LEONGATHA (SOUTH GIPPSLAND LGA). Annual gross individual income at most AUD 60000. Local resident aged at least 16 enrolled in study or digital skills activity; course and device quote required.,Proof of identity and locality residence; income evidence; Local resident aged at least 16 enrolled in study or digital skills activity; course and device quote required.,2026-05-22,2026-12-19,mock_open,SERINEA Demo Support Office (fictional),,,synthetic_from_poi_context,2026-09-08,"Fictional subsidy for testing only. Real POI is a geographic anchor, not a participating provider. Not open government subsidy data."
MOCK-SUB-0202,true,[MOCK] Lake Gardens School Essentials Support,school_support,LAKE GARDENS,BALLARAT,20570,302,Central Highlands,regional_city,w126554255,Ballarat Specialist School,education,school,-37.5523619,143.8187441,context_only_not_provider,mock_locality,household,none,voucher,500,one_off,90000,household,dependent_child,5,18,false,,,FICTIONAL TEST RULES: reside in LAKE GARDENS (BALLARAT LGA). Annual gross household income at most AUD 90000. Parent or guardian of student aged 5 to 18; enrolment and equipment quote required.,Proof of identity and locality residence; income evidence; Parent or guardian of student aged 5 to 18; enrolment and equipment quote required.,2026-04-28,2026-10-14,mock_open,SERINEA Demo Support Office (fictional),,,synthetic_from_poi_context,2026-09-08,"Fictional subsidy for testing only. Real POI is a geographic anchor, not a participating provider. Not open government subsidy data."
MOCK-SUB-0203,true,[MOCK] Gymbowen Digital Learning Support,digital,GYMBOWEN,WEST WIMMERA,26890,371,Wimmera Southern Mallee,rural_council,w1192076099,Gymbowen Public Hall,community,community_centre,-36.731976,141.5926991,context_only_not_provider,mock_locality,individual,none,grant,550,one_off,,individual,applicant,16,,false,,,FICTIONAL TEST RULES: reside in GYMBOWEN (WEST WIMMERA LGA). No income limit in this mock scenario. Local resident aged at least 16 enrolled in study or digital skills activity; course and device quote required.,Proof of identity and locality residence; Local resident aged at least 16 enrolled in study or digital skills activity; course and device quote required.,2026-04-23,2027-04-16,mock_open,SERINEA Demo Support Office (fictional),,,synthetic_from_poi_context,2026-09-08,"Fictional subsidy for testing only. Real POI is a geographic anchor, not a participating provider. Not open government subsidy data."
MOCK-SUB-0204,true,[MOCK] Mount Egerton Local Travel Voucher,transport,MOUNT EGERTON,MOORABOOL,25150,350,Central Highlands,rural_council,n14047744237,McIntoshs Lane/Gordon-Egerton Rd,public_transport,bus_stop,-37.6163055,144.105011,context_only_not_provider,mock_locality,individual,none,voucher,650,one_off,45000,individual,applicant,18,,false,,,"FICTIONAL TEST RULES: reside in MOUNT EGERTON (MOORABOOL LGA). Annual gross individual income at most AUD 45000. Local resident requiring travel support; proposed study, work or medical journey required. Applicant aged at least 18.","Proof of identity and locality residence; income evidence; Local resident requiring travel support; proposed study, work or medical journey required.",2026-11-11,2027-02-06,mock_upcoming,SERINEA Demo Support Office (fictional),,,synthetic_from_poi_context,2026-09-08,"Fictional subsidy for testing only. Real POI is a geographic anchor, not a participating provider. Not open government subsidy data."
MOCK-SUB-0205,true,[MOCK] Murtoa Local Travel Voucher,transport,MURTOA,YARRIAMBIACK,27630,378,Wimmera Southern Mallee,rural_council,n4160594123,McDonald Street,public_transport,stop_position,-36.6202261,142.4700265,context_only_not_provider,mock_locality,individual,none,voucher,550,one_off,45000,individual,applicant,18,,false,,,"FICTIONAL TEST RULES: reside in MURTOA (YARRIAMBIACK LGA). Annual gross individual income at most AUD 45000. Local resident requiring travel support; proposed study, work or medical journey required. Applicant aged at least 18.","Proof of identity and locality residence; income evidence; Local resident requiring travel support; proposed study, work or medical journey required.",2026-11-04,2027-02-01,mock_upcoming,SERINEA Demo Support Office (fictional),,,synthetic_from_poi_context,2026-09-08,"Fictional subsidy for testing only. Real POI is a geographic anchor, not a participating provider. Not open government subsidy data."
MOCK-SUB-0206,true,[MOCK] Warragul Home Efficiency Rebate,energy,WARRAGUL,BAW BAW,20830,305,Gippsland,rural_council,n9506739040,Quantum Support Services,community,social_facility,-38.1631371,145.933025,context_only_not_provider,mock_locality,household,none,rebate,1000,one_off,75000,household,applicant,18,,false,,,FICTIONAL TEST RULES: reside in WARRAGUL (BAW BAW LGA). Annual gross household income at most AUD 75000. Primary residence in locality; owner consent if renting and efficiency upgrade quote required. Applicant aged at least 18.,Proof of identity and locality residence; income evidence; Primary residence in locality; owner consent if renting and efficiency upgrade quote required.,2026-05-08,2026-12-10,mock_open,SERINEA Demo Support Office (fictional),,,synthetic_from_poi_context,2026-09-08,"Fictional subsidy for testing only. Real POI is a geographic anchor, not a participating provider. Not open government subsidy data."
MOCK-SUB-0207,true,[MOCK] Wendouree Health Access Reimbursement,healthcare,WENDOUREE,BALLARAT,20570,302,Central Highlands,regional_city,w148877255,UFS Dispensary,healthcare,pharmacy,-37.540446,143.8299283,context_only_not_provider,mock_locality,individual,none,reimbursement,550,one_off,75000,individual,applicant,18,,false,,,"FICTIONAL TEST RULES: reside in WENDOUREE (BALLARAT LGA). Annual gross individual income at most AUD 75000. Eligible consultation, prescription or dental expense; receipt required. Applicant aged at least 18.","Proof of identity and locality residence; income evidence; Eligible consultation, prescription or dental expense; receipt required.",2026-10-27,2027-03-18,mock_upcoming,SERINEA Demo Support Office (fictional),,,synthetic_from_poi_context,2026-09-08,"Fictional subsidy for testing only. Real POI is a geographic anchor, not a participating provider. Not open government subsidy data."
MOCK-SUB-0208,true,[MOCK] Simpson School Essentials Support,school_support,SIMPSON,CORANGAMITE,21830,315,Great South Coast,rural_council,w221035166,Simpson Primary School,education,school,-38.498878,143.2077798,context_only_not_provider,mock_locality,household,none,voucher,400,one_off,110000,household,dependent_child,5,18,false,,,FICTIONAL TEST RULES: reside in SIMPSON (CORANGAMITE LGA). Annual gross household income at most AUD 110000. Parent or guardian of student aged 5 to 18; enrolment and equipment quote required.,Proof of identity and locality residence; income evidence; Parent or guardian of student aged 5 to 18; enrolment and equipment quote required.,2026-08-14,2026-11-30,mock_open,SERINEA Demo Support Office (fictional),,,synthetic_from_poi_context,2026-09-08,"Fictional subsidy for testing only. Real POI is a geographic anchor, not a participating provider. Not open government subsidy data."
MOCK-SUB-0209,true,[MOCK] Wodonga Sport Participation Voucher,sport,WODONGA,WODONGA,27170,374,Ovens Murray,regional_city,w38862382,Les Stone Park,recreation,park,-36.1247274,146.8758455,context_only_not_provider,mock_locality,individual,none,voucher,300,one_off,45000,individual,applicant,5,25,false,,,FICTIONAL TEST RULES: reside in WODONGA (WODONGA LGA). Annual gross individual income at most AUD 45000. Local resident aged 5 to 25; sports enrolment or equipment quote required.,Proof of identity and locality residence; income evidence; Local resident aged 5 to 25; sports enrolment or equipment quote required.,2026-05-10,2027-02-16,mock_open,SERINEA Demo Support Office (fictional),,,synthetic_from_poi_context,2026-09-08,"Fictional subsidy for testing only. Real POI is a geographic anchor, not a participating provider. Not open government subsidy data."
MOCK-SUB-0210,true,[MOCK] Nullawil Moving Expense Support,relocation,NULLAWIL,BULOKE,21270,309,Mallee,rural_council,n11664557016,Nullawil Community Centre,community,community_centre,-35.8520193,143.1735463,context_only_not_provider,mock_locality,household,none,reimbursement,3600,one_off,110000,household,applicant,18,,true,90,50,FICTIONAL TEST RULES: reside in NULLAWIL (BULOKE LGA). Annual gross household income at most AUD 110000. Move at least 50 km and establish primary residence; moving receipts required. Apply within 90 days of moving. Applicant aged at least 18.,Proof of identity and locality residence; income evidence; Move at least 50 km and establish primary residence; moving receipts required.,2026-11-12,2027-04-10,mock_upcoming,SERINEA Demo Support Office (fictional),,,synthetic_from_poi_context,2026-09-08,"Fictional subsidy for testing only. Real POI is a geographic anchor, not a participating provider. Not open government subsidy data."
MOCK-SUB-0211,true,[MOCK] Lardner Community Participation Voucher,community,LARDNER,BAW BAW,20830,305,Gippsland,rural_council,w594368384,Lardner Hall,community,community_centre,-38.2039977,145.8782666,context_only_not_provider,mock_locality,individual,none,voucher,500,one_off,,individual,applicant,18,,false,,,FICTIONAL TEST RULES: reside in LARDNER (BAW BAW LGA). No income limit in this mock scenario. Local resident joining a community class or activity; registration confirmation required. Applicant aged at least 18.,Proof of identity and locality residence; Local resident joining a community class or activity; registration confirmation required.,2026-07-31,2026-12-19,mock_open,SERINEA Demo Support Office (fictional),,,synthetic_from_poi_context,2026-09-08,"Fictional subsidy for testing only. Real POI is a geographic anchor, not a participating provider. Not open government subsidy data."
MOCK-SUB-0212,true,[MOCK] Kangaroo Flat Early Years Participation Voucher,childcare,KANGAROO FLAT,GREATER BENDIGO,22620,325,Loddon Campaspe,regional_city,w1415888748,Journey Early Learning Bendigo South,education,kindergarten,-36.8025823,144.2429543,context_only_not_provider,mock_locality,household,none,voucher,1250,one_off,110000,household,dependent_child,0,5,false,,,FICTIONAL TEST RULES: reside in KANGAROO FLAT (GREATER BENDIGO LGA). Annual gross household income at most AUD 110000. Parent or guardian of child aged 0 to 5; enrolment confirmation required.,Proof of identity and locality residence; income evidence; Parent or guardian of child aged 0 to 5; enrolment confirmation required.,2026-05-25,2027-02-11,mock_open,SERINEA Demo Support Office (fictional),,,synthetic_from_poi_context,2026-09-08,"Fictional subsidy for testing only. Real POI is a geographic anchor, not a participating provider. Not open government subsidy data."
MOCK-SUB-0213,true,[MOCK] Derrinallum Early Years Participation Voucher,childcare,DERRINALLUM,CORANGAMITE,21830,315,Great South Coast,rural_council,w1205885370,Derrinallum Preschool Centre,education,kindergarten,-37.9476408,143.219452,context_only_not_provider,mock_locality,household,none,voucher,650,one_off,75000,household,dependent_child,0,5,false,,,FICTIONAL TEST RULES: reside in DERRINALLUM (CORANGAMITE LGA). Annual gross household income at most AUD 75000. Parent or guardian of child aged 0 to 5; enrolment confirmation required.,Proof of identity and locality residence; income evidence; Parent or guardian of child aged 0 to 5; enrolment confirmation required.,2026-07-27,2027-02-19,mock_open,SERINEA Demo Support Office (fictional),,,synthetic_from_poi_context,2026-09-08,"Fictional subsidy for testing only. Real POI is a geographic anchor, not a participating provider. Not open government subsidy data."
MOCK-SUB-0214,true,[MOCK] West Wodonga Early Years Participation Voucher,childcare,WEST WODONGA,WODONGA,27170,374,Ovens Murray,regional_city,w566489596,,education,kindergarten,-36.1234439,146.8553888,context_only_not_provider,mock_locality,household,none,voucher,1100,one_off,75000,household,dependent_child,0,5,false,,,FICTIONAL TEST RULES: reside in WEST WODONGA (WODONGA LGA). Annual gross household income at most AUD 75000. Parent or guardian of child aged 0 to 5; enrolment confirmation required.,Proof of identity and locality residence; income evidence; Parent or guardian of child aged 0 to 5; enrolment confirmation required.,2026-03-04,2026-08-20,mock_closed,SERINEA Demo Support Office (fictional),,,synthetic_from_poi_context,2026-09-08,"Fictional subsidy for testing only. Real POI is a geographic anchor, not a participating provider. Not open government subsidy data."
MOCK-SUB-0215,true,[MOCK] Morwell Community Participation Voucher,community,MORWELL,LATROBE,23810,337,Gippsland,regional_city,n11363164351,Morwell Library,community,library,-38.2396637,146.398982,context_only_not_provider,mock_locality,individual,none,voucher,350,one_off,,individual,applicant,18,,false,,,FICTIONAL TEST RULES: reside in MORWELL (LATROBE LGA). No income limit in this mock scenario. Local resident joining a community class or activity; registration confirmation required. Applicant aged at least 18.,Proof of identity and locality residence; Local resident joining a community class or activity; registration confirmation required.,2026-05-12,2026-12-26,mock_open,SERINEA Demo Support Office (fictional),,,synthetic_from_poi_context,2026-09-08,"Fictional subsidy for testing only. Real POI is a geographic anchor, not a participating provider. Not open government subsidy data."
MOCK-SUB-0216,true,[MOCK] Kangaroo Flat Digital Learning Support,digital,KANGAROO FLAT,GREATER BENDIGO,22620,325,Loddon Campaspe,regional_city,w1414660947,Kangaroo Flat Returned and Services League,community,community_centre,-36.7942877,144.2436975,context_only_not_provider,mock_locality,individual,none,grant,850,one_off,75000,individual,applicant,16,,false,,,FICTIONAL TEST RULES: reside in KANGAROO FLAT (GREATER BENDIGO LGA). Annual gross individual income at most AUD 75000. Local resident aged at least 16 enrolled in study or digital skills activity; course and device quote required.,Proof of identity and locality residence; income evidence; Local resident aged at least 16 enrolled in study or digital skills activity; course and device quote required.,2026-04-29,2027-03-13,mock_open,SERINEA Demo Support Office (fictional),,,synthetic_from_poi_context,2026-09-08,"Fictional subsidy for testing only. Real POI is a geographic anchor, not a participating provider. Not open government subsidy data."
MOCK-SUB-0217,true,[MOCK] Casterton Independent Living Support,accessibility,CASTERTON,GLENELG,22410,323,Great South Coast,rural_council,w653925268,,community,community_centre,-37.5843046,141.4062176,context_only_not_provider,mock_locality,individual,none,grant,950,one_off,75000,individual,applicant,18,,false,,,FICTIONAL TEST RULES: reside in CASTERTON (GLENELG LGA). Annual gross individual income at most AUD 75000. Disability or mobility support need; support assessment and equipment quote required. Applicant aged at least 18.,Proof of identity and locality residence; income evidence; Disability or mobility support need; support assessment and equipment quote required.,2026-06-08,2026-10-31,mock_open,SERINEA Demo Support Office (fictional),,,synthetic_from_poi_context,2026-09-08,"Fictional subsidy for testing only. Real POI is a geographic anchor, not a participating provider. Not open government subsidy data."
MOCK-SUB-0218,true,[MOCK] Kyabram Health Access Reimbursement,healthcare,KYABRAM,CAMPASPE,21370,310,Loddon Campaspe,rural_council,w421754844,Kyabram Hospital,healthcare,hospital,-36.3151764,145.0423625,context_only_not_provider,mock_locality,individual,none,reimbursement,550,one_off,60000,individual,applicant,18,,false,,,"FICTIONAL TEST RULES: reside in KYABRAM (CAMPASPE LGA). Annual gross individual income at most AUD 60000. Eligible consultation, prescription or dental expense; receipt required. Applicant aged at least 18.","Proof of identity and locality residence; income evidence; Eligible consultation, prescription or dental expense; receipt required.",2026-08-14,2026-10-12,mock_open,SERINEA Demo Support Office (fictional),,,synthetic_from_poi_context,2026-09-08,"Fictional subsidy for testing only. Real POI is a geographic anchor, not a participating provider. Not open government subsidy data."
MOCK-SUB-0219,true,[MOCK] Inverloch Local Travel Voucher,transport,INVERLOCH,BASS COAST,20740,304,Gippsland,rural_council,n13898375813,Ayr Creek Reserve/28 Toorak Rd,public_transport,bus_stop,-38.6370185,145.7148788,context_only_not_provider,mock_locality,individual,none,voucher,250,one_off,45000,individual,applicant,18,,false,,,"FICTIONAL TEST RULES: reside in INVERLOCH (BASS COAST LGA). Annual gross individual income at most AUD 45000. Local resident requiring travel support; proposed study, work or medical journey required. Applicant aged at least 18.","Proof of identity and locality residence; income evidence; Local resident requiring travel support; proposed study, work or medical journey required.",2026-07-11,2027-03-23,mock_open,SERINEA Demo Support Office (fictional),,,synthetic_from_poi_context,2026-09-08,"Fictional subsidy for testing only. Real POI is a geographic anchor, not a participating provider. Not open government subsidy data."
MOCK-SUB-0220,true,[MOCK] Tatura Household Settling Support,housing_setup,TATURA,GREATER SHEPPARTON,22830,328,Goulburn,regional_city,w906125093,Masonic Hall,community,community_centre,-36.4418803,145.2282322,context_only_not_provider,mock_locality,household,none,reimbursement,1850,one_off,90000,household,applicant,18,,true,90,,FICTIONAL TEST RULES: reside in TATURA (GREATER SHEPPARTON LGA). Annual gross household income at most AUD 90000. New resident; tenancy at least 6 months; household essentials receipts required. Apply within 90 days of moving. Applicant aged at least 18.,Proof of identity and locality residence; income evidence; New resident; tenancy at least 6 months; household essentials receipts required.,2026-11-13,2027-01-23,mock_upcoming,SERINEA Demo Support Office (fictional),,,synthetic_from_poi_context,2026-09-08,"Fictional subsidy for testing only. Real POI is a geographic anchor, not a participating provider. Not open government subsidy data."
MOCK-SUB-0221,true,[MOCK] Dooen Local Travel Voucher,transport,DOOEN,HORSHAM,23190,332,Wimmera Southern Mallee,regional_city,n13738556524,Horsham Primary School - Rasmussen Campus/Rasmussen Rd,public_transport,bus_stop,-36.6968887,142.2036116,context_only_not_provider,mock_locality,individual,none,voucher,250,one_off,60000,individual,applicant,18,,false,,,"FICTIONAL TEST RULES: reside in DOOEN (HORSHAM LGA). Annual gross individual income at most AUD 60000. Local resident requiring travel support; proposed study, work or medical journey required. Applicant aged at least 18.","Proof of identity and locality residence; income evidence; Local resident requiring travel support; proposed study, work or medical journey required.",2026-09-24,2026-12-04,mock_upcoming,SERINEA Demo Support Office (fictional),,,synthetic_from_poi_context,2026-09-08,"Fictional subsidy for testing only. Real POI is a geographic anchor, not a participating provider. Not open government subsidy data."
MOCK-SUB-0222,true,[MOCK] Lake Wendouree Independent Living Support,accessibility,LAKE WENDOUREE,BALLARAT,20570,302,Central Highlands,regional_city,w150974542,Rotary Club of Ballarat South,community,social_facility,-37.5430103,143.8442736,context_only_not_provider,mock_locality,individual,none,grant,3200,one_off,60000,individual,applicant,18,,false,,,FICTIONAL TEST RULES: reside in LAKE WENDOUREE (BALLARAT LGA). Annual gross individual income at most AUD 60000. Disability or mobility support need; support assessment and equipment quote required. Applicant aged at least 18.,Proof of identity and locality residence; income evidence; Disability or mobility support need; support assessment and equipment quote required.,2026-09-24,2026-11-30,mock_upcoming,SERINEA Demo Support Office (fictional),,,synthetic_from_poi_context,2026-09-08,"Fictional subsidy for testing only. Real POI is a geographic anchor, not a participating provider. Not open government subsidy data."
MOCK-SUB-0223,true,[MOCK] Rheola Household Settling Support,housing_setup,RHEOLA,LODDON,23940,338,Loddon Campaspe,rural_council,w358824118,Rheola Community Hall,community,community_centre,-36.6490469,143.70339,context_only_not_provider,mock_locality,household,none,reimbursement,1100,one_off,75000,household,applicant,18,,true,90,,FICTIONAL TEST RULES: reside in RHEOLA (LODDON LGA). Annual gross household income at most AUD 75000. New resident; tenancy at least 6 months; household essentials receipts required. Apply within 90 days of moving. Applicant aged at least 18.,Proof of identity and locality residence; income evidence; New resident; tenancy at least 6 months; household essentials receipts required.,2026-11-22,2027-05-13,mock_upcoming,SERINEA Demo Support Office (fictional),,,synthetic_from_poi_context,2026-09-08,"Fictional subsidy for testing only. Real POI is a geographic anchor, not a participating provider. Not open government subsidy data."
MOCK-SUB-0224,true,[MOCK] Wangaratta Local Travel Voucher,transport,WANGARATTA,WANGARATTA,26700,368,Ovens Murray,regional_city,n8323179741,Floyd Ave/Sisely Ave,public_transport,bus_stop,-36.3599592,146.3057671,context_only_not_provider,mock_locality,individual,none,voucher,600,one_off,75000,individual,applicant,18,,false,,,"FICTIONAL TEST RULES: reside in WANGARATTA (WANGARATTA LGA). Annual gross individual income at most AUD 75000. Local resident requiring travel support; proposed study, work or medical journey required. Applicant aged at least 18.","Proof of identity and locality residence; income evidence; Local resident requiring travel support; proposed study, work or medical journey required.",2026-03-02,2026-07-06,mock_closed,SERINEA Demo Support Office (fictional),,,synthetic_from_poi_context,2026-09-08,"Fictional subsidy for testing only. Real POI is a geographic anchor, not a participating provider. Not open government subsidy data."
MOCK-SUB-0225,true,[MOCK] Maddingley Moving Expense Support,relocation,MADDINGLEY,MOORABOOL,25150,350,Central Highlands,rural_council,w1453951509,West Maddingley Early Years & Community Hub,community,community_centre,-37.6888397,144.4105863,context_only_not_provider,mock_locality,household,none,reimbursement,3900,one_off,75000,household,applicant,18,,true,90,50,FICTIONAL TEST RULES: reside in MADDINGLEY (MOORABOOL LGA). Annual gross household income at most AUD 75000. Move at least 50 km and establish primary residence; moving receipts required. Apply within 90 days of moving. Applicant aged at least 18.,Proof of identity and locality residence; income evidence; Move at least 50 km and establish primary residence; moving receipts required.,2026-07-10,2027-03-08,mock_open,SERINEA Demo Support Office (fictional),,,synthetic_from_poi_context,2026-09-08,"Fictional subsidy for testing only. Real POI is a geographic anchor, not a participating provider. Not open government subsidy data."
MOCK-SUB-0226,true,[MOCK] Lakes Entrance Household Settling Support,housing_setup,LAKES ENTRANCE,EAST GIPPSLAND,22110,319,Gippsland,rural_council,n2296555723,Lakes Sports & Community Club,community,town_hall,-37.8795578,147.9900236,context_only_not_provider,mock_locality,household,none,reimbursement,2350,one_off,90000,household,applicant,18,,true,90,,FICTIONAL TEST RULES: reside in LAKES ENTRANCE (EAST GIPPSLAND LGA). Annual gross household income at most AUD 90000. New resident; tenancy at least 6 months; household essentials receipts required. Apply within 90 days of moving. Applicant aged at least 18.,Proof of identity and locality residence; income evidence; New resident; tenancy at least 6 months; household essentials receipts required.,2026-05-19,2027-04-29,mock_open,SERINEA Demo Support Office (fictional),,,synthetic_from_poi_context,2026-09-08,"Fictional subsidy for testing only. Real POI is a geographic anchor, not a participating provider. Not open government subsidy data."
MOCK-SUB-0227,true,[MOCK] Moriac Early Years Participation Voucher,childcare,MORIAC,SURF COAST,26490,365,Barwon,rural_council,w1128432113,Moriac Preschool,education,kindergarten,-38.2439516,144.1695658,context_only_not_provider,mock_locality,household,none,voucher,900,one_off,110000,household,dependent_child,0,5,false,,,FICTIONAL TEST RULES: reside in MORIAC (SURF COAST LGA). Annual gross household income at most AUD 110000. Parent or guardian of child aged 0 to 5; enrolment confirmation required.,Proof of identity and locality residence; income evidence; Parent or guardian of child aged 0 to 5; enrolment confirmation required.,2026-07-24,2027-04-14,mock_open,SERINEA Demo Support Office (fictional),,,synthetic_from_poi_context,2026-09-08,"Fictional subsidy for testing only. Real POI is a geographic anchor, not a participating provider. Not open government subsidy data."
MOCK-SUB-0228,true,[MOCK] Benalla Independent Living Support,accessibility,BENALLA,BENALLA,21010,381,Ovens Murray,rural_council,w54238205,Benalla and District Memorial Hospital,healthcare,hospital,-36.5549571,145.9944981,context_only_not_provider,mock_locality,individual,none,grant,1900,one_off,75000,individual,applicant,18,,false,,,FICTIONAL TEST RULES: reside in BENALLA (BENALLA LGA). Annual gross individual income at most AUD 75000. Disability or mobility support need; support assessment and equipment quote required. Applicant aged at least 18.,Proof of identity and locality residence; income evidence; Disability or mobility support need; support assessment and equipment quote required.,2026-05-27,2027-02-09,mock_open,SERINEA Demo Support Office (fictional),,,synthetic_from_poi_context,2026-09-08,"Fictional subsidy for testing only. Real POI is a geographic anchor, not a participating provider. Not open government subsidy data."
MOCK-SUB-0229,true,[MOCK] Campbells Creek Community Participation Voucher,community,CAMPBELLS CREEK,MOUNT ALEXANDER,25430,353,Loddon Campaspe,rural_council,w315284418,Campbells Creek Community Centre,community,community_centre,-37.0925984,144.201269,context_only_not_provider,mock_locality,individual,none,voucher,300,one_off,75000,individual,applicant,18,,false,,,FICTIONAL TEST RULES: reside in CAMPBELLS CREEK (MOUNT ALEXANDER LGA). Annual gross individual income at most AUD 75000. Local resident joining a community class or activity; registration confirmation required. Applicant aged at least 18.,Proof of identity and locality residence; income evidence; Local resident joining a community class or activity; registration confirmation required.,2026-05-08,2027-03-10,mock_open,SERINEA Demo Support Office (fictional),,,synthetic_from_poi_context,2026-09-08,"Fictional subsidy for testing only. Real POI is a geographic anchor, not a participating provider. Not open government subsidy data."
MOCK-SUB-0230,true,[MOCK] Coleraine Household Settling Support,housing_setup,COLERAINE,SOUTHERN GRAMPIANS,26260,362,Great South Coast,rural_council,w1549078465,Coleraine Mechanics Hall,community,community_centre,-37.6008564,141.690368,context_only_not_provider,mock_locality,household,none,reimbursement,2050,one_off,110000,household,applicant,18,,true,90,,FICTIONAL TEST RULES: reside in COLERAINE (SOUTHERN GRAMPIANS LGA). Annual gross household income at most AUD 110000. New resident; tenancy at least 6 months; household essentials receipts required. Apply within 90 days of moving. Applicant aged at least 18.,Proof of identity and locality residence; income evidence; New resident; tenancy at least 6 months; household essentials receipts required.,2026-08-02,2027-01-17,mock_open,SERINEA Demo Support Office (fictional),,,synthetic_from_poi_context,2026-09-08,"Fictional subsidy for testing only. Real POI is a geographic anchor, not a participating provider. Not open government subsidy data."
MOCK-SUB-0231,true,[MOCK] Cowes Independent Living Support,accessibility,COWES,BASS COAST,20740,304,Gippsland,rural_council,w1155944444,Phillip Island Senior Citizens Club,community,community_centre,-38.4549366,145.2417813,context_only_not_provider,mock_locality,individual,none,grant,1750,one_off,45000,individual,applicant,18,,false,,,FICTIONAL TEST RULES: reside in COWES (BASS COAST LGA). Annual gross individual income at most AUD 45000. Disability or mobility support need; support assessment and equipment quote required. Applicant aged at least 18.,Proof of identity and locality residence; income evidence; Disability or mobility support need; support assessment and equipment quote required.,2026-05-19,2027-02-07,mock_open,SERINEA Demo Support Office (fictional),,,synthetic_from_poi_context,2026-09-08,"Fictional subsidy for testing only. Real POI is a geographic anchor, not a participating provider. Not open government subsidy data."
MOCK-SUB-0232,true,[MOCK] Wonthaggi Home Efficiency Rebate,energy,WONTHAGGI,BASS COAST,20740,304,Gippsland,rural_council,r5642673,Rose Lodge,community,social_facility,-38.6074371,145.5825691,context_only_not_provider,mock_locality,household,none,rebate,1500,one_off,90000,household,applicant,18,,false,,,FICTIONAL TEST RULES: reside in WONTHAGGI (BASS COAST LGA). Annual gross household income at most AUD 90000. Primary residence in locality; owner consent if renting and efficiency upgrade quote required. Applicant aged at least 18.,Proof of identity and locality residence; income evidence; Primary residence in locality; owner consent if renting and efficiency upgrade quote required.,2026-03-19,2026-07-23,mock_closed,SERINEA Demo Support Office (fictional),,,synthetic_from_poi_context,2026-09-08,"Fictional subsidy for testing only. Real POI is a geographic anchor, not a participating provider. Not open government subsidy data."
MOCK-SUB-0233,true,[MOCK] Boolarra Sport Participation Voucher,sport,BOOLARRA,LATROBE,23810,337,Gippsland,regional_city,w267411992,,recreation,playground,-38.378444,146.273421,context_only_not_provider,mock_locality,individual,none,voucher,350,one_off,75000,individual,applicant,5,25,false,,,FICTIONAL TEST RULES: reside in BOOLARRA (LATROBE LGA). Annual gross individual income at most AUD 75000. Local resident aged 5 to 25; sports enrolment or equipment quote required.,Proof of identity and locality residence; income evidence; Local resident aged 5 to 25; sports enrolment or equipment quote required.,2026-05-08,2026-12-28,mock_open,SERINEA Demo Support Office (fictional),,,synthetic_from_poi_context,2026-09-08,"Fictional subsidy for testing only. Real POI is a geographic anchor, not a participating provider. Not open government subsidy data."
MOCK-SUB-0234,true,[MOCK] Colac School Essentials Support,school_support,COLAC,COLAC OTWAY,21750,314,Barwon,rural_council,w1081322345,Colac Specialist School,education,school,-38.3461413,143.5889278,context_only_not_provider,mock_locality,household,none,voucher,400,one_off,110000,household,dependent_child,5,18,false,,,FICTIONAL TEST RULES: reside in COLAC (COLAC OTWAY LGA). Annual gross household income at most AUD 110000. Parent or guardian of student aged 5 to 18; enrolment and equipment quote required.,Proof of identity and locality residence; income evidence; Parent or guardian of student aged 5 to 18; enrolment and equipment quote required.,2026-05-09,2027-01-10,mock_open,SERINEA Demo Support Office (fictional),,,synthetic_from_poi_context,2026-09-08,"Fictional subsidy for testing only. Real POI is a geographic anchor, not a participating provider. Not open government subsidy data."
MOCK-SUB-0235,true,[MOCK] Cowes Sport Participation Voucher,sport,COWES,BASS COAST,20740,304,Gippsland,rural_council,w1308777463,,recreation,park,-38.4599946,145.2162058,context_only_not_provider,mock_locality,individual,none,voucher,250,one_off,,individual,applicant,5,25,false,,,FICTIONAL TEST RULES: reside in COWES (BASS COAST LGA). No income limit in this mock scenario. Local resident aged 5 to 25; sports enrolment or equipment quote required.,Proof of identity and locality residence; Local resident aged 5 to 25; sports enrolment or equipment quote required.,2026-01-15,2026-07-05,mock_closed,SERINEA Demo Support Office (fictional),,,synthetic_from_poi_context,2026-09-08,"Fictional subsidy for testing only. Real POI is a geographic anchor, not a participating provider. Not open government subsidy data."
MOCK-SUB-0236,true,[MOCK] Leongatha Household Settling Support,housing_setup,LEONGATHA,SOUTH GIPPSLAND,26170,361,Gippsland,rural_council,w1155940169,Leongatha Men's Shed,community,community_centre,-38.4677202,145.949963,context_only_not_provider,mock_locality,household,none,reimbursement,1800,one_off,90000,household,applicant,18,,true,90,,FICTIONAL TEST RULES: reside in LEONGATHA (SOUTH GIPPSLAND LGA). Annual gross household income at most AUD 90000. New resident; tenancy at least 6 months; household essentials receipts required. Apply within 90 days of moving. Applicant aged at least 18.,Proof of identity and locality residence; income evidence; New resident; tenancy at least 6 months; household essentials receipts required.,2026-08-25,2026-10-09,mock_open,SERINEA Demo Support Office (fictional),,,synthetic_from_poi_context,2026-09-08,"Fictional subsidy for testing only. Real POI is a geographic anchor, not a participating provider. Not open government subsidy data."
MOCK-SUB-0237,true,[MOCK] Neerim South Health Access Reimbursement,healthcare,NEERIM SOUTH,BAW BAW,20830,305,Gippsland,rural_council,n6355815374,Neerim South Medical Clinic,healthcare,clinic,-38.0182595,145.9534467,context_only_not_provider,mock_locality,individual,none,reimbursement,750,one_off,45000,individual,applicant,18,,false,,,"FICTIONAL TEST RULES: reside in NEERIM SOUTH (BAW BAW LGA). Annual gross individual income at most AUD 45000. Eligible consultation, prescription or dental expense; receipt required. Applicant aged at least 18.","Proof of identity and locality residence; income evidence; Eligible consultation, prescription or dental expense; receipt required.",2026-07-31,2027-02-21,mock_open,SERINEA Demo Support Office (fictional),,,synthetic_from_poi_context,2026-09-08,"Fictional subsidy for testing only. Real POI is a geographic anchor, not a participating provider. Not open government subsidy data."
MOCK-SUB-0238,true,[MOCK] Mildura Early Years Participation Voucher,childcare,MILDURA,MILDURA,24780,345,Mallee,regional_city,w1318235998,Happy Turtle Childcare,education,kindergarten,-34.2006382,142.1244172,context_only_not_provider,mock_locality,household,none,voucher,1250,one_off,75000,household,dependent_child,0,5,false,,,FICTIONAL TEST RULES: reside in MILDURA (MILDURA LGA). Annual gross household income at most AUD 75000. Parent or guardian of child aged 0 to 5; enrolment confirmation required.,Proof of identity and locality residence; income evidence; Parent or guardian of child aged 0 to 5; enrolment confirmation required.,2026-08-11,2027-03-07,mock_open,SERINEA Demo Support Office (fictional),,,synthetic_from_poi_context,2026-09-08,"Fictional subsidy for testing only. Real POI is a geographic anchor, not a participating provider. Not open government subsidy data."
MOCK-SUB-0239,true,[MOCK] Camperdown Local Travel Voucher,transport,CAMPERDOWN,CORANGAMITE,21830,315,Great South Coast,rural_council,n13599581613,Camperdown 1,public_transport,stop_position,-38.2284582,143.1500613,context_only_not_provider,mock_locality,individual,none,voucher,400,one_off,45000,individual,applicant,18,,false,,,"FICTIONAL TEST RULES: reside in CAMPERDOWN (CORANGAMITE LGA). Annual gross individual income at most AUD 45000. Local resident requiring travel support; proposed study, work or medical journey required. Applicant aged at least 18.","Proof of identity and locality residence; income evidence; Local resident requiring travel support; proposed study, work or medical journey required.",2026-08-16,2027-03-27,mock_open,SERINEA Demo Support Office (fictional),,,synthetic_from_poi_context,2026-09-08,"Fictional subsidy for testing only. Real POI is a geographic anchor, not a participating provider. Not open government subsidy data."
MOCK-SUB-0240,true,[MOCK] Huntly Early Years Participation Voucher,childcare,HUNTLY,GREATER BENDIGO,22620,325,Loddon Campaspe,regional_city,w1441606045,Huntly Kindergarten,education,kindergarten,-36.6654329,144.3344384,context_only_not_provider,mock_locality,household,none,voucher,850,one_off,90000,household,dependent_child,0,5,false,,,FICTIONAL TEST RULES: reside in HUNTLY (GREATER BENDIGO LGA). Annual gross household income at most AUD 90000. Parent or guardian of child aged 0 to 5; enrolment confirmation required.,Proof of identity and locality residence; income evidence; Parent or guardian of child aged 0 to 5; enrolment confirmation required.,2026-08-06,2027-04-05,mock_open,SERINEA Demo Support Office (fictional),,,synthetic_from_poi_context,2026-09-08,"Fictional subsidy for testing only. Real POI is a geographic anchor, not a participating provider. Not open government subsidy data."
MOCK-SUB-0241,true,[MOCK] Muckleford Household Settling Support,housing_setup,MUCKLEFORD,MOUNT ALEXANDER,25430,353,Loddon Campaspe,rural_council,w314809736,Muckleford Community Centre,community,community_centre,-37.0627355,144.1447771,context_only_not_provider,mock_locality,household,none,reimbursement,1400,one_off,75000,household,applicant,18,,true,90,,FICTIONAL TEST RULES: reside in MUCKLEFORD (MOUNT ALEXANDER LGA). Annual gross household income at most AUD 75000. New resident; tenancy at least 6 months; household essentials receipts required. Apply within 90 days of moving. Applicant aged at least 18.,Proof of identity and locality residence; income evidence; New resident; tenancy at least 6 months; household essentials receipts required.,2026-05-16,2027-05-02,mock_open,SERINEA Demo Support Office (fictional),,,synthetic_from_poi_context,2026-09-08,"Fictional subsidy for testing only. Real POI is a geographic anchor, not a participating provider. Not open government subsidy data."
MOCK-SUB-0242,true,[MOCK] Epsom Sport Participation Voucher,sport,EPSOM,GREATER BENDIGO,22620,325,Loddon Campaspe,regional_city,w545150579,,recreation,playground,-36.7049583,144.3196502,context_only_not_provider,mock_locality,individual,none,voucher,300,one_off,45000,individual,applicant,5,25,false,,,FICTIONAL TEST RULES: reside in EPSOM (GREATER BENDIGO LGA). Annual gross individual income at most AUD 45000. Local resident aged 5 to 25; sports enrolment or equipment quote required.,Proof of identity and locality residence; income evidence; Local resident aged 5 to 25; sports enrolment or equipment quote required.,2026-06-21,2027-03-12,mock_open,SERINEA Demo Support Office (fictional),,,synthetic_from_poi_context,2026-09-08,"Fictional subsidy for testing only. Real POI is a geographic anchor, not a participating provider. Not open government subsidy data."
MOCK-SUB-0243,true,[MOCK] Bell Park Early Years Participation Voucher,childcare,BELL PARK,GREATER GEELONG,22750,327,Barwon,regional_city,w939343344,Bell Park Kindergarten,education,kindergarten,-38.1061409,144.3368463,context_only_not_provider,mock_locality,household,none,voucher,1000,one_off,90000,household,dependent_child,0,5,false,,,FICTIONAL TEST RULES: reside in BELL PARK (GREATER GEELONG LGA). Annual gross household income at most AUD 90000. Parent or guardian of child aged 0 to 5; enrolment confirmation required.,Proof of identity and locality residence; income evidence; Parent or guardian of child aged 0 to 5; enrolment confirmation required.,2026-08-28,2027-02-22,mock_open,SERINEA Demo Support Office (fictional),,,synthetic_from_poi_context,2026-09-08,"Fictional subsidy for testing only. Real POI is a geographic anchor, not a participating provider. Not open government subsidy data."
MOCK-SUB-0244,true,[MOCK] Grovedale Early Years Participation Voucher,childcare,GROVEDALE,GREATER GEELONG,22750,327,Barwon,regional_city,w1147529575,Nido Early School,education,kindergarten,-38.1976359,144.3471329,context_only_not_provider,mock_locality,household,none,voucher,1100,one_off,90000,household,dependent_child,0,5,false,,,FICTIONAL TEST RULES: reside in GROVEDALE (GREATER GEELONG LGA). Annual gross household income at most AUD 90000. Parent or guardian of child aged 0 to 5; enrolment confirmation required.,Proof of identity and locality residence; income evidence; Parent or guardian of child aged 0 to 5; enrolment confirmation required.,2026-06-11,2027-02-03,mock_open,SERINEA Demo Support Office (fictional),,,synthetic_from_poi_context,2026-09-08,"Fictional subsidy for testing only. Real POI is a geographic anchor, not a participating provider. Not open government subsidy data."
MOCK-SUB-0245,true,[MOCK] Torquay Health Access Reimbursement,healthcare,TORQUAY,SURF COAST,26490,365,Barwon,rural_council,w71121708,Torquay Community Health Centre,healthcare,clinic,-38.328035,144.3177023,context_only_not_provider,mock_locality,individual,none,reimbursement,850,one_off,75000,individual,applicant,18,,false,,,"FICTIONAL TEST RULES: reside in TORQUAY (SURF COAST LGA). Annual gross individual income at most AUD 75000. Eligible consultation, prescription or dental expense; receipt required. Applicant aged at least 18.","Proof of identity and locality residence; income evidence; Eligible consultation, prescription or dental expense; receipt required.",2026-08-01,2027-02-26,mock_open,SERINEA Demo Support Office (fictional),,,synthetic_from_poi_context,2026-09-08,"Fictional subsidy for testing only. Real POI is a geographic anchor, not a participating provider. Not open government subsidy data."
MOCK-SUB-0246,true,[MOCK] Newtown (Geelong) School Essentials Support,school_support,NEWTOWN (GEELONG),GREATER GEELONG,22750,327,Barwon,regional_city,r15397742,The Geelong College Senior School,education,school,-38.1516914,144.338673,context_only_not_provider,mock_locality,household,none,voucher,450,one_off,110000,household,dependent_child,5,18,false,,,FICTIONAL TEST RULES: reside in NEWTOWN (GEELONG) (GREATER GEELONG LGA). Annual gross household income at most AUD 110000. Parent or guardian of student aged 5 to 18; enrolment and equipment quote required.,Proof of identity and locality residence; income evidence; Parent or guardian of student aged 5 to 18; enrolment and equipment quote required.,2026-05-15,2026-12-01,mock_open,SERINEA Demo Support Office (fictional),,,synthetic_from_poi_context,2026-09-08,"Fictional subsidy for testing only. Real POI is a geographic anchor, not a participating provider. Not open government subsidy data."
MOCK-SUB-0247,true,[MOCK] Wedderburn Moving Expense Support,relocation,WEDDERBURN,LODDON,23940,338,Loddon Campaspe,rural_council,w1021537183,Senior Citizens Centre,community,community_centre,-36.4199308,143.6147818,context_only_not_provider,mock_locality,household,none,reimbursement,1000,one_off,90000,household,applicant,18,,true,90,50,FICTIONAL TEST RULES: reside in WEDDERBURN (LODDON LGA). Annual gross household income at most AUD 90000. Move at least 50 km and establish primary residence; moving receipts required. Apply within 90 days of moving. Applicant aged at least 18.,Proof of identity and locality residence; income evidence; Move at least 50 km and establish primary residence; moving receipts required.,2026-07-26,2027-03-24,mock_open,SERINEA Demo Support Office (fictional),,,synthetic_from_poi_context,2026-09-08,"Fictional subsidy for testing only. Real POI is a geographic anchor, not a participating provider. Not open government subsidy data."
MOCK-SUB-0248,true,[MOCK] Falls Creek Health Access Reimbursement,healthcare,FALLS CREEK,FALLS CREEK ALPINE RESORT (UNINC),29399,386,Ovens Murray,alpine_resort,n11949355397,Falls Creek Medical Centre,healthcare,clinic,-36.8621245,147.2774822,context_only_not_provider,mock_locality,individual,none,reimbursement,500,one_off,60000,individual,applicant,18,,false,,,"FICTIONAL TEST RULES: reside in FALLS CREEK (FALLS CREEK ALPINE RESORT (UNINC) LGA). Annual gross individual income at most AUD 60000. Eligible consultation, prescription or dental expense; receipt required. Applicant aged at least 18.","Proof of identity and locality residence; income evidence; Eligible consultation, prescription or dental expense; receipt required.",2026-08-08,2027-05-06,mock_open,SERINEA Demo Support Office (fictional),,,synthetic_from_poi_context,2026-09-08,"Fictional subsidy for testing only. Real POI is a geographic anchor, not a participating provider. Not open government subsidy data."
MOCK-SUB-0249,true,[MOCK] Newborough Household Settling Support,housing_setup,NEWBOROUGH,LATROBE,23810,337,Gippsland,regional_city,n12920379724,Newborough Senior Citizens Club,community,community_centre,-38.1776903,146.3003002,context_only_not_provider,mock_locality,household,none,reimbursement,1550,one_off,90000,household,applicant,18,,true,90,,FICTIONAL TEST RULES: reside in NEWBOROUGH (LATROBE LGA). Annual gross household income at most AUD 90000. New resident; tenancy at least 6 months; household essentials receipts required. Apply within 90 days of moving. Applicant aged at least 18.,Proof of identity and locality residence; income evidence; New resident; tenancy at least 6 months; household essentials receipts required.,2026-07-11,2027-04-10,mock_open,SERINEA Demo Support Office (fictional),,,synthetic_from_poi_context,2026-09-08,"Fictional subsidy for testing only. Real POI is a geographic anchor, not a participating provider. Not open government subsidy data."
MOCK-SUB-0250,true,[MOCK] North Bendigo Local Travel Voucher,transport,NORTH BENDIGO,GREATER BENDIGO,22620,325,Loddon Campaspe,regional_city,n10749956233,Bannister St/Arnold St,public_transport,bus_stop,-36.7462499,144.277722,context_only_not_provider,mock_locality,individual,none,voucher,500,one_off,60000,individual,applicant,18,,false,,,"FICTIONAL TEST RULES: reside in NORTH BENDIGO (GREATER BENDIGO LGA). Annual gross individual income at most AUD 60000. Local resident requiring travel support; proposed study, work or medical journey required. Applicant aged at least 18.","Proof of identity and locality residence; income evidence; Local resident requiring travel support; proposed study, work or medical journey required.",2026-08-13,2027-01-05,mock_open,SERINEA Demo Support Office (fictional),,,synthetic_from_poi_context,2026-09-08,"Fictional subsidy for testing only. Real POI is a geographic anchor, not a participating provider. Not open government subsidy data."
MOCK-SUB-0251,true,[MOCK] Strathfieldsaye Early Years Participation Voucher,childcare,STRATHFIELDSAYE,GREATER BENDIGO,22620,325,Loddon Campaspe,regional_city,w1441608471,Strathfieldsaye Kindergarten,education,kindergarten,-36.8020006,144.3516648,context_only_not_provider,mock_locality,household,none,voucher,1400,one_off,75000,household,dependent_child,0,5,false,,,FICTIONAL TEST RULES: reside in STRATHFIELDSAYE (GREATER BENDIGO LGA). Annual gross household income at most AUD 75000. Parent or guardian of child aged 0 to 5; enrolment confirmation required.,Proof of identity and locality residence; income evidence; Parent or guardian of child aged 0 to 5; enrolment confirmation required.,2026-08-13,2026-12-06,mock_open,SERINEA Demo Support Office (fictional),,,synthetic_from_poi_context,2026-09-08,"Fictional subsidy for testing only. Real POI is a geographic anchor, not a participating provider. Not open government subsidy data."
MOCK-SUB-0252,true,[MOCK] Delacombe Household Settling Support,housing_setup,DELACOMBE,BALLARAT,20570,302,Central Highlands,regional_city,w511290626,BUPA Aged Care Ballarat,community,social_facility,-37.5915586,143.809166,context_only_not_provider,mock_locality,household,none,reimbursement,1400,one_off,110000,household,applicant,18,,true,90,,FICTIONAL TEST RULES: reside in DELACOMBE (BALLARAT LGA). Annual gross household income at most AUD 110000. New resident; tenancy at least 6 months; household essentials receipts required. Apply within 90 days of moving. Applicant aged at least 18.,Proof of identity and locality residence; income evidence; New resident; tenancy at least 6 months; household essentials receipts required.,2026-04-18,2027-02-18,mock_open,SERINEA Demo Support Office (fictional),,,synthetic_from_poi_context,2026-09-08,"Fictional subsidy for testing only. Real POI is a geographic anchor, not a participating provider. Not open government subsidy data."
MOCK-SUB-0253,true,[MOCK] Quantong Home Efficiency Rebate,energy,QUANTONG,HORSHAM,23190,332,Wimmera Southern Mallee,regional_city,w559731862,Quantong Public Hall,community,community_centre,-36.7554834,142.0257212,context_only_not_provider,mock_locality,household,none,rebate,1850,one_off,75000,household,applicant,18,,false,,,FICTIONAL TEST RULES: reside in QUANTONG (HORSHAM LGA). Annual gross household income at most AUD 75000. Primary residence in locality; owner consent if renting and efficiency upgrade quote required. Applicant aged at least 18.,Proof of identity and locality residence; income evidence; Primary residence in locality; owner consent if renting and efficiency upgrade quote required.,2026-07-17,2027-03-22,mock_open,SERINEA Demo Support Office (fictional),,,synthetic_from_poi_context,2026-09-08,"Fictional subsidy for testing only. Real POI is a geographic anchor, not a participating provider. Not open government subsidy data."
MOCK-SUB-0254,true,[MOCK] Fish Creek Household Settling Support,housing_setup,FISH CREEK,SOUTH GIPPSLAND,26170,361,Gippsland,rural_council,n8547011811,Fish Creek Memorial Hall,community,community_centre,-38.6928484,146.0816669,context_only_not_provider,mock_locality,household,none,reimbursement,1750,one_off,75000,household,applicant,18,,true,90,,FICTIONAL TEST RULES: reside in FISH CREEK (SOUTH GIPPSLAND LGA). Annual gross household income at most AUD 75000. New resident; tenancy at least 6 months; household essentials receipts required. Apply within 90 days of moving. Applicant aged at least 18.,Proof of identity and locality residence; income evidence; New resident; tenancy at least 6 months; household essentials receipts required.,2026-09-19,2027-02-12,mock_upcoming,SERINEA Demo Support Office (fictional),,,synthetic_from_poi_context,2026-09-08,"Fictional subsidy for testing only. Real POI is a geographic anchor, not a participating provider. Not open government subsidy data."
MOCK-SUB-0255,true,[MOCK] Meeniyan School Essentials Support,school_support,MEENIYAN,SOUTH GIPPSLAND,26170,361,Gippsland,rural_council,w596748666,Meeniyan Primary School,education,school,-38.5797488,146.0150734,context_only_not_provider,mock_locality,household,none,voucher,200,one_off,90000,household,dependent_child,5,18,false,,,FICTIONAL TEST RULES: reside in MEENIYAN (SOUTH GIPPSLAND LGA). Annual gross household income at most AUD 90000. Parent or guardian of student aged 5 to 18; enrolment and equipment quote required.,Proof of identity and locality residence; income evidence; Parent or guardian of student aged 5 to 18; enrolment and equipment quote required.,2026-08-15,2026-12-03,mock_open,SERINEA Demo Support Office (fictional),,,synthetic_from_poi_context,2026-09-08,"Fictional subsidy for testing only. Real POI is a geographic anchor, not a participating provider. Not open government subsidy data."
MOCK-SUB-0256,true,[MOCK] Mildura Home Efficiency Rebate,energy,MILDURA,MILDURA,24780,345,Mallee,regional_city,w688256753,Living Waters Christian Community Care Centre,community,community_centre,-34.1898154,142.1618511,context_only_not_provider,mock_locality,household,none,rebate,1600,one_off,110000,household,applicant,18,,false,,,FICTIONAL TEST RULES: reside in MILDURA (MILDURA LGA). Annual gross household income at most AUD 110000. Primary residence in locality; owner consent if renting and efficiency upgrade quote required. Applicant aged at least 18.,Proof of identity and locality residence; income evidence; Primary residence in locality; owner consent if renting and efficiency upgrade quote required.,2026-06-02,2026-11-14,mock_open,SERINEA Demo Support Office (fictional),,,synthetic_from_poi_context,2026-09-08,"Fictional subsidy for testing only. Real POI is a geographic anchor, not a participating provider. Not open government subsidy data."
MOCK-SUB-0257,true,[MOCK] Birchip Sport Participation Voucher,sport,BIRCHIP,BULOKE,21270,309,Mallee,rural_council,w759357810,Birchip Shire Soldiers Memorial Park,recreation,park,-35.9815031,142.9183523,context_only_not_provider,mock_locality,individual,none,voucher,300,one_off,45000,individual,applicant,5,25,false,,,FICTIONAL TEST RULES: reside in BIRCHIP (BULOKE LGA). Annual gross individual income at most AUD 45000. Local resident aged 5 to 25; sports enrolment or equipment quote required.,Proof of identity and locality residence; income evidence; Local resident aged 5 to 25; sports enrolment or equipment quote required.,2026-06-17,2027-02-16,mock_open,SERINEA Demo Support Office (fictional),,,synthetic_from_poi_context,2026-09-08,"Fictional subsidy for testing only. Real POI is a geographic anchor, not a participating provider. Not open government subsidy data."
MOCK-SUB-0258,true,[MOCK] Tatura Early Years Participation Voucher,childcare,TATURA,GREATER SHEPPARTON,22830,328,Goulburn,regional_city,w907068820,Tatura Childrens Centre,education,kindergarten,-36.4417526,145.2235549,context_only_not_provider,mock_locality,household,none,voucher,750,one_off,90000,household,dependent_child,0,5,false,,,FICTIONAL TEST RULES: reside in TATURA (GREATER SHEPPARTON LGA). Annual gross household income at most AUD 90000. Parent or guardian of child aged 0 to 5; enrolment confirmation required.,Proof of identity and locality residence; income evidence; Parent or guardian of child aged 0 to 5; enrolment confirmation required.,2026-05-16,2027-02-01,mock_open,SERINEA Demo Support Office (fictional),,,synthetic_from_poi_context,2026-09-08,"Fictional subsidy for testing only. Real POI is a geographic anchor, not a participating provider. Not open government subsidy data."
MOCK-SUB-0259,true,[MOCK] Broughton Household Settling Support,housing_setup,BROUGHTON,HINDMARSH,22980,330,Wimmera Southern Mallee,rural_council,w1425108680,The Salvation Army Broughton Corps,community,community_centre,-36.1668866,141.3523266,context_only_not_provider,mock_locality,household,none,reimbursement,1200,one_off,75000,household,applicant,18,,true,90,,FICTIONAL TEST RULES: reside in BROUGHTON (HINDMARSH LGA). Annual gross household income at most AUD 75000. New resident; tenancy at least 6 months; household essentials receipts required. Apply within 90 days of moving. Applicant aged at least 18.,Proof of identity and locality residence; income evidence; New resident; tenancy at least 6 months; household essentials receipts required.,2026-07-04,2027-01-29,mock_open,SERINEA Demo Support Office (fictional),,,synthetic_from_poi_context,2026-09-08,"Fictional subsidy for testing only. Real POI is a geographic anchor, not a participating provider. Not open government subsidy data."
MOCK-SUB-0260,true,[MOCK] Nhill Digital Learning Support,digital,NHILL,HINDMARSH,22980,330,Wimmera Southern Mallee,rural_council,n11475698271,Nhill Men's Shed,community,community_centre,-36.3350621,141.6487045,context_only_not_provider,mock_locality,individual,none,grant,1200,one_off,60000,individual,applicant,16,,false,,,FICTIONAL TEST RULES: reside in NHILL (HINDMARSH LGA). Annual gross individual income at most AUD 60000. Local resident aged at least 16 enrolled in study or digital skills activity; course and device quote required.,Proof of identity and locality residence; income evidence; Local resident aged at least 16 enrolled in study or digital skills activity; course and device quote required.,2026-03-09,2026-08-10,mock_closed,SERINEA Demo Support Office (fictional),,,synthetic_from_poi_context,2026-09-08,"Fictional subsidy for testing only. Real POI is a geographic anchor, not a participating provider. Not open government subsidy data."
MOCK-SUB-0261,true,[MOCK] Warrnambool Health Access Reimbursement,healthcare,WARRNAMBOOL,WARRNAMBOOL,26730,369,Great South Coast,regional_city,n13135584901,Dorevitch Pathology,healthcare,clinic,-38.3809351,142.5200167,context_only_not_provider,mock_locality,individual,none,reimbursement,550,one_off,45000,individual,applicant,18,,false,,,"FICTIONAL TEST RULES: reside in WARRNAMBOOL (WARRNAMBOOL LGA). Annual gross individual income at most AUD 45000. Eligible consultation, prescription or dental expense; receipt required. Applicant aged at least 18.","Proof of identity and locality residence; income evidence; Eligible consultation, prescription or dental expense; receipt required.",2026-06-05,2027-02-28,mock_open,SERINEA Demo Support Office (fictional),,,synthetic_from_poi_context,2026-09-08,"Fictional subsidy for testing only. Real POI is a geographic anchor, not a participating provider. Not open government subsidy data."
MOCK-SUB-0262,true,[MOCK] Warragul Household Settling Support,housing_setup,WARRAGUL,BAW BAW,20830,305,Gippsland,rural_council,w307981140,Senior Citizens Centre,community,social_facility,-38.1613783,145.9337254,context_only_not_provider,mock_locality,household,none,reimbursement,1000,one_off,110000,household,applicant,18,,true,90,,FICTIONAL TEST RULES: reside in WARRAGUL (BAW BAW LGA). Annual gross household income at most AUD 110000. New resident; tenancy at least 6 months; household essentials receipts required. Apply within 90 days of moving. Applicant aged at least 18.,Proof of identity and locality residence; income evidence; New resident; tenancy at least 6 months; household essentials receipts required.,2026-11-11,2027-02-22,mock_upcoming,SERINEA Demo Support Office (fictional),,,synthetic_from_poi_context,2026-09-08,"Fictional subsidy for testing only. Real POI is a geographic anchor, not a participating provider. Not open government subsidy data."
MOCK-SUB-0263,true,[MOCK] Norlane Local Travel Voucher,transport,NORLANE,GREATER GEELONG,22750,327,Barwon,regional_city,w312181894,Platform 3,public_transport,platform,-38.0972855,144.3655084,context_only_not_provider,mock_locality,individual,none,voucher,200,one_off,75000,individual,applicant,18,,false,,,"FICTIONAL TEST RULES: reside in NORLANE (GREATER GEELONG LGA). Annual gross individual income at most AUD 75000. Local resident requiring travel support; proposed study, work or medical journey required. Applicant aged at least 18.","Proof of identity and locality residence; income evidence; Local resident requiring travel support; proposed study, work or medical journey required.",2026-11-14,2027-03-03,mock_upcoming,SERINEA Demo Support Office (fictional),,,synthetic_from_poi_context,2026-09-08,"Fictional subsidy for testing only. Real POI is a geographic anchor, not a participating provider. Not open government subsidy data."
MOCK-SUB-0264,true,[MOCK] Jan Juc Early Years Participation Voucher,childcare,JAN JUC,SURF COAST,26490,365,Barwon,rural_council,n848692858,Jan Juc Pre School,education,kindergarten,-38.348815,144.2929014,context_only_not_provider,mock_locality,household,none,voucher,900,one_off,90000,household,dependent_child,0,5,false,,,FICTIONAL TEST RULES: reside in JAN JUC (SURF COAST LGA). Annual gross household income at most AUD 90000. Parent or guardian of child aged 0 to 5; enrolment confirmation required.,Proof of identity and locality residence; income evidence; Parent or guardian of child aged 0 to 5; enrolment confirmation required.,2026-10-30,2027-02-16,mock_upcoming,SERINEA Demo Support Office (fictional),,,synthetic_from_poi_context,2026-09-08,"Fictional subsidy for testing only. Real POI is a geographic anchor, not a participating provider. Not open government subsidy data."
MOCK-SUB-0265,true,[MOCK] Warracknabeal Health Access Reimbursement,healthcare,WARRACKNABEAL,YARRIAMBIACK,27630,378,Wimmera Southern Mallee,rural_council,w228776740,Rural Northwest Health Warracknabeal Campus,healthcare,hospital,-36.2524169,142.3818907,context_only_not_provider,mock_locality,individual,none,reimbursement,400,one_off,75000,individual,applicant,18,,false,,,"FICTIONAL TEST RULES: reside in WARRACKNABEAL (YARRIAMBIACK LGA). Annual gross individual income at most AUD 75000. Eligible consultation, prescription or dental expense; receipt required. Applicant aged at least 18.","Proof of identity and locality residence; income evidence; Eligible consultation, prescription or dental expense; receipt required.",2026-07-27,2027-01-03,mock_open,SERINEA Demo Support Office (fictional),,,synthetic_from_poi_context,2026-09-08,"Fictional subsidy for testing only. Real POI is a geographic anchor, not a participating provider. Not open government subsidy data."
MOCK-SUB-0266,true,[MOCK] North Geelong Early Years Participation Voucher,childcare,NORTH GEELONG,GREATER GEELONG,22750,327,Barwon,regional_city,w1025802766,Federation Children,education,kindergarten,-38.130589,144.3432569,context_only_not_provider,mock_locality,household,none,voucher,1200,one_off,90000,household,dependent_child,0,5,false,,,FICTIONAL TEST RULES: reside in NORTH GEELONG (GREATER GEELONG LGA). Annual gross household income at most AUD 90000. Parent or guardian of child aged 0 to 5; enrolment confirmation required.,Proof of identity and locality residence; income evidence; Parent or guardian of child aged 0 to 5; enrolment confirmation required.,2026-07-06,2027-01-19,mock_open,SERINEA Demo Support Office (fictional),,,synthetic_from_poi_context,2026-09-08,"Fictional subsidy for testing only. Real POI is a geographic anchor, not a participating provider. Not open government subsidy data."
MOCK-SUB-0267,true,[MOCK] Woomelang Household Settling Support,housing_setup,WOOMELANG,YARRIAMBIACK,27630,378,Wimmera Southern Mallee,rural_council,w1193771242,Woomelang Community Hall,community,community_centre,-35.680471,142.6657106,context_only_not_provider,mock_locality,household,none,reimbursement,1450,one_off,90000,household,applicant,18,,true,90,,FICTIONAL TEST RULES: reside in WOOMELANG (YARRIAMBIACK LGA). Annual gross household income at most AUD 90000. New resident; tenancy at least 6 months; household essentials receipts required. Apply within 90 days of moving. Applicant aged at least 18.,Proof of identity and locality residence; income evidence; New resident; tenancy at least 6 months; household essentials receipts required.,2026-08-19,2027-02-10,mock_open,SERINEA Demo Support Office (fictional),,,synthetic_from_poi_context,2026-09-08,"Fictional subsidy for testing only. Real POI is a geographic anchor, not a participating provider. Not open government subsidy data."
MOCK-SUB-0268,true,[MOCK] Creswick Moving Expense Support,relocation,CRESWICK,HEPBURN,22910,329,Central Highlands,rural_council,w1304631101,Temporary Library (Room 123) till Feb 2025,community,library,-37.4230698,143.8997677,context_only_not_provider,mock_locality,household,none,reimbursement,2100,one_off,75000,household,applicant,18,,true,90,50,FICTIONAL TEST RULES: reside in CRESWICK (HEPBURN LGA). Annual gross household income at most AUD 75000. Move at least 50 km and establish primary residence; moving receipts required. Apply within 90 days of moving. Applicant aged at least 18.,Proof of identity and locality residence; income evidence; Move at least 50 km and establish primary residence; moving receipts required.,2026-08-10,2026-11-22,mock_open,SERINEA Demo Support Office (fictional),,,synthetic_from_poi_context,2026-09-08,"Fictional subsidy for testing only. Real POI is a geographic anchor, not a participating provider. Not open government subsidy data."
MOCK-SUB-0269,true,[MOCK] Maldon Early Years Participation Voucher,childcare,MALDON,MOUNT ALEXANDER,25430,353,Loddon Campaspe,rural_council,w315554218,Maldon Pre-School,education,kindergarten,-36.9930819,144.0680003,context_only_not_provider,mock_locality,household,none,voucher,1300,one_off,75000,household,dependent_child,0,5,false,,,FICTIONAL TEST RULES: reside in MALDON (MOUNT ALEXANDER LGA). Annual gross household income at most AUD 75000. Parent or guardian of child aged 0 to 5; enrolment confirmation required.,Proof of identity and locality residence; income evidence; Parent or guardian of child aged 0 to 5; enrolment confirmation required.,2026-05-10,2027-01-14,mock_open,SERINEA Demo Support Office (fictional),,,synthetic_from_poi_context,2026-09-08,"Fictional subsidy for testing only. Real POI is a geographic anchor, not a participating provider. Not open government subsidy data."
MOCK-SUB-0270,true,[MOCK] Tongala Health Access Reimbursement,healthcare,TONGALA,CAMPASPE,21370,310,Loddon Campaspe,rural_council,n11464615221,Tongala Health,healthcare,doctor,-36.2505772,144.9495601,context_only_not_provider,mock_locality,individual,none,reimbursement,950,one_off,45000,individual,applicant,18,,false,,,"FICTIONAL TEST RULES: reside in TONGALA (CAMPASPE LGA). Annual gross individual income at most AUD 45000. Eligible consultation, prescription or dental expense; receipt required. Applicant aged at least 18.","Proof of identity and locality residence; income evidence; Eligible consultation, prescription or dental expense; receipt required.",2026-03-08,2026-08-10,mock_closed,SERINEA Demo Support Office (fictional),,,synthetic_from_poi_context,2026-09-08,"Fictional subsidy for testing only. Real POI is a geographic anchor, not a participating provider. Not open government subsidy data."
MOCK-SUB-0271,true,[MOCK] Bacchus Marsh Independent Living Support,accessibility,BACCHUS MARSH,MOORABOOL,25150,350,Central Highlands,rural_council,n5574677089,Grant Street Medical Centre,healthcare,clinic,-37.6801456,144.4348823,context_only_not_provider,mock_locality,individual,none,grant,3300,one_off,75000,individual,applicant,18,,false,,,FICTIONAL TEST RULES: reside in BACCHUS MARSH (MOORABOOL LGA). Annual gross individual income at most AUD 75000. Disability or mobility support need; support assessment and equipment quote required. Applicant aged at least 18.,Proof of identity and locality residence; income evidence; Disability or mobility support need; support assessment and equipment quote required.,2026-11-03,2027-02-11,mock_upcoming,SERINEA Demo Support Office (fictional),,,synthetic_from_poi_context,2026-09-08,"Fictional subsidy for testing only. Real POI is a geographic anchor, not a participating provider. Not open government subsidy data."
MOCK-SUB-0272,true,[MOCK] Stawell Independent Living Support,accessibility,STAWELL,NORTHERN GRAMPIANS,25810,357,Wimmera Southern Mallee,rural_council,w116778899,Stawell District Hospital,healthcare,hospital,-37.0591586,142.7814832,context_only_not_provider,mock_locality,individual,none,grant,3000,one_off,45000,individual,applicant,18,,false,,,FICTIONAL TEST RULES: reside in STAWELL (NORTHERN GRAMPIANS LGA). Annual gross individual income at most AUD 45000. Disability or mobility support need; support assessment and equipment quote required. Applicant aged at least 18.,Proof of identity and locality residence; income evidence; Disability or mobility support need; support assessment and equipment quote required.,2026-07-22,2026-11-30,mock_open,SERINEA Demo Support Office (fictional),,,synthetic_from_poi_context,2026-09-08,"Fictional subsidy for testing only. Real POI is a geographic anchor, not a participating provider. Not open government subsidy data."
MOCK-SUB-0273,true,[MOCK] Ballarat Central Household Settling Support,housing_setup,BALLARAT CENTRAL,BALLARAT,20570,302,Central Highlands,regional_city,w42180356,Ballarat Town Hall,community,town_hall,-37.5623175,143.8565135,context_only_not_provider,mock_locality,household,none,reimbursement,650,one_off,110000,household,applicant,18,,true,90,,FICTIONAL TEST RULES: reside in BALLARAT CENTRAL (BALLARAT LGA). Annual gross household income at most AUD 110000. New resident; tenancy at least 6 months; household essentials receipts required. Apply within 90 days of moving. Applicant aged at least 18.,Proof of identity and locality residence; income evidence; New resident; tenancy at least 6 months; household essentials receipts required.,2026-05-30,2027-03-25,mock_open,SERINEA Demo Support Office (fictional),,,synthetic_from_poi_context,2026-09-08,"Fictional subsidy for testing only. Real POI is a geographic anchor, not a participating provider. Not open government subsidy data."
MOCK-SUB-0274,true,[MOCK] Linton Household Settling Support,housing_setup,LINTON,GOLDEN PLAINS,22490,324,Central Highlands,rural_council,w1024211621,Linton Community Hub,community,town_hall,-37.6866196,143.5623365,context_only_not_provider,mock_locality,household,none,reimbursement,1900,one_off,110000,household,applicant,18,,true,90,,FICTIONAL TEST RULES: reside in LINTON (GOLDEN PLAINS LGA). Annual gross household income at most AUD 110000. New resident; tenancy at least 6 months; household essentials receipts required. Apply within 90 days of moving. Applicant aged at least 18.,Proof of identity and locality residence; income evidence; New resident; tenancy at least 6 months; household essentials receipts required.,2026-08-06,2026-11-09,mock_open,SERINEA Demo Support Office (fictional),,,synthetic_from_poi_context,2026-09-08,"Fictional subsidy for testing only. Real POI is a geographic anchor, not a participating provider. Not open government subsidy data."
MOCK-SUB-0275,true,[MOCK] Wonthaggi School Essentials Support,school_support,WONTHAGGI,BASS COAST,20740,304,Gippsland,rural_council,w883599850,Bass Coast College McKenzie Senior Campus,education,school,-38.6105618,145.5999783,context_only_not_provider,mock_locality,household,none,voucher,500,one_off,110000,household,dependent_child,5,18,false,,,FICTIONAL TEST RULES: reside in WONTHAGGI (BASS COAST LGA). Annual gross household income at most AUD 110000. Parent or guardian of student aged 5 to 18; enrolment and equipment quote required.,Proof of identity and locality residence; income evidence; Parent or guardian of student aged 5 to 18; enrolment and equipment quote required.,2026-07-25,2027-02-22,mock_open,SERINEA Demo Support Office (fictional),,,synthetic_from_poi_context,2026-09-08,"Fictional subsidy for testing only. Real POI is a geographic anchor, not a participating provider. Not open government subsidy data."
MOCK-SUB-0276,true,[MOCK] Seymour Health Access Reimbursement,healthcare,SEYMOUR,MITCHELL,24850,346,Goulburn,rural_council,w974861664,Seymour Hospital,healthcare,hospital,-37.0181592,145.1387518,context_only_not_provider,mock_locality,individual,none,reimbursement,850,one_off,45000,individual,applicant,18,,false,,,"FICTIONAL TEST RULES: reside in SEYMOUR (MITCHELL LGA). Annual gross individual income at most AUD 45000. Eligible consultation, prescription or dental expense; receipt required. Applicant aged at least 18.","Proof of identity and locality residence; income evidence; Eligible consultation, prescription or dental expense; receipt required.",2026-05-28,2027-03-17,mock_open,SERINEA Demo Support Office (fictional),,,synthetic_from_poi_context,2026-09-08,"Fictional subsidy for testing only. Real POI is a geographic anchor, not a participating provider. Not open government subsidy data."
MOCK-SUB-0277,true,[MOCK] Horsham Health Access Reimbursement,healthcare,HORSHAM,HORSHAM,23190,332,Wimmera Southern Mallee,regional_city,n1276780864,Tristar Medical Centre,healthcare,doctor,-36.7182836,142.1984099,context_only_not_provider,mock_locality,individual,none,reimbursement,950,one_off,60000,individual,applicant,18,,false,,,"FICTIONAL TEST RULES: reside in HORSHAM (HORSHAM LGA). Annual gross individual income at most AUD 60000. Eligible consultation, prescription or dental expense; receipt required. Applicant aged at least 18.","Proof of identity and locality residence; income evidence; Eligible consultation, prescription or dental expense; receipt required.",2026-05-03,2026-08-30,mock_closed,SERINEA Demo Support Office (fictional),,,synthetic_from_poi_context,2026-09-08,"Fictional subsidy for testing only. Real POI is a geographic anchor, not a participating provider. Not open government subsidy data."
MOCK-SUB-0278,true,[MOCK] Geelong Health Access Reimbursement,healthcare,GEELONG,GREATER GEELONG,22750,327,Barwon,regional_city,n7786644340,Bhardwaj Dental Centre,healthcare,dentist,-38.1482616,144.3634032,context_only_not_provider,mock_locality,individual,none,reimbursement,800,one_off,75000,individual,applicant,18,,false,,,"FICTIONAL TEST RULES: reside in GEELONG (GREATER GEELONG LGA). Annual gross individual income at most AUD 75000. Eligible consultation, prescription or dental expense; receipt required. Applicant aged at least 18.","Proof of identity and locality residence; income evidence; Eligible consultation, prescription or dental expense; receipt required.",2026-05-17,2026-10-31,mock_open,SERINEA Demo Support Office (fictional),,,synthetic_from_poi_context,2026-09-08,"Fictional subsidy for testing only. Real POI is a geographic anchor, not a participating provider. Not open government subsidy data."
MOCK-SUB-0279,true,[MOCK] Cohuna Household Settling Support,housing_setup,COHUNA,GANNAWARRA,22250,321,Mallee,rural_council,w712622399,Cohuna Neighbourhood House,community,community_centre,-35.8115834,144.2213961,context_only_not_provider,mock_locality,household,none,reimbursement,1650,one_off,110000,household,applicant,18,,true,90,,FICTIONAL TEST RULES: reside in COHUNA (GANNAWARRA LGA). Annual gross household income at most AUD 110000. New resident; tenancy at least 6 months; household essentials receipts required. Apply within 90 days of moving. Applicant aged at least 18.,Proof of identity and locality residence; income evidence; New resident; tenancy at least 6 months; household essentials receipts required.,2026-10-19,2027-03-27,mock_upcoming,SERINEA Demo Support Office (fictional),,,synthetic_from_poi_context,2026-09-08,"Fictional subsidy for testing only. Real POI is a geographic anchor, not a participating provider. Not open government subsidy data."
MOCK-SUB-0280,true,[MOCK] Bairnsdale Health Access Reimbursement,healthcare,BAIRNSDALE,EAST GIPPSLAND,22110,319,Gippsland,rural_council,w179553490,Your Space,healthcare,clinic,-37.8264842,147.6338939,context_only_not_provider,mock_locality,individual,none,reimbursement,1100,one_off,75000,individual,applicant,18,,false,,,"FICTIONAL TEST RULES: reside in BAIRNSDALE (EAST GIPPSLAND LGA). Annual gross individual income at most AUD 75000. Eligible consultation, prescription or dental expense; receipt required. Applicant aged at least 18.","Proof of identity and locality residence; income evidence; Eligible consultation, prescription or dental expense; receipt required.",2026-04-29,2026-12-31,mock_open,SERINEA Demo Support Office (fictional),,,synthetic_from_poi_context,2026-09-08,"Fictional subsidy for testing only. Real POI is a geographic anchor, not a participating provider. Not open government subsidy data."
MOCK-SUB-0281,true,[MOCK] Mount Egerton School Essentials Support,school_support,MOUNT EGERTON,MOORABOOL,25150,350,Central Highlands,rural_council,w320758061,Mount Egerton Primary School,education,school,-37.628123,144.1023253,context_only_not_provider,mock_locality,household,none,voucher,400,one_off,90000,household,dependent_child,5,18,false,,,FICTIONAL TEST RULES: reside in MOUNT EGERTON (MOORABOOL LGA). Annual gross household income at most AUD 90000. Parent or guardian of student aged 5 to 18; enrolment and equipment quote required.,Proof of identity and locality residence; income evidence; Parent or guardian of student aged 5 to 18; enrolment and equipment quote required.,2026-07-23,2027-03-16,mock_open,SERINEA Demo Support Office (fictional),,,synthetic_from_poi_context,2026-09-08,"Fictional subsidy for testing only. Real POI is a geographic anchor, not a participating provider. Not open government subsidy data."
MOCK-SUB-0282,true,[MOCK] Dunolly Home Efficiency Rebate,energy,DUNOLLY,CENTRAL GOLDFIELDS,21670,313,Loddon Campaspe,rural_council,w39627056,Dunolly Town Hall,community,town_hall,-36.8599648,143.7317262,context_only_not_provider,mock_locality,household,none,rebate,650,one_off,90000,household,applicant,18,,false,,,FICTIONAL TEST RULES: reside in DUNOLLY (CENTRAL GOLDFIELDS LGA). Annual gross household income at most AUD 90000. Primary residence in locality; owner consent if renting and efficiency upgrade quote required. Applicant aged at least 18.,Proof of identity and locality residence; income evidence; Primary residence in locality; owner consent if renting and efficiency upgrade quote required.,2026-08-04,2026-11-21,mock_open,SERINEA Demo Support Office (fictional),,,synthetic_from_poi_context,2026-09-08,"Fictional subsidy for testing only. Real POI is a geographic anchor, not a participating provider. Not open government subsidy data."
MOCK-SUB-0283,true,[MOCK] Corio Independent Living Support,accessibility,CORIO,GREATER GEELONG,22750,327,Barwon,regional_city,w266500818,Cloverdale Community Centre,community,community_centre,-38.0730418,144.3438069,context_only_not_provider,mock_locality,individual,none,grant,1800,one_off,45000,individual,applicant,18,,false,,,FICTIONAL TEST RULES: reside in CORIO (GREATER GEELONG LGA). Annual gross individual income at most AUD 45000. Disability or mobility support need; support assessment and equipment quote required. Applicant aged at least 18.,Proof of identity and locality residence; income evidence; Disability or mobility support need; support assessment and equipment quote required.,2026-08-17,2027-01-01,mock_open,SERINEA Demo Support Office (fictional),,,synthetic_from_poi_context,2026-09-08,"Fictional subsidy for testing only. Real POI is a geographic anchor, not a participating provider. Not open government subsidy data."
MOCK-SUB-0284,true,[MOCK] Ballarat East Community Participation Voucher,community,BALLARAT EAST,BALLARAT,20570,302,Central Highlands,regional_city,w300347035,,community,community_centre,-37.5617252,143.8876787,context_only_not_provider,mock_locality,individual,none,voucher,200,one_off,60000,individual,applicant,18,,false,,,FICTIONAL TEST RULES: reside in BALLARAT EAST (BALLARAT LGA). Annual gross individual income at most AUD 60000. Local resident joining a community class or activity; registration confirmation required. Applicant aged at least 18.,Proof of identity and locality residence; income evidence; Local resident joining a community class or activity; registration confirmation required.,2026-08-19,2027-03-03,mock_open,SERINEA Demo Support Office (fictional),,,synthetic_from_poi_context,2026-09-08,"Fictional subsidy for testing only. Real POI is a geographic anchor, not a participating provider. Not open government subsidy data."
MOCK-SUB-0285,true,[MOCK] Pyramid Hill Household Settling Support,housing_setup,PYRAMID HILL,LODDON,23940,338,Loddon Campaspe,rural_council,n12703299797,Pyramid Hill Community Centre Development Stage 1,community,community_centre,-36.0540688,144.1160409,context_only_not_provider,mock_locality,household,none,reimbursement,800,one_off,110000,household,applicant,18,,true,90,,FICTIONAL TEST RULES: reside in PYRAMID HILL (LODDON LGA). Annual gross household income at most AUD 110000. New resident; tenancy at least 6 months; household essentials receipts required. Apply within 90 days of moving. Applicant aged at least 18.,Proof of identity and locality residence; income evidence; New resident; tenancy at least 6 months; household essentials receipts required.,2026-07-10,2026-12-22,mock_open,SERINEA Demo Support Office (fictional),,,synthetic_from_poi_context,2026-09-08,"Fictional subsidy for testing only. Real POI is a geographic anchor, not a participating provider. Not open government subsidy data."
MOCK-SUB-0286,true,[MOCK] Gateway Island Sport Participation Voucher,sport,GATEWAY ISLAND,WODONGA,27170,374,Ovens Murray,regional_city,w303595227,Gateway Lakes,recreation,park,-36.0909987,146.9007161,context_only_not_provider,mock_locality,individual,none,voucher,150,one_off,,individual,applicant,5,25,false,,,FICTIONAL TEST RULES: reside in GATEWAY ISLAND (WODONGA LGA). No income limit in this mock scenario. Local resident aged 5 to 25; sports enrolment or equipment quote required.,Proof of identity and locality residence; Local resident aged 5 to 25; sports enrolment or equipment quote required.,2026-05-24,2026-11-17,mock_open,SERINEA Demo Support Office (fictional),,,synthetic_from_poi_context,2026-09-08,"Fictional subsidy for testing only. Real POI is a geographic anchor, not a participating provider. Not open government subsidy data."
MOCK-SUB-0287,true,[MOCK] Jeparit Health Access Reimbursement,healthcare,JEPARIT,HINDMARSH,22980,330,Wimmera Southern Mallee,rural_council,w256149913,Jeparit Hospital,healthcare,hospital,-36.1414952,141.9847518,context_only_not_provider,mock_locality,individual,none,reimbursement,900,one_off,60000,individual,applicant,18,,false,,,"FICTIONAL TEST RULES: reside in JEPARIT (HINDMARSH LGA). Annual gross individual income at most AUD 60000. Eligible consultation, prescription or dental expense; receipt required. Applicant aged at least 18.","Proof of identity and locality residence; income evidence; Eligible consultation, prescription or dental expense; receipt required.",2026-05-19,2026-12-01,mock_open,SERINEA Demo Support Office (fictional),,,synthetic_from_poi_context,2026-09-08,"Fictional subsidy for testing only. Real POI is a geographic anchor, not a participating provider. Not open government subsidy data."
MOCK-SUB-0288,true,[MOCK] Underbool Local Travel Voucher,transport,UNDERBOOL,MILDURA,24780,345,Mallee,regional_city,n4338516136,General Store,public_transport,platform,-35.1697395,141.8087603,context_only_not_provider,mock_locality,individual,none,voucher,350,one_off,75000,individual,applicant,18,,false,,,"FICTIONAL TEST RULES: reside in UNDERBOOL (MILDURA LGA). Annual gross individual income at most AUD 75000. Local resident requiring travel support; proposed study, work or medical journey required. Applicant aged at least 18.","Proof of identity and locality residence; income evidence; Local resident requiring travel support; proposed study, work or medical journey required.",2026-08-02,2027-01-26,mock_open,SERINEA Demo Support Office (fictional),,,synthetic_from_poi_context,2026-09-08,"Fictional subsidy for testing only. Real POI is a geographic anchor, not a participating provider. Not open government subsidy data."
MOCK-SUB-0289,true,[MOCK] Hamilton Local Travel Voucher,transport,HAMILTON,SOUTHERN GRAMPIANS,26260,362,Great South Coast,rural_council,n2411620626,Hamilton Town Centre/Brown St,public_transport,bus_stop,-37.7425239,142.0251228,context_only_not_provider,mock_locality,individual,none,voucher,300,one_off,45000,individual,applicant,18,,false,,,"FICTIONAL TEST RULES: reside in HAMILTON (SOUTHERN GRAMPIANS LGA). Annual gross individual income at most AUD 45000. Local resident requiring travel support; proposed study, work or medical journey required. Applicant aged at least 18.","Proof of identity and locality residence; income evidence; Local resident requiring travel support; proposed study, work or medical journey required.",2026-08-22,2027-02-07,mock_open,SERINEA Demo Support Office (fictional),,,synthetic_from_poi_context,2026-09-08,"Fictional subsidy for testing only. Real POI is a geographic anchor, not a participating provider. Not open government subsidy data."
MOCK-SUB-0290,true,[MOCK] Rainbow Community Participation Voucher,community,RAINBOW,HINDMARSH,22980,330,Wimmera Southern Mallee,rural_council,w1245258421,Rainbow Neighbourhood House,community,community_centre,-35.8998147,141.9951294,context_only_not_provider,mock_locality,individual,none,voucher,300,one_off,60000,individual,applicant,18,,false,,,FICTIONAL TEST RULES: reside in RAINBOW (HINDMARSH LGA). Annual gross individual income at most AUD 60000. Local resident joining a community class or activity; registration confirmation required. Applicant aged at least 18.,Proof of identity and locality residence; income evidence; Local resident joining a community class or activity; registration confirmation required.,2026-04-03,2026-07-07,mock_closed,SERINEA Demo Support Office (fictional),,,synthetic_from_poi_context,2026-09-08,"Fictional subsidy for testing only. Real POI is a geographic anchor, not a participating provider. Not open government subsidy data."
MOCK-SUB-0291,true,[MOCK] Redan Community Participation Voucher,community,REDAN,BALLARAT,20570,302,Central Highlands,regional_city,w986142098,Ballarat South Senior Citizens,community,community_centre,-37.5723487,143.8355331,context_only_not_provider,mock_locality,individual,none,voucher,350,one_off,75000,individual,applicant,18,,false,,,FICTIONAL TEST RULES: reside in REDAN (BALLARAT LGA). Annual gross individual income at most AUD 75000. Local resident joining a community class or activity; registration confirmation required. Applicant aged at least 18.,Proof of identity and locality residence; income evidence; Local resident joining a community class or activity; registration confirmation required.,2026-06-17,2027-04-26,mock_open,SERINEA Demo Support Office (fictional),,,synthetic_from_poi_context,2026-09-08,"Fictional subsidy for testing only. Real POI is a geographic anchor, not a participating provider. Not open government subsidy data."
MOCK-SUB-0292,true,[MOCK] Orbost Early Years Participation Voucher,childcare,ORBOST,EAST GIPPSLAND,22110,319,Gippsland,rural_council,w1104886541,Orbost Kindergarten,education,kindergarten,-37.70702,148.4562646,context_only_not_provider,mock_locality,household,none,voucher,800,one_off,110000,household,dependent_child,0,5,false,,,FICTIONAL TEST RULES: reside in ORBOST (EAST GIPPSLAND LGA). Annual gross household income at most AUD 110000. Parent or guardian of child aged 0 to 5; enrolment confirmation required.,Proof of identity and locality residence; income evidence; Parent or guardian of child aged 0 to 5; enrolment confirmation required.,2026-11-18,2027-03-26,mock_upcoming,SERINEA Demo Support Office (fictional),,,synthetic_from_poi_context,2026-09-08,"Fictional subsidy for testing only. Real POI is a geographic anchor, not a participating provider. Not open government subsidy data."
MOCK-SUB-0293,true,[MOCK] Long Gully Household Settling Support,housing_setup,LONG GULLY,GREATER BENDIGO,22620,325,Loddon Campaspe,regional_city,w1529520262,Long Gully Neighbourhood Centre,community,community_centre,-36.7495119,144.2537122,context_only_not_provider,mock_locality,household,none,reimbursement,1600,one_off,90000,household,applicant,18,,true,90,,FICTIONAL TEST RULES: reside in LONG GULLY (GREATER BENDIGO LGA). Annual gross household income at most AUD 90000. New resident; tenancy at least 6 months; household essentials receipts required. Apply within 90 days of moving. Applicant aged at least 18.,Proof of identity and locality residence; income evidence; New resident; tenancy at least 6 months; household essentials receipts required.,2026-10-31,2027-02-19,mock_upcoming,SERINEA Demo Support Office (fictional),,,synthetic_from_poi_context,2026-09-08,"Fictional subsidy for testing only. Real POI is a geographic anchor, not a participating provider. Not open government subsidy data."
MOCK-SUB-0294,true,[MOCK] Tatura Moving Expense Support,relocation,TATURA,GREATER SHEPPARTON,22830,328,Goulburn,regional_city,n8071912039,Senior Citizens Centre,community,community_centre,-36.4408795,145.2321401,context_only_not_provider,mock_locality,household,none,reimbursement,2000,one_off,75000,household,applicant,18,,true,90,50,FICTIONAL TEST RULES: reside in TATURA (GREATER SHEPPARTON LGA). Annual gross household income at most AUD 75000. Move at least 50 km and establish primary residence; moving receipts required. Apply within 90 days of moving. Applicant aged at least 18.,Proof of identity and locality residence; income evidence; Move at least 50 km and establish primary residence; moving receipts required.,2026-09-29,2027-01-19,mock_upcoming,SERINEA Demo Support Office (fictional),,,synthetic_from_poi_context,2026-09-08,"Fictional subsidy for testing only. Real POI is a geographic anchor, not a participating provider. Not open government subsidy data."
MOCK-SUB-0295,true,[MOCK] Grantville Local Travel Voucher,transport,GRANTVILLE,BASS COAST,20740,304,Gippsland,rural_council,n11518447050,Deep Creek St/Bass Hwy,public_transport,bus_stop,-38.3985186,145.5373396,context_only_not_provider,mock_locality,individual,none,voucher,550,one_off,45000,individual,applicant,18,,false,,,"FICTIONAL TEST RULES: reside in GRANTVILLE (BASS COAST LGA). Annual gross individual income at most AUD 45000. Local resident requiring travel support; proposed study, work or medical journey required. Applicant aged at least 18.","Proof of identity and locality residence; income evidence; Local resident requiring travel support; proposed study, work or medical journey required.",2026-06-13,2027-03-21,mock_open,SERINEA Demo Support Office (fictional),,,synthetic_from_poi_context,2026-09-08,"Fictional subsidy for testing only. Real POI is a geographic anchor, not a participating provider. Not open government subsidy data."
MOCK-SUB-0296,true,[MOCK] Sale Early Years Participation Voucher,childcare,SALE,WELLINGTON,26810,370,Gippsland,rural_council,n13208610147,Ready Steady Go Kids,education,kindergarten,-38.109721,147.0671693,context_only_not_provider,mock_locality,household,none,voucher,1450,one_off,75000,household,dependent_child,0,5,false,,,FICTIONAL TEST RULES: reside in SALE (WELLINGTON LGA). Annual gross household income at most AUD 75000. Parent or guardian of child aged 0 to 5; enrolment confirmation required.,Proof of identity and locality residence; income evidence; Parent or guardian of child aged 0 to 5; enrolment confirmation required.,2026-08-04,2027-01-26,mock_open,SERINEA Demo Support Office (fictional),,,synthetic_from_poi_context,2026-09-08,"Fictional subsidy for testing only. Real POI is a geographic anchor, not a participating provider. Not open government subsidy data."
MOCK-SUB-0297,true,[MOCK] Spring Gully Early Years Participation Voucher,childcare,SPRING GULLY,GREATER BENDIGO,22620,325,Loddon Campaspe,regional_city,w1441546086,Shine Bright Spring Gully Kindergarten,education,kindergarten,-36.7959072,144.2856446,context_only_not_provider,mock_locality,household,none,voucher,1800,one_off,110000,household,dependent_child,0,5,false,,,FICTIONAL TEST RULES: reside in SPRING GULLY (GREATER BENDIGO LGA). Annual gross household income at most AUD 110000. Parent or guardian of child aged 0 to 5; enrolment confirmation required.,Proof of identity and locality residence; income evidence; Parent or guardian of child aged 0 to 5; enrolment confirmation required.,2026-04-20,2027-04-25,mock_open,SERINEA Demo Support Office (fictional),,,synthetic_from_poi_context,2026-09-08,"Fictional subsidy for testing only. Real POI is a geographic anchor, not a participating provider. Not open government subsidy data."
MOCK-SUB-0298,true,[MOCK] Bairnsdale Early Years Participation Voucher,childcare,BAIRNSDALE,EAST GIPPSLAND,22110,319,Gippsland,rural_council,w545619755,Westdale Kinder,education,kindergarten,-37.8244893,147.6013024,context_only_not_provider,mock_locality,household,none,voucher,700,one_off,90000,household,dependent_child,0,5,false,,,FICTIONAL TEST RULES: reside in BAIRNSDALE (EAST GIPPSLAND LGA). Annual gross household income at most AUD 90000. Parent or guardian of child aged 0 to 5; enrolment confirmation required.,Proof of identity and locality residence; income evidence; Parent or guardian of child aged 0 to 5; enrolment confirmation required.,2026-08-15,2027-02-13,mock_open,SERINEA Demo Support Office (fictional),,,synthetic_from_poi_context,2026-09-08,"Fictional subsidy for testing only. Real POI is a geographic anchor, not a participating provider. Not open government subsidy data."
MOCK-SUB-0299,true,[MOCK] Mount Beauty Health Access Reimbursement,healthcare,MOUNT BEAUTY,ALPINE,20110,300,Ovens Murray,rural_council,w182624800,Mount Beauty Medical Centre,healthcare,clinic,-36.7442538,147.1707083,context_only_not_provider,mock_locality,individual,none,reimbursement,550,one_off,60000,individual,applicant,18,,false,,,"FICTIONAL TEST RULES: reside in MOUNT BEAUTY (ALPINE LGA). Annual gross individual income at most AUD 60000. Eligible consultation, prescription or dental expense; receipt required. Applicant aged at least 18.","Proof of identity and locality residence; income evidence; Eligible consultation, prescription or dental expense; receipt required.",2026-06-24,2026-10-20,mock_open,SERINEA Demo Support Office (fictional),,,synthetic_from_poi_context,2026-09-08,"Fictional subsidy for testing only. Real POI is a geographic anchor, not a participating provider. Not open government subsidy data."
MOCK-SUB-0300,true,[MOCK] Seymour School Essentials Support,school_support,SEYMOUR,MITCHELL,24850,346,Goulburn,rural_council,w1104381374,St Mary's College,education,school,-37.0203803,145.1426519,context_only_not_provider,mock_locality,household,none,voucher,200,one_off,90000,household,dependent_child,5,18,false,,,FICTIONAL TEST RULES: reside in SEYMOUR (MITCHELL LGA). Annual gross household income at most AUD 90000. Parent or guardian of student aged 5 to 18; enrolment and equipment quote required.,Proof of identity and locality residence; income evidence; Parent or guardian of student aged 5 to 18; enrolment and equipment quote required.,2026-11-11,2027-03-31,mock_upcoming,SERINEA Demo Support Office (fictional),,,synthetic_from_poi_context,2026-09-08,"Fictional subsidy for testing only. Real POI is a geographic anchor, not a participating provider. Not open government subsidy data."
MOCK-SUB-0301,true,[MOCK] Charlemont School Essentials Support,school_support,CHARLEMONT,GREATER GEELONG,22750,327,Barwon,regional_city,w1047372398,Iona College,education,school,-38.2204244,144.3541985,context_only_not_provider,mock_locality,household,none,voucher,300,one_off,110000,household,dependent_child,5,18,false,,,FICTIONAL TEST RULES: reside in CHARLEMONT (GREATER GEELONG LGA). Annual gross household income at most AUD 110000. Parent or guardian of student aged 5 to 18; enrolment and equipment quote required.,Proof of identity and locality residence; income evidence; Parent or guardian of student aged 5 to 18; enrolment and equipment quote required.,2026-06-22,2027-01-03,mock_open,SERINEA Demo Support Office (fictional),,,synthetic_from_poi_context,2026-09-08,"Fictional subsidy for testing only. Real POI is a geographic anchor, not a participating provider. Not open government subsidy data."
MOCK-SUB-0302,true,[MOCK] Foster Health Access Reimbursement,healthcare,FOSTER,SOUTH GIPPSLAND,26170,361,Gippsland,rural_council,w1337978082,Southern Smiles Dental,healthcare,dentist,-38.6518145,146.1999052,context_only_not_provider,mock_locality,individual,none,reimbursement,800,one_off,45000,individual,applicant,18,,false,,,"FICTIONAL TEST RULES: reside in FOSTER (SOUTH GIPPSLAND LGA). Annual gross individual income at most AUD 45000. Eligible consultation, prescription or dental expense; receipt required. Applicant aged at least 18.","Proof of identity and locality residence; income evidence; Eligible consultation, prescription or dental expense; receipt required.",2026-08-09,2026-11-13,mock_open,SERINEA Demo Support Office (fictional),,,synthetic_from_poi_context,2026-09-08,"Fictional subsidy for testing only. Real POI is a geographic anchor, not a participating provider. Not open government subsidy data."
MOCK-SUB-0303,true,[MOCK] Merbein Community Participation Voucher,community,MERBEIN,MILDURA,24780,345,Mallee,regional_city,n5549653250,Merbein Library,community,library,-34.1673745,142.0582627,context_only_not_provider,mock_locality,individual,none,voucher,300,one_off,45000,individual,applicant,18,,false,,,FICTIONAL TEST RULES: reside in MERBEIN (MILDURA LGA). Annual gross individual income at most AUD 45000. Local resident joining a community class or activity; registration confirmation required. Applicant aged at least 18.,Proof of identity and locality residence; income evidence; Local resident joining a community class or activity; registration confirmation required.,2026-07-04,2027-02-09,mock_open,SERINEA Demo Support Office (fictional),,,synthetic_from_poi_context,2026-09-08,"Fictional subsidy for testing only. Real POI is a geographic anchor, not a participating provider. Not open government subsidy data."
MOCK-SUB-0304,true,[MOCK] Leongatha Community Participation Voucher,community,LEONGATHA,SOUTH GIPPSLAND,26170,361,Gippsland,rural_council,n11788868785,Leongatha Library,community,library,-38.474833,145.9451572,context_only_not_provider,mock_locality,individual,none,voucher,350,one_off,,individual,applicant,18,,false,,,FICTIONAL TEST RULES: reside in LEONGATHA (SOUTH GIPPSLAND LGA). No income limit in this mock scenario. Local resident joining a community class or activity; registration confirmation required. Applicant aged at least 18.,Proof of identity and locality residence; Local resident joining a community class or activity; registration confirmation required.,2026-03-18,2026-06-20,mock_closed,SERINEA Demo Support Office (fictional),,,synthetic_from_poi_context,2026-09-08,"Fictional subsidy for testing only. Real POI is a geographic anchor, not a participating provider. Not open government subsidy data."
MOCK-SUB-0305,true,[MOCK] Anglesea Home Efficiency Rebate,energy,ANGLESEA,SURF COAST,26490,365,Barwon,rural_council,n3502563022,Environment Center,community,social_facility,-38.3958795,144.212625,context_only_not_provider,mock_locality,household,none,rebate,1450,one_off,110000,household,applicant,18,,false,,,FICTIONAL TEST RULES: reside in ANGLESEA (SURF COAST LGA). Annual gross household income at most AUD 110000. Primary residence in locality; owner consent if renting and efficiency upgrade quote required. Applicant aged at least 18.,Proof of identity and locality residence; income evidence; Primary residence in locality; owner consent if renting and efficiency upgrade quote required.,2026-08-11,2027-04-23,mock_open,SERINEA Demo Support Office (fictional),,,synthetic_from_poi_context,2026-09-08,"Fictional subsidy for testing only. Real POI is a geographic anchor, not a participating provider. Not open government subsidy data."
MOCK-SUB-0306,true,[MOCK] San Remo Moving Expense Support,relocation,SAN REMO,BASS COAST,20740,304,Gippsland,rural_council,n14045586395,San Remo Library,community,library,-38.5211777,145.3732052,context_only_not_provider,mock_locality,household,none,reimbursement,3400,one_off,90000,household,applicant,18,,true,90,50,FICTIONAL TEST RULES: reside in SAN REMO (BASS COAST LGA). Annual gross household income at most AUD 90000. Move at least 50 km and establish primary residence; moving receipts required. Apply within 90 days of moving. Applicant aged at least 18.,Proof of identity and locality residence; income evidence; Move at least 50 km and establish primary residence; moving receipts required.,2026-11-18,2027-03-23,mock_upcoming,SERINEA Demo Support Office (fictional),,,synthetic_from_poi_context,2026-09-08,"Fictional subsidy for testing only. Real POI is a geographic anchor, not a participating provider. Not open government subsidy data."
MOCK-SUB-0307,true,[MOCK] Rushworth Moving Expense Support,relocation,RUSHWORTH,CAMPASPE,21370,310,Loddon Campaspe,rural_council,w244504769,Rushworth Community House,community,community_centre,-36.5896743,145.0163607,context_only_not_provider,mock_locality,household,none,reimbursement,3300,one_off,75000,household,applicant,18,,true,90,50,FICTIONAL TEST RULES: reside in RUSHWORTH (CAMPASPE LGA). Annual gross household income at most AUD 75000. Move at least 50 km and establish primary residence; moving receipts required. Apply within 90 days of moving. Applicant aged at least 18.,Proof of identity and locality residence; income evidence; Move at least 50 km and establish primary residence; moving receipts required.,2026-06-11,2026-11-09,mock_open,SERINEA Demo Support Office (fictional),,,synthetic_from_poi_context,2026-09-08,"Fictional subsidy for testing only. Real POI is a geographic anchor, not a participating provider. Not open government subsidy data."
MOCK-SUB-0308,true,[MOCK] North Wonthaggi Household Settling Support,housing_setup,NORTH WONTHAGGI,BASS COAST,20740,304,Gippsland,rural_council,w1073462128,Wonthaggi Scout Group,community,community_centre,-38.5962788,145.5999322,context_only_not_provider,mock_locality,household,none,reimbursement,750,one_off,110000,household,applicant,18,,true,90,,FICTIONAL TEST RULES: reside in NORTH WONTHAGGI (BASS COAST LGA). Annual gross household income at most AUD 110000. New resident; tenancy at least 6 months; household essentials receipts required. Apply within 90 days of moving. Applicant aged at least 18.,Proof of identity and locality residence; income evidence; New resident; tenancy at least 6 months; household essentials receipts required.,2026-11-06,2027-04-02,mock_upcoming,SERINEA Demo Support Office (fictional),,,synthetic_from_poi_context,2026-09-08,"Fictional subsidy for testing only. Real POI is a geographic anchor, not a participating provider. Not open government subsidy data."
MOCK-SUB-0309,true,[MOCK] Taggerty Household Settling Support,housing_setup,TAGGERTY,MURRINDINDI,25620,355,Goulburn,rural_council,w384764055,Taggerty Hall,community,community_centre,-37.3209837,145.7124375,context_only_not_provider,mock_locality,household,none,reimbursement,1800,one_off,75000,household,applicant,18,,true,90,,FICTIONAL TEST RULES: reside in TAGGERTY (MURRINDINDI LGA). Annual gross household income at most AUD 75000. New resident; tenancy at least 6 months; household essentials receipts required. Apply within 90 days of moving. Applicant aged at least 18.,Proof of identity and locality residence; income evidence; New resident; tenancy at least 6 months; household essentials receipts required.,2026-08-22,2026-11-02,mock_open,SERINEA Demo Support Office (fictional),,,synthetic_from_poi_context,2026-09-08,"Fictional subsidy for testing only. Real POI is a geographic anchor, not a participating provider. Not open government subsidy data."
MOCK-SUB-0310,true,[MOCK] Wendouree Local Travel Voucher,transport,WENDOUREE,BALLARAT,20570,302,Central Highlands,regional_city,n13752033648,Grevillea Rd/Forest St,public_transport,bus_stop,-37.5271995,143.8337,context_only_not_provider,mock_locality,individual,none,voucher,450,one_off,75000,individual,applicant,18,,false,,,"FICTIONAL TEST RULES: reside in WENDOUREE (BALLARAT LGA). Annual gross individual income at most AUD 75000. Local resident requiring travel support; proposed study, work or medical journey required. Applicant aged at least 18.","Proof of identity and locality residence; income evidence; Local resident requiring travel support; proposed study, work or medical journey required.",2026-09-27,2026-11-28,mock_upcoming,SERINEA Demo Support Office (fictional),,,synthetic_from_poi_context,2026-09-08,"Fictional subsidy for testing only. Real POI is a geographic anchor, not a participating provider. Not open government subsidy data."
MOCK-SUB-0311,true,[MOCK] Barkly Household Settling Support,housing_setup,BARKLY,PYRENEES,25990,359,Central Highlands,rural_council,w225907717,Barkly Public Hall,community,community_centre,-36.9420832,143.2100499,context_only_not_provider,mock_locality,household,none,reimbursement,1350,one_off,90000,household,applicant,18,,true,90,,FICTIONAL TEST RULES: reside in BARKLY (PYRENEES LGA). Annual gross household income at most AUD 90000. New resident; tenancy at least 6 months; household essentials receipts required. Apply within 90 days of moving. Applicant aged at least 18.,Proof of identity and locality residence; income evidence; New resident; tenancy at least 6 months; household essentials receipts required.,2026-06-11,2026-12-01,mock_open,SERINEA Demo Support Office (fictional),,,synthetic_from_poi_context,2026-09-08,"Fictional subsidy for testing only. Real POI is a geographic anchor, not a participating provider. Not open government subsidy data."
MOCK-SUB-0312,true,[MOCK] Armstrong Creek Household Settling Support,housing_setup,ARMSTRONG CREEK,GREATER GEELONG,22750,327,Barwon,regional_city,w1324052744,Armstrong Creek East Community Hub,community,community_centre,-38.231245,144.3693196,context_only_not_provider,mock_locality,household,none,reimbursement,1550,one_off,110000,household,applicant,18,,true,90,,FICTIONAL TEST RULES: reside in ARMSTRONG CREEK (GREATER GEELONG LGA). Annual gross household income at most AUD 110000. New resident; tenancy at least 6 months; household essentials receipts required. Apply within 90 days of moving. Applicant aged at least 18.,Proof of identity and locality residence; income evidence; New resident; tenancy at least 6 months; household essentials receipts required.,2026-05-14,2027-03-09,mock_open,SERINEA Demo Support Office (fictional),,,synthetic_from_poi_context,2026-09-08,"Fictional subsidy for testing only. Real POI is a geographic anchor, not a participating provider. Not open government subsidy data."
MOCK-SUB-0313,true,[MOCK] Beveridge Sport Participation Voucher,sport,BEVERIDGE,MITCHELL,24850,346,Goulburn,rural_council,w1544946886,,recreation,park,-37.4766582,144.9660762,context_only_not_provider,mock_locality,individual,none,voucher,350,one_off,,individual,applicant,5,25,false,,,FICTIONAL TEST RULES: reside in BEVERIDGE (MITCHELL LGA). No income limit in this mock scenario. Local resident aged 5 to 25; sports enrolment or equipment quote required.,Proof of identity and locality residence; Local resident aged 5 to 25; sports enrolment or equipment quote required.,2026-04-08,2026-07-25,mock_closed,SERINEA Demo Support Office (fictional),,,synthetic_from_poi_context,2026-09-08,"Fictional subsidy for testing only. Real POI is a geographic anchor, not a participating provider. Not open government subsidy data."
MOCK-SUB-0314,true,[MOCK] Leitchville Early Years Participation Voucher,childcare,LEITCHVILLE,GANNAWARRA,22250,321,Mallee,rural_council,w903864236,,education,kindergarten,-35.9065817,144.3011106,context_only_not_provider,mock_locality,household,none,voucher,1200,one_off,110000,household,dependent_child,0,5,false,,,FICTIONAL TEST RULES: reside in LEITCHVILLE (GANNAWARRA LGA). Annual gross household income at most AUD 110000. Parent or guardian of child aged 0 to 5; enrolment confirmation required.,Proof of identity and locality residence; income evidence; Parent or guardian of child aged 0 to 5; enrolment confirmation required.,2026-06-05,2027-02-26,mock_open,SERINEA Demo Support Office (fictional),,,synthetic_from_poi_context,2026-09-08,"Fictional subsidy for testing only. Real POI is a geographic anchor, not a participating provider. Not open government subsidy data."
MOCK-SUB-0315,true,[MOCK] Beveridge Household Settling Support,housing_setup,BEVERIDGE,MITCHELL,24850,346,Goulburn,rural_council,w741167345,Beveridge Community Centre,community,community_centre,-37.4745836,144.9796886,context_only_not_provider,mock_locality,household,none,reimbursement,1900,one_off,75000,household,applicant,18,,true,90,,FICTIONAL TEST RULES: reside in BEVERIDGE (MITCHELL LGA). Annual gross household income at most AUD 75000. New resident; tenancy at least 6 months; household essentials receipts required. Apply within 90 days of moving. Applicant aged at least 18.,Proof of identity and locality residence; income evidence; New resident; tenancy at least 6 months; household essentials receipts required.,2026-11-05,2027-04-18,mock_upcoming,SERINEA Demo Support Office (fictional),,,synthetic_from_poi_context,2026-09-08,"Fictional subsidy for testing only. Real POI is a geographic anchor, not a participating provider. Not open government subsidy data."
MOCK-SUB-0316,true,[MOCK] Terang Local Travel Voucher,transport,TERANG,CORANGAMITE,21830,315,Great South Coast,rural_council,n13599581614,Terang 1,public_transport,stop_position,-38.2360609,142.9101296,context_only_not_provider,mock_locality,individual,none,voucher,350,one_off,60000,individual,applicant,18,,false,,,"FICTIONAL TEST RULES: reside in TERANG (CORANGAMITE LGA). Annual gross individual income at most AUD 60000. Local resident requiring travel support; proposed study, work or medical journey required. Applicant aged at least 18.","Proof of identity and locality residence; income evidence; Local resident requiring travel support; proposed study, work or medical journey required.",2026-11-30,2027-02-13,mock_upcoming,SERINEA Demo Support Office (fictional),,,synthetic_from_poi_context,2026-09-08,"Fictional subsidy for testing only. Real POI is a geographic anchor, not a participating provider. Not open government subsidy data."
MOCK-SUB-0317,true,[MOCK] Eaglehawk Community Participation Voucher,community,EAGLEHAWK,GREATER BENDIGO,22620,325,Loddon Campaspe,regional_city,w1012938325,Eaglehawk Town Hall,community,town_hall,-36.7171867,144.2511477,context_only_not_provider,mock_locality,individual,none,voucher,250,one_off,45000,individual,applicant,18,,false,,,FICTIONAL TEST RULES: reside in EAGLEHAWK (GREATER BENDIGO LGA). Annual gross individual income at most AUD 45000. Local resident joining a community class or activity; registration confirmation required. Applicant aged at least 18.,Proof of identity and locality residence; income evidence; Local resident joining a community class or activity; registration confirmation required.,2026-07-18,2026-11-28,mock_open,SERINEA Demo Support Office (fictional),,,synthetic_from_poi_context,2026-09-08,"Fictional subsidy for testing only. Real POI is a geographic anchor, not a participating provider. Not open government subsidy data."
MOCK-SUB-0318,true,[MOCK] Colac Community Participation Voucher,community,COLAC,COLAC OTWAY,21750,314,Barwon,rural_council,w1349770161,Colac Community Library and Learning Centre,community,library,-38.3515986,143.5898896,context_only_not_provider,mock_locality,individual,none,voucher,400,one_off,,individual,applicant,18,,false,,,FICTIONAL TEST RULES: reside in COLAC (COLAC OTWAY LGA). No income limit in this mock scenario. Local resident joining a community class or activity; registration confirmation required. Applicant aged at least 18.,Proof of identity and locality residence; Local resident joining a community class or activity; registration confirmation required.,2026-05-25,2026-11-13,mock_open,SERINEA Demo Support Office (fictional),,,synthetic_from_poi_context,2026-09-08,"Fictional subsidy for testing only. Real POI is a geographic anchor, not a participating provider. Not open government subsidy data."
MOCK-SUB-0319,true,[MOCK] Hotham Heights Health Access Reimbursement,healthcare,HOTHAM HEIGHTS,MOUNT HOTHAM ALPINE RESORT (UNINC),29399,388,Ovens Murray,alpine_resort,w200718970,Mount Hotham Medical Centre,healthcare,clinic,-36.9834575,147.1422005,context_only_not_provider,mock_locality,individual,none,reimbursement,450,one_off,75000,individual,applicant,18,,false,,,"FICTIONAL TEST RULES: reside in HOTHAM HEIGHTS (MOUNT HOTHAM ALPINE RESORT (UNINC) LGA). Annual gross individual income at most AUD 75000. Eligible consultation, prescription or dental expense; receipt required. Applicant aged at least 18.","Proof of identity and locality residence; income evidence; Eligible consultation, prescription or dental expense; receipt required.",2026-10-02,2027-02-19,mock_upcoming,SERINEA Demo Support Office (fictional),,,synthetic_from_poi_context,2026-09-08,"Fictional subsidy for testing only. Real POI is a geographic anchor, not a participating provider. Not open government subsidy data."
MOCK-SUB-0320,true,[MOCK] Portland Early Years Participation Voucher,childcare,PORTLAND,GLENELG,22410,323,Great South Coast,rural_council,w1540907135,Kalbarri Kindergarten,education,kindergarten,-38.3411329,141.5943088,context_only_not_provider,mock_locality,household,none,voucher,500,one_off,75000,household,dependent_child,0,5,false,,,FICTIONAL TEST RULES: reside in PORTLAND (GLENELG LGA). Annual gross household income at most AUD 75000. Parent or guardian of child aged 0 to 5; enrolment confirmation required.,Proof of identity and locality residence; income evidence; Parent or guardian of child aged 0 to 5; enrolment confirmation required.,2026-06-17,2027-04-10,mock_open,SERINEA Demo Support Office (fictional),,,synthetic_from_poi_context,2026-09-08,"Fictional subsidy for testing only. Real POI is a geographic anchor, not a participating provider. Not open government subsidy data."
MOCK-SUB-0321,true,[MOCK] Yea Local Travel Voucher,transport,YEA,MURRINDINDI,25620,355,Goulburn,rural_council,n12730183615,Yea,public_transport,bus_stop,-37.211661,145.4247765,context_only_not_provider,mock_locality,individual,none,voucher,500,one_off,45000,individual,applicant,18,,false,,,"FICTIONAL TEST RULES: reside in YEA (MURRINDINDI LGA). Annual gross individual income at most AUD 45000. Local resident requiring travel support; proposed study, work or medical journey required. Applicant aged at least 18.","Proof of identity and locality residence; income evidence; Local resident requiring travel support; proposed study, work or medical journey required.",2026-05-21,2027-05-06,mock_open,SERINEA Demo Support Office (fictional),,,synthetic_from_poi_context,2026-09-08,"Fictional subsidy for testing only. Real POI is a geographic anchor, not a participating provider. Not open government subsidy data."
MOCK-SUB-0322,true,[MOCK] Murchison Sport Participation Voucher,sport,MURCHISON,GREATER SHEPPARTON,22830,328,Goulburn,regional_city,n11559550278,,recreation,playground,-36.6165975,145.2179492,context_only_not_provider,mock_locality,individual,none,voucher,450,one_off,60000,individual,applicant,5,25,false,,,FICTIONAL TEST RULES: reside in MURCHISON (GREATER SHEPPARTON LGA). Annual gross individual income at most AUD 60000. Local resident aged 5 to 25; sports enrolment or equipment quote required.,Proof of identity and locality residence; income evidence; Local resident aged 5 to 25; sports enrolment or equipment quote required.,2026-10-01,2027-03-05,mock_upcoming,SERINEA Demo Support Office (fictional),,,synthetic_from_poi_context,2026-09-08,"Fictional subsidy for testing only. Real POI is a geographic anchor, not a participating provider. Not open government subsidy data."
MOCK-SUB-0323,true,[MOCK] Kialla Health Access Reimbursement,healthcare,KIALLA,GREATER SHEPPARTON,22830,328,Goulburn,regional_city,n1791659668,Chemist Warehouse,healthcare,pharmacy,-36.4086546,145.3922418,context_only_not_provider,mock_locality,individual,none,reimbursement,650,one_off,75000,individual,applicant,18,,false,,,"FICTIONAL TEST RULES: reside in KIALLA (GREATER SHEPPARTON LGA). Annual gross individual income at most AUD 75000. Eligible consultation, prescription or dental expense; receipt required. Applicant aged at least 18.","Proof of identity and locality residence; income evidence; Eligible consultation, prescription or dental expense; receipt required.",2026-01-08,2026-06-20,mock_closed,SERINEA Demo Support Office (fictional),,,synthetic_from_poi_context,2026-09-08,"Fictional subsidy for testing only. Real POI is a geographic anchor, not a participating provider. Not open government subsidy data."
MOCK-SUB-0324,true,[MOCK] Wangaratta Health Access Reimbursement,healthcare,WANGARATTA,WANGARATTA,26700,368,Ovens Murray,regional_city,n612556240,,healthcare,pharmacy,-36.3528984,146.3050756,context_only_not_provider,mock_locality,individual,none,reimbursement,500,one_off,45000,individual,applicant,18,,false,,,"FICTIONAL TEST RULES: reside in WANGARATTA (WANGARATTA LGA). Annual gross individual income at most AUD 45000. Eligible consultation, prescription or dental expense; receipt required. Applicant aged at least 18.","Proof of identity and locality residence; income evidence; Eligible consultation, prescription or dental expense; receipt required.",2026-05-07,2027-04-15,mock_open,SERINEA Demo Support Office (fictional),,,synthetic_from_poi_context,2026-09-08,"Fictional subsidy for testing only. Real POI is a geographic anchor, not a participating provider. Not open government subsidy data."
MOCK-SUB-0325,true,[MOCK] Maddingley Household Settling Support,housing_setup,MADDINGLEY,MOORABOOL,25150,350,Central Highlands,rural_council,w1453951479,VMCH Providence Retirement Village,community,social_facility,-37.6874042,144.4280888,context_only_not_provider,mock_locality,household,none,reimbursement,1750,one_off,75000,household,applicant,18,,true,90,,FICTIONAL TEST RULES: reside in MADDINGLEY (MOORABOOL LGA). Annual gross household income at most AUD 75000. New resident; tenancy at least 6 months; household essentials receipts required. Apply within 90 days of moving. Applicant aged at least 18.,Proof of identity and locality residence; income evidence; New resident; tenancy at least 6 months; household essentials receipts required.,2026-07-21,2026-10-20,mock_open,SERINEA Demo Support Office (fictional),,,synthetic_from_poi_context,2026-09-08,"Fictional subsidy for testing only. Real POI is a geographic anchor, not a participating provider. Not open government subsidy data."
MOCK-SUB-0326,true,[MOCK] Newborough Community Participation Voucher,community,NEWBOROUGH,LATROBE,23810,337,Gippsland,regional_city,w105249386,Newborough Public Hall,community,town_hall,-38.1870175,146.2919349,context_only_not_provider,mock_locality,individual,none,voucher,200,one_off,45000,individual,applicant,18,,false,,,FICTIONAL TEST RULES: reside in NEWBOROUGH (LATROBE LGA). Annual gross individual income at most AUD 45000. Local resident joining a community class or activity; registration confirmation required. Applicant aged at least 18.,Proof of identity and locality residence; income evidence; Local resident joining a community class or activity; registration confirmation required.,2026-05-15,2026-09-04,mock_closed,SERINEA Demo Support Office (fictional),,,synthetic_from_poi_context,2026-09-08,"Fictional subsidy for testing only. Real POI is a geographic anchor, not a participating provider. Not open government subsidy data."
MOCK-SUB-0327,true,[MOCK] Castlemaine Moving Expense Support,relocation,CASTLEMAINE,MOUNT ALEXANDER,25430,353,Loddon Campaspe,rural_council,w292159775,Castlemaine Library,community,library,-37.0637414,144.2173824,context_only_not_provider,mock_locality,household,none,reimbursement,900,one_off,90000,household,applicant,18,,true,90,50,FICTIONAL TEST RULES: reside in CASTLEMAINE (MOUNT ALEXANDER LGA). Annual gross household income at most AUD 90000. Move at least 50 km and establish primary residence; moving receipts required. Apply within 90 days of moving. Applicant aged at least 18.,Proof of identity and locality residence; income evidence; Move at least 50 km and establish primary residence; moving receipts required.,2026-06-20,2027-05-04,mock_open,SERINEA Demo Support Office (fictional),,,synthetic_from_poi_context,2026-09-08,"Fictional subsidy for testing only. Real POI is a geographic anchor, not a participating provider. Not open government subsidy data."
MOCK-SUB-0328,true,[MOCK] Eaglehawk Local Travel Voucher,transport,EAGLEHAWK,GREATER BENDIGO,22620,325,Loddon Campaspe,regional_city,n9467712148,Abbey Cl/Howard St,public_transport,bus_stop,-36.7113393,144.2685286,context_only_not_provider,mock_locality,individual,none,voucher,400,one_off,75000,individual,applicant,18,,false,,,"FICTIONAL TEST RULES: reside in EAGLEHAWK (GREATER BENDIGO LGA). Annual gross individual income at most AUD 75000. Local resident requiring travel support; proposed study, work or medical journey required. Applicant aged at least 18.","Proof of identity and locality residence; income evidence; Local resident requiring travel support; proposed study, work or medical journey required.",2026-07-29,2027-02-21,mock_open,SERINEA Demo Support Office (fictional),,,synthetic_from_poi_context,2026-09-08,"Fictional subsidy for testing only. Real POI is a geographic anchor, not a participating provider. Not open government subsidy data."
MOCK-SUB-0329,true,[MOCK] Drysdale School Essentials Support,school_support,DRYSDALE,GREATER GEELONG,22750,327,Barwon,regional_city,w942494694,Drysdale Primary School,education,school,-38.1687706,144.5727622,context_only_not_provider,mock_locality,household,none,voucher,500,one_off,90000,household,dependent_child,5,18,false,,,FICTIONAL TEST RULES: reside in DRYSDALE (GREATER GEELONG LGA). Annual gross household income at most AUD 90000. Parent or guardian of student aged 5 to 18; enrolment and equipment quote required.,Proof of identity and locality residence; income evidence; Parent or guardian of student aged 5 to 18; enrolment and equipment quote required.,2026-05-03,2027-01-03,mock_open,SERINEA Demo Support Office (fictional),,,synthetic_from_poi_context,2026-09-08,"Fictional subsidy for testing only. Real POI is a geographic anchor, not a participating provider. Not open government subsidy data."
MOCK-SUB-0330,true,[MOCK] Nowa Nowa Early Years Participation Voucher,childcare,NOWA NOWA,EAST GIPPSLAND,22110,319,Gippsland,rural_council,w854889749,,education,kindergarten,-37.7293333,148.0906188,context_only_not_provider,mock_locality,household,none,voucher,1150,one_off,90000,household,dependent_child,0,5,false,,,FICTIONAL TEST RULES: reside in NOWA NOWA (EAST GIPPSLAND LGA). Annual gross household income at most AUD 90000. Parent or guardian of child aged 0 to 5; enrolment confirmation required.,Proof of identity and locality residence; income evidence; Parent or guardian of child aged 0 to 5; enrolment confirmation required.,2026-12-07,2027-03-25,mock_upcoming,SERINEA Demo Support Office (fictional),,,synthetic_from_poi_context,2026-09-08,"Fictional subsidy for testing only. Real POI is a geographic anchor, not a participating provider. Not open government subsidy data."
MOCK-SUB-0331,true,[MOCK] Inverleigh Early Years Participation Voucher,childcare,INVERLEIGH,GOLDEN PLAINS,22490,324,Central Highlands,rural_council,w1239240662,Inverleigh Early Learning Centre,education,kindergarten,-38.1026897,144.0591824,context_only_not_provider,mock_locality,household,none,voucher,850,one_off,90000,household,dependent_child,0,5,false,,,FICTIONAL TEST RULES: reside in INVERLEIGH (GOLDEN PLAINS LGA). Annual gross household income at most AUD 90000. Parent or guardian of child aged 0 to 5; enrolment confirmation required.,Proof of identity and locality residence; income evidence; Parent or guardian of child aged 0 to 5; enrolment confirmation required.,2026-06-17,2026-11-25,mock_open,SERINEA Demo Support Office (fictional),,,synthetic_from_poi_context,2026-09-08,"Fictional subsidy for testing only. Real POI is a geographic anchor, not a participating provider. Not open government subsidy data."
MOCK-SUB-0332,true,[MOCK] Newcomb Household Settling Support,housing_setup,NEWCOMB,GREATER GEELONG,22750,327,Barwon,regional_city,n10948388430,Newcomb Hall,community,town_hall,-38.1661205,144.3920203,context_only_not_provider,mock_locality,household,none,reimbursement,2050,one_off,110000,household,applicant,18,,true,90,,FICTIONAL TEST RULES: reside in NEWCOMB (GREATER GEELONG LGA). Annual gross household income at most AUD 110000. New resident; tenancy at least 6 months; household essentials receipts required. Apply within 90 days of moving. Applicant aged at least 18.,Proof of identity and locality residence; income evidence; New resident; tenancy at least 6 months; household essentials receipts required.,2026-06-16,2027-02-28,mock_open,SERINEA Demo Support Office (fictional),,,synthetic_from_poi_context,2026-09-08,"Fictional subsidy for testing only. Real POI is a geographic anchor, not a participating provider. Not open government subsidy data."
MOCK-SUB-0333,true,[MOCK] Mount Duneed Health Access Reimbursement,healthcare,MOUNT DUNEED,GREATER GEELONG,22750,327,Barwon,regional_city,w1428259660,Orbit Medical Mount Duneed,healthcare,doctor,-38.2258416,144.3251575,context_only_not_provider,mock_locality,individual,none,reimbursement,450,one_off,60000,individual,applicant,18,,false,,,"FICTIONAL TEST RULES: reside in MOUNT DUNEED (GREATER GEELONG LGA). Annual gross individual income at most AUD 60000. Eligible consultation, prescription or dental expense; receipt required. Applicant aged at least 18.","Proof of identity and locality residence; income evidence; Eligible consultation, prescription or dental expense; receipt required.",2026-09-28,2026-12-31,mock_upcoming,SERINEA Demo Support Office (fictional),,,synthetic_from_poi_context,2026-09-08,"Fictional subsidy for testing only. Real POI is a geographic anchor, not a participating provider. Not open government subsidy data."
MOCK-SUB-0334,true,[MOCK] Bairnsdale Home Efficiency Rebate,energy,BAIRNSDALE,EAST GIPPSLAND,22110,319,Gippsland,rural_council,n2059369241,Maddocks Gardens,community,social_facility,-37.8328676,147.6059635,context_only_not_provider,mock_locality,household,none,rebate,1550,one_off,110000,household,applicant,18,,false,,,FICTIONAL TEST RULES: reside in BAIRNSDALE (EAST GIPPSLAND LGA). Annual gross household income at most AUD 110000. Primary residence in locality; owner consent if renting and efficiency upgrade quote required. Applicant aged at least 18.,Proof of identity and locality residence; income evidence; Primary residence in locality; owner consent if renting and efficiency upgrade quote required.,2026-08-08,2027-01-23,mock_open,SERINEA Demo Support Office (fictional),,,synthetic_from_poi_context,2026-09-08,"Fictional subsidy for testing only. Real POI is a geographic anchor, not a participating provider. Not open government subsidy data."
MOCK-SUB-0335,true,[MOCK] Euroa Early Years Participation Voucher,childcare,EUROA,STRATHBOGIE,26430,364,Goulburn,rural_council,w1107879193,Goodstart Early Learning,education,kindergarten,-36.7554874,145.5634305,context_only_not_provider,mock_locality,household,none,voucher,750,one_off,110000,household,dependent_child,0,5,false,,,FICTIONAL TEST RULES: reside in EUROA (STRATHBOGIE LGA). Annual gross household income at most AUD 110000. Parent or guardian of child aged 0 to 5; enrolment confirmation required.,Proof of identity and locality residence; income evidence; Parent or guardian of child aged 0 to 5; enrolment confirmation required.,2026-05-08,2026-07-19,mock_closed,SERINEA Demo Support Office (fictional),,,synthetic_from_poi_context,2026-09-08,"Fictional subsidy for testing only. Real POI is a geographic anchor, not a participating provider. Not open government subsidy data."
MOCK-SUB-0336,true,[MOCK] Horsham Local Travel Voucher,transport,HORSHAM,HORSHAM,23190,332,Wimmera Southern Mallee,regional_city,n13738831002,Sanderson St/Williams Rd,public_transport,bus_stop,-36.7260237,142.2076918,context_only_not_provider,mock_locality,individual,none,voucher,450,one_off,45000,individual,applicant,18,,false,,,"FICTIONAL TEST RULES: reside in HORSHAM (HORSHAM LGA). Annual gross individual income at most AUD 45000. Local resident requiring travel support; proposed study, work or medical journey required. Applicant aged at least 18.","Proof of identity and locality residence; income evidence; Local resident requiring travel support; proposed study, work or medical journey required.",2026-06-24,2027-04-08,mock_open,SERINEA Demo Support Office (fictional),,,synthetic_from_poi_context,2026-09-08,"Fictional subsidy for testing only. Real POI is a geographic anchor, not a participating provider. Not open government subsidy data."
MOCK-SUB-0337,true,[MOCK] Dargo Digital Learning Support,digital,DARGO,WELLINGTON,26810,370,Gippsland,rural_council,w173101951,Dargo Public Hall,community,community_centre,-37.4554933,147.2508109,context_only_not_provider,mock_locality,individual,none,grant,450,one_off,,individual,applicant,16,,false,,,FICTIONAL TEST RULES: reside in DARGO (WELLINGTON LGA). No income limit in this mock scenario. Local resident aged at least 16 enrolled in study or digital skills activity; course and device quote required.,Proof of identity and locality residence; Local resident aged at least 16 enrolled in study or digital skills activity; course and device quote required.,2026-04-16,2026-11-30,mock_open,SERINEA Demo Support Office (fictional),,,synthetic_from_poi_context,2026-09-08,"Fictional subsidy for testing only. Real POI is a geographic anchor, not a participating provider. Not open government subsidy data."
MOCK-SUB-0338,true,[MOCK] Noojee Household Settling Support,housing_setup,NOOJEE,BAW BAW,20830,305,Gippsland,rural_council,w209916452,Community Hall,community,town_hall,-37.8926441,145.9980494,context_only_not_provider,mock_locality,household,none,reimbursement,1350,one_off,110000,household,applicant,18,,true,90,,FICTIONAL TEST RULES: reside in NOOJEE (BAW BAW LGA). Annual gross household income at most AUD 110000. New resident; tenancy at least 6 months; household essentials receipts required. Apply within 90 days of moving. Applicant aged at least 18.,Proof of identity and locality residence; income evidence; New resident; tenancy at least 6 months; household essentials receipts required.,2026-08-28,2026-11-09,mock_open,SERINEA Demo Support Office (fictional),,,synthetic_from_poi_context,2026-09-08,"Fictional subsidy for testing only. Real POI is a geographic anchor, not a participating provider. Not open government subsidy data."
MOCK-SUB-0339,true,[MOCK] Nullawarre School Essentials Support,school_support,NULLAWARRE,MOYNE,25490,354,Great South Coast,rural_council,w722850698,Nullawarre and District Primary School,education,school,-38.4665187,142.7345423,context_only_not_provider,mock_locality,household,none,voucher,600,one_off,90000,household,dependent_child,5,18,false,,,FICTIONAL TEST RULES: reside in NULLAWARRE (MOYNE LGA). Annual gross household income at most AUD 90000. Parent or guardian of student aged 5 to 18; enrolment and equipment quote required.,Proof of identity and locality residence; income evidence; Parent or guardian of student aged 5 to 18; enrolment and equipment quote required.,2026-06-08,2026-11-29,mock_open,SERINEA Demo Support Office (fictional),,,synthetic_from_poi_context,2026-09-08,"Fictional subsidy for testing only. Real POI is a geographic anchor, not a participating provider. Not open government subsidy data."
MOCK-SUB-0340,true,[MOCK] Hallora Independent Living Support,accessibility,HALLORA,BAW BAW,20830,305,Gippsland,rural_council,w593957802,Hallora Public Hall,community,community_centre,-38.2560493,145.8390651,context_only_not_provider,mock_locality,individual,none,grant,1000,one_off,75000,individual,applicant,18,,false,,,FICTIONAL TEST RULES: reside in HALLORA (BAW BAW LGA). Annual gross individual income at most AUD 75000. Disability or mobility support need; support assessment and equipment quote required. Applicant aged at least 18.,Proof of identity and locality residence; income evidence; Disability or mobility support need; support assessment and equipment quote required.,2026-01-22,2026-06-23,mock_closed,SERINEA Demo Support Office (fictional),,,synthetic_from_poi_context,2026-09-08,"Fictional subsidy for testing only. Real POI is a geographic anchor, not a participating provider. Not open government subsidy data."
MOCK-SUB-0341,true,[MOCK] Horsham Home Efficiency Rebate,energy,HORSHAM,HORSHAM,23190,332,Wimmera Southern Mallee,regional_city,w822364851,Hamilton Lamb Memorial Hall,community,community_centre,-36.7040236,142.2005404,context_only_not_provider,mock_locality,household,none,rebate,1200,one_off,75000,household,applicant,18,,false,,,FICTIONAL TEST RULES: reside in HORSHAM (HORSHAM LGA). Annual gross household income at most AUD 75000. Primary residence in locality; owner consent if renting and efficiency upgrade quote required. Applicant aged at least 18.,Proof of identity and locality residence; income evidence; Primary residence in locality; owner consent if renting and efficiency upgrade quote required.,2026-07-30,2026-10-19,mock_open,SERINEA Demo Support Office (fictional),,,synthetic_from_poi_context,2026-09-08,"Fictional subsidy for testing only. Real POI is a geographic anchor, not a participating provider. Not open government subsidy data."
MOCK-SUB-0342,true,[MOCK] Wallan Community Participation Voucher,community,WALLAN,MITCHELL,24850,346,Goulburn,rural_council,n563705068,Wallan Library,community,library,-37.4123554,144.978092,context_only_not_provider,mock_locality,individual,none,voucher,400,one_off,,individual,applicant,18,,false,,,FICTIONAL TEST RULES: reside in WALLAN (MITCHELL LGA). No income limit in this mock scenario. Local resident joining a community class or activity; registration confirmation required. Applicant aged at least 18.,Proof of identity and locality residence; Local resident joining a community class or activity; registration confirmation required.,2026-08-09,2026-12-25,mock_open,SERINEA Demo Support Office (fictional),,,synthetic_from_poi_context,2026-09-08,"Fictional subsidy for testing only. Real POI is a geographic anchor, not a participating provider. Not open government subsidy data."
MOCK-SUB-0343,true,[MOCK] Kangaroo Flat School Essentials Support,school_support,KANGAROO FLAT,GREATER BENDIGO,22620,325,Loddon Campaspe,regional_city,w1085743329,OneSchool Global Bendigo Campus,education,school,-36.7816332,144.2282227,context_only_not_provider,mock_locality,household,none,voucher,550,one_off,110000,household,dependent_child,5,18,false,,,FICTIONAL TEST RULES: reside in KANGAROO FLAT (GREATER BENDIGO LGA). Annual gross household income at most AUD 110000. Parent or guardian of student aged 5 to 18; enrolment and equipment quote required.,Proof of identity and locality residence; income evidence; Parent or guardian of student aged 5 to 18; enrolment and equipment quote required.,2026-08-02,2027-01-08,mock_open,SERINEA Demo Support Office (fictional),,,synthetic_from_poi_context,2026-09-08,"Fictional subsidy for testing only. Real POI is a geographic anchor, not a participating provider. Not open government subsidy data."
MOCK-SUB-0344,true,[MOCK] Mildura Household Settling Support,housing_setup,MILDURA,MILDURA,24780,345,Mallee,regional_city,n8998546302,Sunset Hall,community,community_centre,-34.2010796,142.1285999,context_only_not_provider,mock_locality,household,none,reimbursement,1150,one_off,90000,household,applicant,18,,true,90,,FICTIONAL TEST RULES: reside in MILDURA (MILDURA LGA). Annual gross household income at most AUD 90000. New resident; tenancy at least 6 months; household essentials receipts required. Apply within 90 days of moving. Applicant aged at least 18.,Proof of identity and locality residence; income evidence; New resident; tenancy at least 6 months; household essentials receipts required.,2026-11-30,2027-05-20,mock_upcoming,SERINEA Demo Support Office (fictional),,,synthetic_from_poi_context,2026-09-08,"Fictional subsidy for testing only. Real POI is a geographic anchor, not a participating provider. Not open government subsidy data."
MOCK-SUB-0345,true,[MOCK] Drouin Early Years Participation Voucher,childcare,DROUIN,BAW BAW,20830,305,Gippsland,rural_council,w765134246,Drouin Oak Street Kindergarten,education,kindergarten,-38.1372624,145.8553616,context_only_not_provider,mock_locality,household,none,voucher,550,one_off,90000,household,dependent_child,0,5,false,,,FICTIONAL TEST RULES: reside in DROUIN (BAW BAW LGA). Annual gross household income at most AUD 90000. Parent or guardian of child aged 0 to 5; enrolment confirmation required.,Proof of identity and locality residence; income evidence; Parent or guardian of child aged 0 to 5; enrolment confirmation required.,2026-06-01,2026-12-16,mock_open,SERINEA Demo Support Office (fictional),,,synthetic_from_poi_context,2026-09-08,"Fictional subsidy for testing only. Real POI is a geographic anchor, not a participating provider. Not open government subsidy data."
MOCK-SUB-0346,true,[MOCK] Irymple School Essentials Support,school_support,IRYMPLE,MILDURA,24780,345,Mallee,regional_city,w230284550,Irymple Primary School,education,school,-34.2274373,142.1578602,context_only_not_provider,mock_locality,household,none,voucher,650,one_off,90000,household,dependent_child,5,18,false,,,FICTIONAL TEST RULES: reside in IRYMPLE (MILDURA LGA). Annual gross household income at most AUD 90000. Parent or guardian of student aged 5 to 18; enrolment and equipment quote required.,Proof of identity and locality residence; income evidence; Parent or guardian of student aged 5 to 18; enrolment and equipment quote required.,2026-05-17,2026-10-29,mock_open,SERINEA Demo Support Office (fictional),,,synthetic_from_poi_context,2026-09-08,"Fictional subsidy for testing only. Real POI is a geographic anchor, not a participating provider. Not open government subsidy data."
MOCK-SUB-0347,true,[MOCK] Drouin Community Participation Voucher,community,DROUIN,BAW BAW,20830,305,Gippsland,rural_council,n1132510730,Baw Baw Shire Service Center,community,town_hall,-38.1353131,145.8596975,context_only_not_provider,mock_locality,individual,none,voucher,200,one_off,,individual,applicant,18,,false,,,FICTIONAL TEST RULES: reside in DROUIN (BAW BAW LGA). No income limit in this mock scenario. Local resident joining a community class or activity; registration confirmation required. Applicant aged at least 18.,Proof of identity and locality residence; Local resident joining a community class or activity; registration confirmation required.,2026-04-29,2026-12-18,mock_open,SERINEA Demo Support Office (fictional),,,synthetic_from_poi_context,2026-09-08,"Fictional subsidy for testing only. Real POI is a geographic anchor, not a participating provider. Not open government subsidy data."
MOCK-SUB-0348,true,[MOCK] Romsey School Essentials Support,school_support,ROMSEY,MACEDON RANGES,24130,339,Loddon Campaspe,rural_council,w142087342,Romsey Primary School,education,school,-37.3543965,144.7457073,context_only_not_provider,mock_locality,household,none,voucher,350,one_off,75000,household,dependent_child,5,18,false,,,FICTIONAL TEST RULES: reside in ROMSEY (MACEDON RANGES LGA). Annual gross household income at most AUD 75000. Parent or guardian of student aged 5 to 18; enrolment and equipment quote required.,Proof of identity and locality residence; income evidence; Parent or guardian of student aged 5 to 18; enrolment and equipment quote required.,2026-05-08,2027-04-07,mock_open,SERINEA Demo Support Office (fictional),,,synthetic_from_poi_context,2026-09-08,"Fictional subsidy for testing only. Real POI is a geographic anchor, not a participating provider. Not open government subsidy data."
MOCK-SUB-0349,true,[MOCK] Inverloch Independent Living Support,accessibility,INVERLOCH,BASS COAST,20740,304,Gippsland,rural_council,w315553157,Inverloch Coast Care Community,community,social_facility,-38.6287249,145.7157566,context_only_not_provider,mock_locality,individual,none,grant,3600,one_off,45000,individual,applicant,18,,false,,,FICTIONAL TEST RULES: reside in INVERLOCH (BASS COAST LGA). Annual gross individual income at most AUD 45000. Disability or mobility support need; support assessment and equipment quote required. Applicant aged at least 18.,Proof of identity and locality residence; income evidence; Disability or mobility support need; support assessment and equipment quote required.,2026-07-27,2027-05-03,mock_open,SERINEA Demo Support Office (fictional),,,synthetic_from_poi_context,2026-09-08,"Fictional subsidy for testing only. Real POI is a geographic anchor, not a participating provider. Not open government subsidy data."
MOCK-SUB-0350,true,[MOCK] Moe Health Access Reimbursement,healthcare,MOE,LATROBE,23810,337,Gippsland,regional_city,n5265680464,Myotherapist,healthcare,clinic,-38.1755414,146.2601218,context_only_not_provider,mock_locality,individual,none,reimbursement,600,one_off,60000,individual,applicant,18,,false,,,"FICTIONAL TEST RULES: reside in MOE (LATROBE LGA). Annual gross individual income at most AUD 60000. Eligible consultation, prescription or dental expense; receipt required. Applicant aged at least 18.","Proof of identity and locality residence; income evidence; Eligible consultation, prescription or dental expense; receipt required.",2026-01-19,2026-06-18,mock_closed,SERINEA Demo Support Office (fictional),,,synthetic_from_poi_context,2026-09-08,"Fictional subsidy for testing only. Real POI is a geographic anchor, not a participating provider. Not open government subsidy data."
MOCK-SUB-0351,true,[MOCK] Robinvale Household Settling Support,housing_setup,ROBINVALE,SWAN HILL,26610,366,Mallee,rural_council,w1485307217,Robinvale Community Arts Centre,community,community_centre,-34.579248,142.7720986,context_only_not_provider,mock_locality,household,none,reimbursement,2400,one_off,75000,household,applicant,18,,true,90,,FICTIONAL TEST RULES: reside in ROBINVALE (SWAN HILL LGA). Annual gross household income at most AUD 75000. New resident; tenancy at least 6 months; household essentials receipts required. Apply within 90 days of moving. Applicant aged at least 18.,Proof of identity and locality residence; income evidence; New resident; tenancy at least 6 months; household essentials receipts required.,2026-04-11,2027-01-05,mock_open,SERINEA Demo Support Office (fictional),,,synthetic_from_poi_context,2026-09-08,"Fictional subsidy for testing only. Real POI is a geographic anchor, not a participating provider. Not open government subsidy data."
MOCK-SUB-0352,true,[MOCK] Wood Wood Local Travel Voucher,transport,WOOD WOOD,SWAN HILL,26610,366,Mallee,rural_council,n4338516125,Algie Road,public_transport,stop_position,-35.1042576,143.3457364,context_only_not_provider,mock_locality,individual,none,voucher,300,one_off,75000,individual,applicant,18,,false,,,"FICTIONAL TEST RULES: reside in WOOD WOOD (SWAN HILL LGA). Annual gross individual income at most AUD 75000. Local resident requiring travel support; proposed study, work or medical journey required. Applicant aged at least 18.","Proof of identity and locality residence; income evidence; Local resident requiring travel support; proposed study, work or medical journey required.",2026-08-19,2027-03-28,mock_open,SERINEA Demo Support Office (fictional),,,synthetic_from_poi_context,2026-09-08,"Fictional subsidy for testing only. Real POI is a geographic anchor, not a participating provider. Not open government subsidy data."
MOCK-SUB-0353,true,[MOCK] Nagambie Household Settling Support,housing_setup,NAGAMBIE,STRATHBOGIE,26430,364,Goulburn,rural_council,w1125097099,JF Ewart Memorial Complex,community,community_centre,-36.7819109,145.1556322,context_only_not_provider,mock_locality,household,none,reimbursement,1350,one_off,75000,household,applicant,18,,true,90,,FICTIONAL TEST RULES: reside in NAGAMBIE (STRATHBOGIE LGA). Annual gross household income at most AUD 75000. New resident; tenancy at least 6 months; household essentials receipts required. Apply within 90 days of moving. Applicant aged at least 18.,Proof of identity and locality residence; income evidence; New resident; tenancy at least 6 months; household essentials receipts required.,2026-05-14,2026-11-28,mock_open,SERINEA Demo Support Office (fictional),,,synthetic_from_poi_context,2026-09-08,"Fictional subsidy for testing only. Real POI is a geographic anchor, not a participating provider. Not open government subsidy data."
MOCK-SUB-0354,true,[MOCK] Dartmoor Health Access Reimbursement,healthcare,DARTMOOR,GLENELG,22410,323,Great South Coast,rural_council,w293187632,Dartmoor & District Bush Nursing Centre,healthcare,hospital,-37.9242465,141.2754502,context_only_not_provider,mock_locality,individual,none,reimbursement,1050,one_off,75000,individual,applicant,18,,false,,,"FICTIONAL TEST RULES: reside in DARTMOOR (GLENELG LGA). Annual gross individual income at most AUD 75000. Eligible consultation, prescription or dental expense; receipt required. Applicant aged at least 18.","Proof of identity and locality residence; income evidence; Eligible consultation, prescription or dental expense; receipt required.",2026-12-02,2027-03-05,mock_upcoming,SERINEA Demo Support Office (fictional),,,synthetic_from_poi_context,2026-09-08,"Fictional subsidy for testing only. Real POI is a geographic anchor, not a participating provider. Not open government subsidy data."
MOCK-SUB-0355,true,[MOCK] Netherby Moving Expense Support,relocation,NETHERBY,HINDMARSH,22980,330,Wimmera Southern Mallee,rural_council,n5150831997,Netherby Hall,community,community_centre,-36.1086821,141.65151,context_only_not_provider,mock_locality,household,none,reimbursement,1850,one_off,75000,household,applicant,18,,true,90,50,FICTIONAL TEST RULES: reside in NETHERBY (HINDMARSH LGA). Annual gross household income at most AUD 75000. Move at least 50 km and establish primary residence; moving receipts required. Apply within 90 days of moving. Applicant aged at least 18.,Proof of identity and locality residence; income evidence; Move at least 50 km and establish primary residence; moving receipts required.,2026-04-13,2026-11-10,mock_open,SERINEA Demo Support Office (fictional),,,synthetic_from_poi_context,2026-09-08,"Fictional subsidy for testing only. Real POI is a geographic anchor, not a participating provider. Not open government subsidy data."
MOCK-SUB-0356,true,[MOCK] Geelong School Essentials Support,school_support,GEELONG,GREATER GEELONG,22750,327,Barwon,regional_city,w142332061,Matthew Flinders Girls' Secondary College,education,school,-38.149186,144.3532979,context_only_not_provider,mock_locality,household,none,voucher,400,one_off,90000,household,dependent_child,5,18,false,,,FICTIONAL TEST RULES: reside in GEELONG (GREATER GEELONG LGA). Annual gross household income at most AUD 90000. Parent or guardian of student aged 5 to 18; enrolment and equipment quote required.,Proof of identity and locality residence; income evidence; Parent or guardian of student aged 5 to 18; enrolment and equipment quote required.,2026-05-13,2026-10-12,mock_open,SERINEA Demo Support Office (fictional),,,synthetic_from_poi_context,2026-09-08,"Fictional subsidy for testing only. Real POI is a geographic anchor, not a participating provider. Not open government subsidy data."
MOCK-SUB-0357,true,[MOCK] North Bendigo School Essentials Support,school_support,NORTH BENDIGO,GREATER BENDIGO,22620,325,Loddon Campaspe,regional_city,w1024694070,Kalianna School,education,school,-36.7377646,144.2787295,context_only_not_provider,mock_locality,household,none,voucher,800,one_off,75000,household,dependent_child,5,18,false,,,FICTIONAL TEST RULES: reside in NORTH BENDIGO (GREATER BENDIGO LGA). Annual gross household income at most AUD 75000. Parent or guardian of student aged 5 to 18; enrolment and equipment quote required.,Proof of identity and locality residence; income evidence; Parent or guardian of student aged 5 to 18; enrolment and equipment quote required.,2026-08-18,2026-10-10,mock_open,SERINEA Demo Support Office (fictional),,,synthetic_from_poi_context,2026-09-08,"Fictional subsidy for testing only. Real POI is a geographic anchor, not a participating provider. Not open government subsidy data."
MOCK-SUB-0358,true,[MOCK] Morwell Local Travel Voucher,transport,MORWELL,LATROBE,23810,337,Gippsland,regional_city,n13731241897,Driffield Road,public_transport,bus_stop,-38.2336395,146.3837982,context_only_not_provider,mock_locality,individual,none,voucher,200,one_off,60000,individual,applicant,18,,false,,,"FICTIONAL TEST RULES: reside in MORWELL (LATROBE LGA). Annual gross individual income at most AUD 60000. Local resident requiring travel support; proposed study, work or medical journey required. Applicant aged at least 18.","Proof of identity and locality residence; income evidence; Local resident requiring travel support; proposed study, work or medical journey required.",2026-06-23,2026-11-10,mock_open,SERINEA Demo Support Office (fictional),,,synthetic_from_poi_context,2026-09-08,"Fictional subsidy for testing only. Real POI is a geographic anchor, not a participating provider. Not open government subsidy data."
MOCK-SUB-0359,true,[MOCK] Serviceton Sport Participation Voucher,sport,SERVICETON,WEST WIMMERA,26890,371,Wimmera Southern Mallee,rural_council,w251251589,Serviceton Recreational Reserve,recreation,park,-36.3868055,140.9816559,context_only_not_provider,mock_locality,individual,none,voucher,350,one_off,60000,individual,applicant,5,25,false,,,FICTIONAL TEST RULES: reside in SERVICETON (WEST WIMMERA LGA). Annual gross individual income at most AUD 60000. Local resident aged 5 to 25; sports enrolment or equipment quote required.,Proof of identity and locality residence; income evidence; Local resident aged 5 to 25; sports enrolment or equipment quote required.,2026-05-24,2026-11-19,mock_open,SERINEA Demo Support Office (fictional),,,synthetic_from_poi_context,2026-09-08,"Fictional subsidy for testing only. Real POI is a geographic anchor, not a participating provider. Not open government subsidy data."
MOCK-SUB-0360,true,[MOCK] Belmont Health Access Reimbursement,healthcare,BELMONT,GREATER GEELONG,22750,327,Barwon,regional_city,n938161819,South Barwon Medical Centre,healthcare,doctor,-38.1820647,144.3446827,context_only_not_provider,mock_locality,individual,none,reimbursement,650,one_off,45000,individual,applicant,18,,false,,,"FICTIONAL TEST RULES: reside in BELMONT (GREATER GEELONG LGA). Annual gross individual income at most AUD 45000. Eligible consultation, prescription or dental expense; receipt required. Applicant aged at least 18.","Proof of identity and locality residence; income evidence; Eligible consultation, prescription or dental expense; receipt required.",2026-07-26,2027-05-05,mock_open,SERINEA Demo Support Office (fictional),,,synthetic_from_poi_context,2026-09-08,"Fictional subsidy for testing only. Real POI is a geographic anchor, not a participating provider. Not open government subsidy data."
MOCK-SUB-0361,true,[MOCK] Neerim South Digital Learning Support,digital,NEERIM SOUTH,BAW BAW,20830,305,Gippsland,rural_council,w359490511,Algie Hall,community,community_centre,-38.0149186,145.9545842,context_only_not_provider,mock_locality,individual,none,grant,700,one_off,60000,individual,applicant,16,,false,,,FICTIONAL TEST RULES: reside in NEERIM SOUTH (BAW BAW LGA). Annual gross individual income at most AUD 60000. Local resident aged at least 16 enrolled in study or digital skills activity; course and device quote required.,Proof of identity and locality residence; income evidence; Local resident aged at least 16 enrolled in study or digital skills activity; course and device quote required.,2026-04-25,2027-02-10,mock_open,SERINEA Demo Support Office (fictional),,,synthetic_from_poi_context,2026-09-08,"Fictional subsidy for testing only. Real POI is a geographic anchor, not a participating provider. Not open government subsidy data."
MOCK-SUB-0362,true,[MOCK] Sea Lake Local Travel Voucher,transport,SEA LAKE,BULOKE,21270,309,Mallee,rural_council,n10303944213,Newsagency/Best St,public_transport,stop_position,-35.5041608,142.8497501,context_only_not_provider,mock_locality,individual,none,voucher,250,one_off,75000,individual,applicant,18,,false,,,"FICTIONAL TEST RULES: reside in SEA LAKE (BULOKE LGA). Annual gross individual income at most AUD 75000. Local resident requiring travel support; proposed study, work or medical journey required. Applicant aged at least 18.","Proof of identity and locality residence; income evidence; Local resident requiring travel support; proposed study, work or medical journey required.",2026-08-20,2026-12-12,mock_open,SERINEA Demo Support Office (fictional),,,synthetic_from_poi_context,2026-09-08,"Fictional subsidy for testing only. Real POI is a geographic anchor, not a participating provider. Not open government subsidy data."
MOCK-SUB-0363,true,[MOCK] Sandy Point Sport Participation Voucher,sport,SANDY POINT,SOUTH GIPPSLAND,26170,361,Gippsland,rural_council,w541622620,,recreation,park,-38.8271553,146.119273,context_only_not_provider,mock_locality,individual,none,voucher,300,one_off,60000,individual,applicant,5,25,false,,,FICTIONAL TEST RULES: reside in SANDY POINT (SOUTH GIPPSLAND LGA). Annual gross individual income at most AUD 60000. Local resident aged 5 to 25; sports enrolment or equipment quote required.,Proof of identity and locality residence; income evidence; Local resident aged 5 to 25; sports enrolment or equipment quote required.,2026-04-18,2026-08-22,mock_closed,SERINEA Demo Support Office (fictional),,,synthetic_from_poi_context,2026-09-08,"Fictional subsidy for testing only. Real POI is a geographic anchor, not a participating provider. Not open government subsidy data."
MOCK-SUB-0364,true,[MOCK] Stawell Health Access Reimbursement,healthcare,STAWELL,NORTHERN GRAMPIANS,25810,357,Wimmera Southern Mallee,rural_council,w116778899,Stawell District Hospital,healthcare,hospital,-37.0591586,142.7814832,context_only_not_provider,mock_locality,individual,none,reimbursement,400,one_off,45000,individual,applicant,18,,false,,,"FICTIONAL TEST RULES: reside in STAWELL (NORTHERN GRAMPIANS LGA). Annual gross individual income at most AUD 45000. Eligible consultation, prescription or dental expense; receipt required. Applicant aged at least 18.","Proof of identity and locality residence; income evidence; Eligible consultation, prescription or dental expense; receipt required.",2026-06-01,2026-09-07,mock_closed,SERINEA Demo Support Office (fictional),,,synthetic_from_poi_context,2026-09-08,"Fictional subsidy for testing only. Real POI is a geographic anchor, not a participating provider. Not open government subsidy data."
MOCK-SUB-0365,true,[MOCK] Puckapunyal Local Travel Voucher,transport,PUCKAPUNYAL,MITCHELL,24850,346,Goulburn,rural_council,n13859309559,Medical Centre/Pozieres Pde,public_transport,bus_stop,-37.0048158,145.0463383,context_only_not_provider,mock_locality,individual,none,voucher,300,one_off,45000,individual,applicant,18,,false,,,"FICTIONAL TEST RULES: reside in PUCKAPUNYAL (MITCHELL LGA). Annual gross individual income at most AUD 45000. Local resident requiring travel support; proposed study, work or medical journey required. Applicant aged at least 18.","Proof of identity and locality residence; income evidence; Local resident requiring travel support; proposed study, work or medical journey required.",2026-09-22,2026-12-14,mock_upcoming,SERINEA Demo Support Office (fictional),,,synthetic_from_poi_context,2026-09-08,"Fictional subsidy for testing only. Real POI is a geographic anchor, not a participating provider. Not open government subsidy data."
MOCK-SUB-0366,true,[MOCK] Woodend Home Efficiency Rebate,energy,WOODEND,MACEDON RANGES,24130,339,Loddon Campaspe,rural_council,n13994328502,Woodend Buffalo Sports Stadium,community,community_centre,-37.353316,144.5216229,context_only_not_provider,mock_locality,household,none,rebate,1600,one_off,110000,household,applicant,18,,false,,,FICTIONAL TEST RULES: reside in WOODEND (MACEDON RANGES LGA). Annual gross household income at most AUD 110000. Primary residence in locality; owner consent if renting and efficiency upgrade quote required. Applicant aged at least 18.,Proof of identity and locality residence; income evidence; Primary residence in locality; owner consent if renting and efficiency upgrade quote required.,2026-08-07,2027-04-03,mock_open,SERINEA Demo Support Office (fictional),,,synthetic_from_poi_context,2026-09-08,"Fictional subsidy for testing only. Real POI is a geographic anchor, not a participating provider. Not open government subsidy data."
MOCK-SUB-0367,true,[MOCK] Hamlyn Heights Local Travel Voucher,transport,HAMLYN HEIGHTS,GREATER GEELONG,22750,327,Barwon,regional_city,n8219626809,,public_transport,bus_stop,-38.1276759,144.3399051,context_only_not_provider,mock_locality,individual,none,voucher,600,one_off,75000,individual,applicant,18,,false,,,"FICTIONAL TEST RULES: reside in HAMLYN HEIGHTS (GREATER GEELONG LGA). Annual gross individual income at most AUD 75000. Local resident requiring travel support; proposed study, work or medical journey required. Applicant aged at least 18.","Proof of identity and locality residence; income evidence; Local resident requiring travel support; proposed study, work or medical journey required.",2026-11-26,2027-01-29,mock_upcoming,SERINEA Demo Support Office (fictional),,,synthetic_from_poi_context,2026-09-08,"Fictional subsidy for testing only. Real POI is a geographic anchor, not a participating provider. Not open government subsidy data."
MOCK-SUB-0368,true,[MOCK] Kooreh Independent Living Support,accessibility,KOOREH,NORTHERN GRAMPIANS,25810,357,Wimmera Southern Mallee,rural_council,w326863528,Kooreh Memorial Hall,community,community_centre,-36.6409518,143.3848875,context_only_not_provider,mock_locality,individual,none,grant,2300,one_off,60000,individual,applicant,18,,false,,,FICTIONAL TEST RULES: reside in KOOREH (NORTHERN GRAMPIANS LGA). Annual gross individual income at most AUD 60000. Disability or mobility support need; support assessment and equipment quote required. Applicant aged at least 18.,Proof of identity and locality residence; income evidence; Disability or mobility support need; support assessment and equipment quote required.,2026-04-24,2026-10-30,mock_open,SERINEA Demo Support Office (fictional),,,synthetic_from_poi_context,2026-09-08,"Fictional subsidy for testing only. Real POI is a geographic anchor, not a participating provider. Not open government subsidy data."
MOCK-SUB-0369,true,[MOCK] Stawell Local Travel Voucher,transport,STAWELL,NORTHERN GRAMPIANS,25810,357,Wimmera Southern Mallee,rural_council,n503729307,Stawell,public_transport,railway_station,-37.0593212,142.7734227,context_only_not_provider,mock_locality,individual,none,voucher,400,one_off,60000,individual,applicant,18,,false,,,"FICTIONAL TEST RULES: reside in STAWELL (NORTHERN GRAMPIANS LGA). Annual gross individual income at most AUD 60000. Local resident requiring travel support; proposed study, work or medical journey required. Applicant aged at least 18.","Proof of identity and locality residence; income evidence; Local resident requiring travel support; proposed study, work or medical journey required.",2026-04-08,2026-08-23,mock_closed,SERINEA Demo Support Office (fictional),,,synthetic_from_poi_context,2026-09-08,"Fictional subsidy for testing only. Real POI is a geographic anchor, not a participating provider. Not open government subsidy data."
MOCK-SUB-0370,true,[MOCK] Huntly Household Settling Support,housing_setup,HUNTLY,GREATER BENDIGO,22620,325,Loddon Campaspe,regional_city,w1553553440,Huntly Memorial Hall,community,community_centre,-36.6635485,144.334339,context_only_not_provider,mock_locality,household,none,reimbursement,1300,one_off,110000,household,applicant,18,,true,90,,FICTIONAL TEST RULES: reside in HUNTLY (GREATER BENDIGO LGA). Annual gross household income at most AUD 110000. New resident; tenancy at least 6 months; household essentials receipts required. Apply within 90 days of moving. Applicant aged at least 18.,Proof of identity and locality residence; income evidence; New resident; tenancy at least 6 months; household essentials receipts required.,2026-05-15,2027-01-24,mock_open,SERINEA Demo Support Office (fictional),,,synthetic_from_poi_context,2026-09-08,"Fictional subsidy for testing only. Real POI is a geographic anchor, not a participating provider. Not open government subsidy data."
MOCK-SUB-0371,true,[MOCK] Grovedale Local Travel Voucher,transport,GROVEDALE,GREATER GEELONG,22750,327,Barwon,regional_city,n12908652988,Waurn Ponds Shopping Centre/Colac Road,public_transport,stop_position,-38.1980712,144.3167208,context_only_not_provider,mock_locality,individual,none,voucher,550,one_off,75000,individual,applicant,18,,false,,,"FICTIONAL TEST RULES: reside in GROVEDALE (GREATER GEELONG LGA). Annual gross individual income at most AUD 75000. Local resident requiring travel support; proposed study, work or medical journey required. Applicant aged at least 18.","Proof of identity and locality residence; income evidence; Local resident requiring travel support; proposed study, work or medical journey required.",2026-08-21,2027-03-26,mock_open,SERINEA Demo Support Office (fictional),,,synthetic_from_poi_context,2026-09-08,"Fictional subsidy for testing only. Real POI is a geographic anchor, not a participating provider. Not open government subsidy data."
MOCK-SUB-0372,true,[MOCK] Ouyen Local Travel Voucher,transport,OUYEN,MILDURA,24780,345,Mallee,regional_city,n4338516145,Ouyen Community Park,public_transport,bus_stop,-35.0710144,142.3150579,context_only_not_provider,mock_locality,individual,none,voucher,400,one_off,75000,individual,applicant,18,,false,,,"FICTIONAL TEST RULES: reside in OUYEN (MILDURA LGA). Annual gross individual income at most AUD 75000. Local resident requiring travel support; proposed study, work or medical journey required. Applicant aged at least 18.","Proof of identity and locality residence; income evidence; Local resident requiring travel support; proposed study, work or medical journey required.",2026-07-17,2027-04-13,mock_open,SERINEA Demo Support Office (fictional),,,synthetic_from_poi_context,2026-09-08,"Fictional subsidy for testing only. Real POI is a geographic anchor, not a participating provider. Not open government subsidy data."
MOCK-SUB-0373,true,[MOCK] Traralgon Early Years Participation Voucher,childcare,TRARALGON,LATROBE,23810,337,Gippsland,regional_city,w1311941385,Bluebird Early Education,education,childcare,-38.1799284,146.5614231,context_only_not_provider,mock_locality,household,none,voucher,1300,one_off,90000,household,dependent_child,0,5,false,,,FICTIONAL TEST RULES: reside in TRARALGON (LATROBE LGA). Annual gross household income at most AUD 90000. Parent or guardian of child aged 0 to 5; enrolment confirmation required.,Proof of identity and locality residence; income evidence; Parent or guardian of child aged 0 to 5; enrolment confirmation required.,2026-07-11,2026-10-26,mock_open,SERINEA Demo Support Office (fictional),,,synthetic_from_poi_context,2026-09-08,"Fictional subsidy for testing only. Real POI is a geographic anchor, not a participating provider. Not open government subsidy data."
MOCK-SUB-0374,true,[MOCK] Bendigo Early Years Participation Voucher,childcare,BENDIGO,GREATER BENDIGO,22620,325,Loddon Campaspe,regional_city,w1441609823,Bendigo Preschool,education,kindergarten,-36.7638931,144.2715994,context_only_not_provider,mock_locality,household,none,voucher,1350,one_off,110000,household,dependent_child,0,5,false,,,FICTIONAL TEST RULES: reside in BENDIGO (GREATER BENDIGO LGA). Annual gross household income at most AUD 110000. Parent or guardian of child aged 0 to 5; enrolment confirmation required.,Proof of identity and locality residence; income evidence; Parent or guardian of child aged 0 to 5; enrolment confirmation required.,2026-04-22,2027-03-17,mock_open,SERINEA Demo Support Office (fictional),,,synthetic_from_poi_context,2026-09-08,"Fictional subsidy for testing only. Real POI is a geographic anchor, not a participating provider. Not open government subsidy data."
MOCK-SUB-0375,true,[MOCK] Highton Early Years Participation Voucher,childcare,HIGHTON,GREATER GEELONG,22750,327,Barwon,regional_city,w1197049116,,education,kindergarten,-38.15894,144.3051492,context_only_not_provider,mock_locality,household,none,voucher,1000,one_off,90000,household,dependent_child,0,5,false,,,FICTIONAL TEST RULES: reside in HIGHTON (GREATER GEELONG LGA). Annual gross household income at most AUD 90000. Parent or guardian of child aged 0 to 5; enrolment confirmation required.,Proof of identity and locality residence; income evidence; Parent or guardian of child aged 0 to 5; enrolment confirmation required.,2026-05-13,2027-01-30,mock_open,SERINEA Demo Support Office (fictional),,,synthetic_from_poi_context,2026-09-08,"Fictional subsidy for testing only. Real POI is a geographic anchor, not a participating provider. Not open government subsidy data."
MOCK-SUB-0376,true,[MOCK] Mitta Mitta Household Settling Support,housing_setup,MITTA MITTA,TOWONG,26670,367,Ovens Murray,rural_council,w643231690,Mitta Mitta Mechanics Hall,community,town_hall,-36.5371919,147.3764083,context_only_not_provider,mock_locality,household,none,reimbursement,1350,one_off,110000,household,applicant,18,,true,90,,FICTIONAL TEST RULES: reside in MITTA MITTA (TOWONG LGA). Annual gross household income at most AUD 110000. New resident; tenancy at least 6 months; household essentials receipts required. Apply within 90 days of moving. Applicant aged at least 18.,Proof of identity and locality residence; income evidence; New resident; tenancy at least 6 months; household essentials receipts required.,2026-04-26,2027-04-09,mock_open,SERINEA Demo Support Office (fictional),,,synthetic_from_poi_context,2026-09-08,"Fictional subsidy for testing only. Real POI is a geographic anchor, not a participating provider. Not open government subsidy data."
MOCK-SUB-0377,true,[MOCK] Balmoral Sport Participation Voucher,sport,BALMORAL,SOUTHERN GRAMPIANS,26260,362,Great South Coast,rural_council,w1385332917,Balmoral Swimming Pool,recreation,sports_centre,-37.2457659,141.838153,context_only_not_provider,mock_locality,individual,none,voucher,300,one_off,75000,individual,applicant,5,25,false,,,FICTIONAL TEST RULES: reside in BALMORAL (SOUTHERN GRAMPIANS LGA). Annual gross individual income at most AUD 75000. Local resident aged 5 to 25; sports enrolment or equipment quote required.,Proof of identity and locality residence; income evidence; Local resident aged 5 to 25; sports enrolment or equipment quote required.,2026-03-09,2026-06-24,mock_closed,SERINEA Demo Support Office (fictional),,,synthetic_from_poi_context,2026-09-08,"Fictional subsidy for testing only. Real POI is a geographic anchor, not a participating provider. Not open government subsidy data."
MOCK-SUB-0378,true,[MOCK] Ballarat East Digital Learning Support,digital,BALLARAT EAST,BALLARAT,20570,302,Central Highlands,regional_city,w300347035,,community,community_centre,-37.5617252,143.8876787,context_only_not_provider,mock_locality,individual,none,grant,1200,one_off,45000,individual,applicant,16,,false,,,FICTIONAL TEST RULES: reside in BALLARAT EAST (BALLARAT LGA). Annual gross individual income at most AUD 45000. Local resident aged at least 16 enrolled in study or digital skills activity; course and device quote required.,Proof of identity and locality residence; income evidence; Local resident aged at least 16 enrolled in study or digital skills activity; course and device quote required.,2026-08-28,2026-11-21,mock_open,SERINEA Demo Support Office (fictional),,,synthetic_from_poi_context,2026-09-08,"Fictional subsidy for testing only. Real POI is a geographic anchor, not a participating provider. Not open government subsidy data."
MOCK-SUB-0379,true,[MOCK] Charlton Early Years Participation Voucher,childcare,CHARLTON,BULOKE,21270,309,Mallee,rural_council,w226854768,,education,kindergarten,-36.269646,143.3499161,context_only_not_provider,mock_locality,household,none,voucher,1050,one_off,75000,household,dependent_child,0,5,false,,,FICTIONAL TEST RULES: reside in CHARLTON (BULOKE LGA). Annual gross household income at most AUD 75000. Parent or guardian of child aged 0 to 5; enrolment confirmation required.,Proof of identity and locality residence; income evidence; Parent or guardian of child aged 0 to 5; enrolment confirmation required.,2026-05-03,2026-10-19,mock_open,SERINEA Demo Support Office (fictional),,,synthetic_from_poi_context,2026-09-08,"Fictional subsidy for testing only. Real POI is a geographic anchor, not a participating provider. Not open government subsidy data."
MOCK-SUB-0380,true,[MOCK] Eastwood Health Access Reimbursement,healthcare,EASTWOOD,EAST GIPPSLAND,22110,319,Gippsland,rural_council,n4292228782,Chemmart Pharmacy Bairnsdale,healthcare,pharmacy,-37.8110735,147.6312079,context_only_not_provider,mock_locality,individual,none,reimbursement,900,one_off,75000,individual,applicant,18,,false,,,"FICTIONAL TEST RULES: reside in EASTWOOD (EAST GIPPSLAND LGA). Annual gross individual income at most AUD 75000. Eligible consultation, prescription or dental expense; receipt required. Applicant aged at least 18.","Proof of identity and locality residence; income evidence; Eligible consultation, prescription or dental expense; receipt required.",2026-08-08,2027-03-27,mock_open,SERINEA Demo Support Office (fictional),,,synthetic_from_poi_context,2026-09-08,"Fictional subsidy for testing only. Real POI is a geographic anchor, not a participating provider. Not open government subsidy data."
MOCK-SUB-0381,true,[MOCK] Mildura Digital Learning Support,digital,MILDURA,MILDURA,24780,345,Mallee,regional_city,w313503519,Sunraysia Institute of TAFE,education,college,-34.2043531,142.1667705,context_only_not_provider,mock_locality,individual,none,grant,1200,one_off,60000,individual,applicant,16,,false,,,FICTIONAL TEST RULES: reside in MILDURA (MILDURA LGA). Annual gross individual income at most AUD 60000. Local resident aged at least 16 enrolled in study or digital skills activity; course and device quote required.,Proof of identity and locality residence; income evidence; Local resident aged at least 16 enrolled in study or digital skills activity; course and device quote required.,2026-08-25,2027-01-18,mock_open,SERINEA Demo Support Office (fictional),,,synthetic_from_poi_context,2026-09-08,"Fictional subsidy for testing only. Real POI is a geographic anchor, not a participating provider. Not open government subsidy data."
MOCK-SUB-0382,true,[MOCK] Bungaree Moving Expense Support,relocation,BUNGAREE,MOORABOOL,25150,350,Central Highlands,rural_council,w889417216,Bungaree Public Hall,community,community_centre,-37.5583765,143.9930236,context_only_not_provider,mock_locality,household,none,reimbursement,2250,one_off,110000,household,applicant,18,,true,90,50,FICTIONAL TEST RULES: reside in BUNGAREE (MOORABOOL LGA). Annual gross household income at most AUD 110000. Move at least 50 km and establish primary residence; moving receipts required. Apply within 90 days of moving. Applicant aged at least 18.,Proof of identity and locality residence; income evidence; Move at least 50 km and establish primary residence; moving receipts required.,2026-06-26,2027-04-08,mock_open,SERINEA Demo Support Office (fictional),,,synthetic_from_poi_context,2026-09-08,"Fictional subsidy for testing only. Real POI is a geographic anchor, not a participating provider. Not open government subsidy data."
MOCK-SUB-0383,true,[MOCK] Moe Digital Learning Support,digital,MOE,LATROBE,23810,337,Gippsland,regional_city,w344027586,Moe Neighbourhood House,community,community_centre,-38.1903645,146.2464926,context_only_not_provider,mock_locality,individual,none,grant,800,one_off,45000,individual,applicant,16,,false,,,FICTIONAL TEST RULES: reside in MOE (LATROBE LGA). Annual gross individual income at most AUD 45000. Local resident aged at least 16 enrolled in study or digital skills activity; course and device quote required.,Proof of identity and locality residence; income evidence; Local resident aged at least 16 enrolled in study or digital skills activity; course and device quote required.,2026-08-26,2027-02-12,mock_open,SERINEA Demo Support Office (fictional),,,synthetic_from_poi_context,2026-09-08,"Fictional subsidy for testing only. Real POI is a geographic anchor, not a participating provider. Not open government subsidy data."
MOCK-SUB-0384,true,[MOCK] Glenrowan Health Access Reimbursement,healthcare,GLENROWAN,WANGARATTA,26700,368,Ovens Murray,regional_city,n13427711546,Glenrowan Pharmacy,healthcare,pharmacy,-36.4639689,146.2235164,context_only_not_provider,mock_locality,individual,none,reimbursement,400,one_off,60000,individual,applicant,18,,false,,,"FICTIONAL TEST RULES: reside in GLENROWAN (WANGARATTA LGA). Annual gross individual income at most AUD 60000. Eligible consultation, prescription or dental expense; receipt required. Applicant aged at least 18.","Proof of identity and locality residence; income evidence; Eligible consultation, prescription or dental expense; receipt required.",2026-05-28,2027-01-17,mock_open,SERINEA Demo Support Office (fictional),,,synthetic_from_poi_context,2026-09-08,"Fictional subsidy for testing only. Real POI is a geographic anchor, not a participating provider. Not open government subsidy data."
MOCK-SUB-0385,true,[MOCK] Longford Local Travel Voucher,transport,LONGFORD,WELLINGTON,26810,370,Gippsland,rural_council,n13854658768,Charvel Rd/Longford-Loch Sport Rd,public_transport,bus_stop,-38.1654541,147.1001616,context_only_not_provider,mock_locality,individual,none,voucher,450,one_off,60000,individual,applicant,18,,false,,,"FICTIONAL TEST RULES: reside in LONGFORD (WELLINGTON LGA). Annual gross individual income at most AUD 60000. Local resident requiring travel support; proposed study, work or medical journey required. Applicant aged at least 18.","Proof of identity and locality residence; income evidence; Local resident requiring travel support; proposed study, work or medical journey required.",2026-05-12,2027-04-22,mock_open,SERINEA Demo Support Office (fictional),,,synthetic_from_poi_context,2026-09-08,"Fictional subsidy for testing only. Real POI is a geographic anchor, not a participating provider. Not open government subsidy data."
MOCK-SUB-0386,true,[MOCK] Merbein Moving Expense Support,relocation,MERBEIN,MILDURA,24780,345,Mallee,regional_city,n5549653250,Merbein Library,community,library,-34.1673745,142.0582627,context_only_not_provider,mock_locality,household,none,reimbursement,1300,one_off,90000,household,applicant,18,,true,90,50,FICTIONAL TEST RULES: reside in MERBEIN (MILDURA LGA). Annual gross household income at most AUD 90000. Move at least 50 km and establish primary residence; moving receipts required. Apply within 90 days of moving. Applicant aged at least 18.,Proof of identity and locality residence; income evidence; Move at least 50 km and establish primary residence; moving receipts required.,2026-11-05,2027-03-25,mock_upcoming,SERINEA Demo Support Office (fictional),,,synthetic_from_poi_context,2026-09-08,"Fictional subsidy for testing only. Real POI is a geographic anchor, not a participating provider. Not open government subsidy data."
MOCK-SUB-0387,true,[MOCK] Lara Early Years Participation Voucher,childcare,LARA,GREATER GEELONG,22750,327,Barwon,regional_city,w904613967,Pipsqueaks Early Learning Lara,education,childcare,-38.0184421,144.3815917,context_only_not_provider,mock_locality,household,none,voucher,1000,one_off,90000,household,dependent_child,0,5,false,,,FICTIONAL TEST RULES: reside in LARA (GREATER GEELONG LGA). Annual gross household income at most AUD 90000. Parent or guardian of child aged 0 to 5; enrolment confirmation required.,Proof of identity and locality residence; income evidence; Parent or guardian of child aged 0 to 5; enrolment confirmation required.,2026-09-18,2026-11-20,mock_upcoming,SERINEA Demo Support Office (fictional),,,synthetic_from_poi_context,2026-09-08,"Fictional subsidy for testing only. Real POI is a geographic anchor, not a participating provider. Not open government subsidy data."
MOCK-SUB-0388,true,[MOCK] Powlett Plains Independent Living Support,accessibility,POWLETT PLAINS,LODDON,23940,338,Loddon Campaspe,rural_council,w1455387070,Powlett Plains Hall,community,community_centre,-36.4622356,143.8562283,context_only_not_provider,mock_locality,individual,none,grant,3400,one_off,45000,individual,applicant,18,,false,,,FICTIONAL TEST RULES: reside in POWLETT PLAINS (LODDON LGA). Annual gross individual income at most AUD 45000. Disability or mobility support need; support assessment and equipment quote required. Applicant aged at least 18.,Proof of identity and locality residence; income evidence; Disability or mobility support need; support assessment and equipment quote required.,2026-06-17,2027-03-31,mock_open,SERINEA Demo Support Office (fictional),,,synthetic_from_poi_context,2026-09-08,"Fictional subsidy for testing only. Real POI is a geographic anchor, not a participating provider. Not open government subsidy data."
MOCK-SUB-0389,true,[MOCK] Ballarat North Early Years Participation Voucher,childcare,BALLARAT NORTH,BALLARAT,20570,302,Central Highlands,regional_city,w127980833,Neighbourhood Early Learning Centre,education,kindergarten,-37.5405118,143.8634122,context_only_not_provider,mock_locality,household,none,voucher,600,one_off,90000,household,dependent_child,0,5,false,,,FICTIONAL TEST RULES: reside in BALLARAT NORTH (BALLARAT LGA). Annual gross household income at most AUD 90000. Parent or guardian of child aged 0 to 5; enrolment confirmation required.,Proof of identity and locality residence; income evidence; Parent or guardian of child aged 0 to 5; enrolment confirmation required.,2026-08-05,2026-11-14,mock_open,SERINEA Demo Support Office (fictional),,,synthetic_from_poi_context,2026-09-08,"Fictional subsidy for testing only. Real POI is a geographic anchor, not a participating provider. Not open government subsidy data."
MOCK-SUB-0390,true,[MOCK] California Gully Local Travel Voucher,transport,CALIFORNIA GULLY,GREATER BENDIGO,22620,325,Loddon Campaspe,regional_city,n9382992636,Sandhurst Rd/Nelson St,public_transport,bus_stop,-36.7284316,144.262163,context_only_not_provider,mock_locality,individual,none,voucher,500,one_off,60000,individual,applicant,18,,false,,,"FICTIONAL TEST RULES: reside in CALIFORNIA GULLY (GREATER BENDIGO LGA). Annual gross individual income at most AUD 60000. Local resident requiring travel support; proposed study, work or medical journey required. Applicant aged at least 18.","Proof of identity and locality residence; income evidence; Local resident requiring travel support; proposed study, work or medical journey required.",2026-05-10,2026-07-23,mock_closed,SERINEA Demo Support Office (fictional),,,synthetic_from_poi_context,2026-09-08,"Fictional subsidy for testing only. Real POI is a geographic anchor, not a participating provider. Not open government subsidy data."
MOCK-SUB-0391,true,[MOCK] Stawell Household Settling Support,housing_setup,STAWELL,NORTHERN GRAMPIANS,25810,357,Wimmera Southern Mallee,rural_council,n2938637207,,community,town_hall,-37.0567146,142.779058,context_only_not_provider,mock_locality,household,none,reimbursement,900,one_off,75000,household,applicant,18,,true,90,,FICTIONAL TEST RULES: reside in STAWELL (NORTHERN GRAMPIANS LGA). Annual gross household income at most AUD 75000. New resident; tenancy at least 6 months; household essentials receipts required. Apply within 90 days of moving. Applicant aged at least 18.,Proof of identity and locality residence; income evidence; New resident; tenancy at least 6 months; household essentials receipts required.,2026-04-27,2027-01-01,mock_open,SERINEA Demo Support Office (fictional),,,synthetic_from_poi_context,2026-09-08,"Fictional subsidy for testing only. Real POI is a geographic anchor, not a participating provider. Not open government subsidy data."
MOCK-SUB-0392,true,[MOCK] Leopold Local Travel Voucher,transport,LEOPOLD,GREATER GEELONG,22750,327,Barwon,regional_city,n2720363377,,public_transport,bus_stop,-38.1866563,144.4709522,context_only_not_provider,mock_locality,individual,none,voucher,500,one_off,45000,individual,applicant,18,,false,,,"FICTIONAL TEST RULES: reside in LEOPOLD (GREATER GEELONG LGA). Annual gross individual income at most AUD 45000. Local resident requiring travel support; proposed study, work or medical journey required. Applicant aged at least 18.","Proof of identity and locality residence; income evidence; Local resident requiring travel support; proposed study, work or medical journey required.",2026-03-09,2026-06-16,mock_closed,SERINEA Demo Support Office (fictional),,,synthetic_from_poi_context,2026-09-08,"Fictional subsidy for testing only. Real POI is a geographic anchor, not a participating provider. Not open government subsidy data."
MOCK-SUB-0393,true,[MOCK] Bannockburn Early Years Participation Voucher,childcare,BANNOCKBURN,GOLDEN PLAINS,22490,324,Central Highlands,rural_council,n6933749634,Bright Minds Early Learning Centre,education,kindergarten,-38.0446942,144.1648904,context_only_not_provider,mock_locality,household,none,voucher,650,one_off,110000,household,dependent_child,0,5,false,,,FICTIONAL TEST RULES: reside in BANNOCKBURN (GOLDEN PLAINS LGA). Annual gross household income at most AUD 110000. Parent or guardian of child aged 0 to 5; enrolment confirmation required.,Proof of identity and locality residence; income evidence; Parent or guardian of child aged 0 to 5; enrolment confirmation required.,2026-08-13,2027-04-01,mock_open,SERINEA Demo Support Office (fictional),,,synthetic_from_poi_context,2026-09-08,"Fictional subsidy for testing only. Real POI is a geographic anchor, not a participating provider. Not open government subsidy data."
MOCK-SUB-0394,true,[MOCK] Grovedale Household Settling Support,housing_setup,GROVEDALE,GREATER GEELONG,22750,327,Barwon,regional_city,w1128132721,Estia Health Grovedale,community,social_facility,-38.2078233,144.3416755,context_only_not_provider,mock_locality,household,none,reimbursement,1850,one_off,90000,household,applicant,18,,true,90,,FICTIONAL TEST RULES: reside in GROVEDALE (GREATER GEELONG LGA). Annual gross household income at most AUD 90000. New resident; tenancy at least 6 months; household essentials receipts required. Apply within 90 days of moving. Applicant aged at least 18.,Proof of identity and locality residence; income evidence; New resident; tenancy at least 6 months; household essentials receipts required.,2026-09-27,2027-01-03,mock_upcoming,SERINEA Demo Support Office (fictional),,,synthetic_from_poi_context,2026-09-08,"Fictional subsidy for testing only. Real POI is a geographic anchor, not a participating provider. Not open government subsidy data."
MOCK-SUB-0395,true,[MOCK] Timboon Independent Living Support,accessibility,TIMBOON,CORANGAMITE,21830,315,Great South Coast,rural_council,n687479687,Timboon District Healthcare Service,healthcare,hospital,-38.4860745,142.9764969,context_only_not_provider,mock_locality,individual,none,grant,3550,one_off,75000,individual,applicant,18,,false,,,FICTIONAL TEST RULES: reside in TIMBOON (CORANGAMITE LGA). Annual gross individual income at most AUD 75000. Disability or mobility support need; support assessment and equipment quote required. Applicant aged at least 18.,Proof of identity and locality residence; income evidence; Disability or mobility support need; support assessment and equipment quote required.,2026-07-30,2027-03-16,mock_open,SERINEA Demo Support Office (fictional),,,synthetic_from_poi_context,2026-09-08,"Fictional subsidy for testing only. Real POI is a geographic anchor, not a participating provider. Not open government subsidy data."
MOCK-SUB-0396,true,[MOCK] Stratford Local Travel Voucher,transport,STRATFORD,WELLINGTON,26810,370,Gippsland,rural_council,n369924821,Stratford,public_transport,railway_station,-37.9671113,147.081573,context_only_not_provider,mock_locality,individual,none,voucher,200,one_off,75000,individual,applicant,18,,false,,,"FICTIONAL TEST RULES: reside in STRATFORD (WELLINGTON LGA). Annual gross individual income at most AUD 75000. Local resident requiring travel support; proposed study, work or medical journey required. Applicant aged at least 18.","Proof of identity and locality residence; income evidence; Local resident requiring travel support; proposed study, work or medical journey required.",2026-08-25,2027-04-20,mock_open,SERINEA Demo Support Office (fictional),,,synthetic_from_poi_context,2026-09-08,"Fictional subsidy for testing only. Real POI is a geographic anchor, not a participating provider. Not open government subsidy data."
MOCK-SUB-0397,true,[MOCK] Drumborg Digital Learning Support,digital,DRUMBORG,GLENELG,22410,323,Great South Coast,rural_council,w1532108286,Drumborg Public Hall,community,community_centre,-38.0759348,141.5852007,context_only_not_provider,mock_locality,individual,none,grant,1150,one_off,75000,individual,applicant,16,,false,,,FICTIONAL TEST RULES: reside in DRUMBORG (GLENELG LGA). Annual gross individual income at most AUD 75000. Local resident aged at least 16 enrolled in study or digital skills activity; course and device quote required.,Proof of identity and locality residence; income evidence; Local resident aged at least 16 enrolled in study or digital skills activity; course and device quote required.,2026-03-16,2026-08-28,mock_closed,SERINEA Demo Support Office (fictional),,,synthetic_from_poi_context,2026-09-08,"Fictional subsidy for testing only. Real POI is a geographic anchor, not a participating provider. Not open government subsidy data."
MOCK-SUB-0398,true,[MOCK] Newcomb Moving Expense Support,relocation,NEWCOMB,GREATER GEELONG,22750,327,Barwon,regional_city,n10948388430,Newcomb Hall,community,town_hall,-38.1661205,144.3920203,context_only_not_provider,mock_locality,household,none,reimbursement,2750,one_off,90000,household,applicant,18,,true,90,50,FICTIONAL TEST RULES: reside in NEWCOMB (GREATER GEELONG LGA). Annual gross household income at most AUD 90000. Move at least 50 km and establish primary residence; moving receipts required. Apply within 90 days of moving. Applicant aged at least 18.,Proof of identity and locality residence; income evidence; Move at least 50 km and establish primary residence; moving receipts required.,2026-08-12,2027-03-05,mock_open,SERINEA Demo Support Office (fictional),,,synthetic_from_poi_context,2026-09-08,"Fictional subsidy for testing only. Real POI is a geographic anchor, not a participating provider. Not open government subsidy data."
MOCK-SUB-0399,true,[MOCK] San Remo Local Travel Voucher,transport,SAN REMO,BASS COAST,20740,304,Gippsland,rural_council,n11005536244,San Remo Post Office/Marine Pde,public_transport,bus_stop,-38.520657,145.3712071,context_only_not_provider,mock_locality,individual,none,voucher,300,one_off,75000,individual,applicant,18,,false,,,"FICTIONAL TEST RULES: reside in SAN REMO (BASS COAST LGA). Annual gross individual income at most AUD 75000. Local resident requiring travel support; proposed study, work or medical journey required. Applicant aged at least 18.","Proof of identity and locality residence; income evidence; Local resident requiring travel support; proposed study, work or medical journey required.",2026-07-21,2026-11-11,mock_open,SERINEA Demo Support Office (fictional),,,synthetic_from_poi_context,2026-09-08,"Fictional subsidy for testing only. Real POI is a geographic anchor, not a participating provider. Not open government subsidy data."
MOCK-SUB-0400,true,[MOCK] Corindhap Digital Learning Support,digital,CORINDHAP,GOLDEN PLAINS,22490,324,Central Highlands,rural_council,w1550043992,,community,community_centre,-37.8739853,143.7384731,context_only_not_provider,mock_locality,individual,none,grant,950,one_off,45000,individual,applicant,16,,false,,,FICTIONAL TEST RULES: reside in CORINDHAP (GOLDEN PLAINS LGA). Annual gross individual income at most AUD 45000. Local resident aged at least 16 enrolled in study or digital skills activity; course and device quote required.,Proof of identity and locality residence; income evidence; Local resident aged at least 16 enrolled in study or digital skills activity; course and device quote required.,2026-08-25,2027-02-26,mock_open,SERINEA Demo Support Office (fictional),,,synthetic_from_poi_context,2026-09-08,"Fictional subsidy for testing only. Real POI is a geographic anchor, not a participating provider. Not open government subsidy data."
MOCK-SUB-0401,true,[MOCK] Alfredton School Essentials Support,school_support,ALFREDTON,BALLARAT,20570,302,Central Highlands,regional_city,w127983433,St Thomas More Catholic Primary School,education,school,-37.552702,143.799998,context_only_not_provider,mock_locality,household,none,voucher,500,one_off,90000,household,dependent_child,5,18,false,,,FICTIONAL TEST RULES: reside in ALFREDTON (BALLARAT LGA). Annual gross household income at most AUD 90000. Parent or guardian of student aged 5 to 18; enrolment and equipment quote required.,Proof of identity and locality residence; income evidence; Parent or guardian of student aged 5 to 18; enrolment and equipment quote required.,2026-04-14,2027-03-04,mock_open,SERINEA Demo Support Office (fictional),,,synthetic_from_poi_context,2026-09-08,"Fictional subsidy for testing only. Real POI is a geographic anchor, not a participating provider. Not open government subsidy data."
MOCK-SUB-0402,true,[MOCK] Clunes Digital Learning Support,digital,CLUNES,HEPBURN,22910,329,Central Highlands,rural_council,w554364983,Attitude,community,community_centre,-37.2925859,143.7854896,context_only_not_provider,mock_locality,individual,none,grant,600,one_off,60000,individual,applicant,16,,false,,,FICTIONAL TEST RULES: reside in CLUNES (HEPBURN LGA). Annual gross individual income at most AUD 60000. Local resident aged at least 16 enrolled in study or digital skills activity; course and device quote required.,Proof of identity and locality residence; income evidence; Local resident aged at least 16 enrolled in study or digital skills activity; course and device quote required.,2026-06-12,2027-04-02,mock_open,SERINEA Demo Support Office (fictional),,,synthetic_from_poi_context,2026-09-08,"Fictional subsidy for testing only. Real POI is a geographic anchor, not a participating provider. Not open government subsidy data."
MOCK-SUB-0403,true,[MOCK] Mildura Health Access Reimbursement,healthcare,MILDURA,MILDURA,24780,345,Mallee,regional_city,w972140372,Deakin Medical Centre,healthcare,doctor,-34.1947908,142.1499443,context_only_not_provider,mock_locality,individual,none,reimbursement,1000,one_off,60000,individual,applicant,18,,false,,,"FICTIONAL TEST RULES: reside in MILDURA (MILDURA LGA). Annual gross individual income at most AUD 60000. Eligible consultation, prescription or dental expense; receipt required. Applicant aged at least 18.","Proof of identity and locality residence; income evidence; Eligible consultation, prescription or dental expense; receipt required.",2026-07-04,2027-03-17,mock_open,SERINEA Demo Support Office (fictional),,,synthetic_from_poi_context,2026-09-08,"Fictional subsidy for testing only. Real POI is a geographic anchor, not a participating provider. Not open government subsidy data."
MOCK-SUB-0404,true,[MOCK] Smythesdale Health Access Reimbursement,healthcare,SMYTHESDALE,GOLDEN PLAINS,22490,324,Central Highlands,rural_council,n3444578399,Smythesdale Pharmacy,healthcare,pharmacy,-37.6441714,143.6864485,context_only_not_provider,mock_locality,individual,none,reimbursement,950,one_off,60000,individual,applicant,18,,false,,,"FICTIONAL TEST RULES: reside in SMYTHESDALE (GOLDEN PLAINS LGA). Annual gross individual income at most AUD 60000. Eligible consultation, prescription or dental expense; receipt required. Applicant aged at least 18.","Proof of identity and locality residence; income evidence; Eligible consultation, prescription or dental expense; receipt required.",2026-08-10,2026-12-27,mock_open,SERINEA Demo Support Office (fictional),,,synthetic_from_poi_context,2026-09-08,"Fictional subsidy for testing only. Real POI is a geographic anchor, not a participating provider. Not open government subsidy data."
MOCK-SUB-0405,true,[MOCK] Delacombe Early Years Participation Voucher,childcare,DELACOMBE,BALLARAT,20570,302,Central Highlands,regional_city,w469413415,goodstart,education,kindergarten,-37.5869744,143.8253143,context_only_not_provider,mock_locality,household,none,voucher,800,one_off,90000,household,dependent_child,0,5,false,,,FICTIONAL TEST RULES: reside in DELACOMBE (BALLARAT LGA). Annual gross household income at most AUD 90000. Parent or guardian of child aged 0 to 5; enrolment confirmation required.,Proof of identity and locality residence; income evidence; Parent or guardian of child aged 0 to 5; enrolment confirmation required.,2026-08-03,2026-10-22,mock_open,SERINEA Demo Support Office (fictional),,,synthetic_from_poi_context,2026-09-08,"Fictional subsidy for testing only. Real POI is a geographic anchor, not a participating provider. Not open government subsidy data."
MOCK-SUB-0406,true,[MOCK] Torquay Digital Learning Support,digital,TORQUAY,SURF COAST,26490,365,Barwon,rural_council,n13299119502,,community,community_centre,-38.3351518,144.3198837,context_only_not_provider,mock_locality,individual,none,grant,650,one_off,75000,individual,applicant,16,,false,,,FICTIONAL TEST RULES: reside in TORQUAY (SURF COAST LGA). Annual gross individual income at most AUD 75000. Local resident aged at least 16 enrolled in study or digital skills activity; course and device quote required.,Proof of identity and locality residence; income evidence; Local resident aged at least 16 enrolled in study or digital skills activity; course and device quote required.,2026-09-22,2027-02-21,mock_upcoming,SERINEA Demo Support Office (fictional),,,synthetic_from_poi_context,2026-09-08,"Fictional subsidy for testing only. Real POI is a geographic anchor, not a participating provider. Not open government subsidy data."
MOCK-SUB-0407,true,[MOCK] Orbost Health Access Reimbursement,healthcare,ORBOST,EAST GIPPSLAND,22110,319,Gippsland,rural_council,n2472085595,Gippsland Health,healthcare,doctor,-37.7017104,148.4648694,context_only_not_provider,mock_locality,individual,none,reimbursement,550,one_off,45000,individual,applicant,18,,false,,,"FICTIONAL TEST RULES: reside in ORBOST (EAST GIPPSLAND LGA). Annual gross individual income at most AUD 45000. Eligible consultation, prescription or dental expense; receipt required. Applicant aged at least 18.","Proof of identity and locality residence; income evidence; Eligible consultation, prescription or dental expense; receipt required.",2026-08-05,2027-05-05,mock_open,SERINEA Demo Support Office (fictional),,,synthetic_from_poi_context,2026-09-08,"Fictional subsidy for testing only. Real POI is a geographic anchor, not a participating provider. Not open government subsidy data."
MOCK-SUB-0408,true,[MOCK] Oxley School Essentials Support,school_support,OXLEY,WANGARATTA,26700,368,Ovens Murray,regional_city,w458581606,Oxley Primary School,education,school,-36.4415415,146.3600611,context_only_not_provider,mock_locality,household,none,voucher,450,one_off,110000,household,dependent_child,5,18,false,,,FICTIONAL TEST RULES: reside in OXLEY (WANGARATTA LGA). Annual gross household income at most AUD 110000. Parent or guardian of student aged 5 to 18; enrolment and equipment quote required.,Proof of identity and locality residence; income evidence; Parent or guardian of student aged 5 to 18; enrolment and equipment quote required.,2026-06-11,2026-11-06,mock_open,SERINEA Demo Support Office (fictional),,,synthetic_from_poi_context,2026-09-08,"Fictional subsidy for testing only. Real POI is a geographic anchor, not a participating provider. Not open government subsidy data."
MOCK-SUB-0409,true,[MOCK] Cann River Health Access Reimbursement,healthcare,CANN RIVER,EAST GIPPSLAND,22110,319,Gippsland,rural_council,w200384051,Cann Valley Bush Nursing Centre,healthcare,hospital,-37.5635816,149.1517255,context_only_not_provider,mock_locality,individual,none,reimbursement,700,one_off,45000,individual,applicant,18,,false,,,"FICTIONAL TEST RULES: reside in CANN RIVER (EAST GIPPSLAND LGA). Annual gross individual income at most AUD 45000. Eligible consultation, prescription or dental expense; receipt required. Applicant aged at least 18.","Proof of identity and locality residence; income evidence; Eligible consultation, prescription or dental expense; receipt required.",2026-05-27,2026-12-19,mock_open,SERINEA Demo Support Office (fictional),,,synthetic_from_poi_context,2026-09-08,"Fictional subsidy for testing only. Real POI is a geographic anchor, not a participating provider. Not open government subsidy data."
MOCK-SUB-0410,true,[MOCK] Warragul Moving Expense Support,relocation,WARRAGUL,BAW BAW,20830,305,Gippsland,rural_council,n9506812867,Interact Australia,community,social_facility,-38.1618041,145.9409371,context_only_not_provider,mock_locality,household,none,reimbursement,2650,one_off,110000,household,applicant,18,,true,90,50,FICTIONAL TEST RULES: reside in WARRAGUL (BAW BAW LGA). Annual gross household income at most AUD 110000. Move at least 50 km and establish primary residence; moving receipts required. Apply within 90 days of moving. Applicant aged at least 18.,Proof of identity and locality residence; income evidence; Move at least 50 km and establish primary residence; moving receipts required.,2026-04-24,2027-01-26,mock_open,SERINEA Demo Support Office (fictional),,,synthetic_from_poi_context,2026-09-08,"Fictional subsidy for testing only. Real POI is a geographic anchor, not a participating provider. Not open government subsidy data."
MOCK-SUB-0411,true,[MOCK] Wallan Early Years Participation Voucher,childcare,WALLAN,MITCHELL,24850,346,Goulburn,rural_council,w1366662242,Wallan East Kindergarten by Kids First,education,kindergarten,-37.4265483,144.9989072,context_only_not_provider,mock_locality,household,none,voucher,950,one_off,75000,household,dependent_child,0,5,false,,,FICTIONAL TEST RULES: reside in WALLAN (MITCHELL LGA). Annual gross household income at most AUD 75000. Parent or guardian of child aged 0 to 5; enrolment confirmation required.,Proof of identity and locality residence; income evidence; Parent or guardian of child aged 0 to 5; enrolment confirmation required.,2026-07-25,2027-03-10,mock_open,SERINEA Demo Support Office (fictional),,,synthetic_from_poi_context,2026-09-08,"Fictional subsidy for testing only. Real POI is a geographic anchor, not a participating provider. Not open government subsidy data."
MOCK-SUB-0412,true,[MOCK] St Arnaud Health Access Reimbursement,healthcare,ST ARNAUD,NORTHERN GRAMPIANS,25810,357,Wimmera Southern Mallee,rural_council,w330039069,East Wimmera Health Service St Arnaud Campus,healthcare,hospital,-36.6095703,143.2468714,context_only_not_provider,mock_locality,individual,none,reimbursement,850,one_off,75000,individual,applicant,18,,false,,,"FICTIONAL TEST RULES: reside in ST ARNAUD (NORTHERN GRAMPIANS LGA). Annual gross individual income at most AUD 75000. Eligible consultation, prescription or dental expense; receipt required. Applicant aged at least 18.","Proof of identity and locality residence; income evidence; Eligible consultation, prescription or dental expense; receipt required.",2026-07-10,2027-03-26,mock_open,SERINEA Demo Support Office (fictional),,,synthetic_from_poi_context,2026-09-08,"Fictional subsidy for testing only. Real POI is a geographic anchor, not a participating provider. Not open government subsidy data."
MOCK-SUB-0413,true,[MOCK] San Remo Household Settling Support,housing_setup,SAN REMO,BASS COAST,20740,304,Gippsland,rural_council,r21138849,Griffiths Point Lodge Aged Care,community,social_facility,-38.5259507,145.3700207,context_only_not_provider,mock_locality,household,none,reimbursement,1100,one_off,75000,household,applicant,18,,true,90,,FICTIONAL TEST RULES: reside in SAN REMO (BASS COAST LGA). Annual gross household income at most AUD 75000. New resident; tenancy at least 6 months; household essentials receipts required. Apply within 90 days of moving. Applicant aged at least 18.,Proof of identity and locality residence; income evidence; New resident; tenancy at least 6 months; household essentials receipts required.,2026-11-12,2027-01-23,mock_upcoming,SERINEA Demo Support Office (fictional),,,synthetic_from_poi_context,2026-09-08,"Fictional subsidy for testing only. Real POI is a geographic anchor, not a participating provider. Not open government subsidy data."
MOCK-SUB-0414,true,[MOCK] Tawonga Moving Expense Support,relocation,TAWONGA,ALPINE,20110,300,Ovens Murray,rural_council,w590324608,,community,town_hall,-36.6867541,147.1410267,context_only_not_provider,mock_locality,household,none,reimbursement,1900,one_off,90000,household,applicant,18,,true,90,50,FICTIONAL TEST RULES: reside in TAWONGA (ALPINE LGA). Annual gross household income at most AUD 90000. Move at least 50 km and establish primary residence; moving receipts required. Apply within 90 days of moving. Applicant aged at least 18.,Proof of identity and locality residence; income evidence; Move at least 50 km and establish primary residence; moving receipts required.,2026-10-01,2026-12-15,mock_upcoming,SERINEA Demo Support Office (fictional),,,synthetic_from_poi_context,2026-09-08,"Fictional subsidy for testing only. Real POI is a geographic anchor, not a participating provider. Not open government subsidy data."
MOCK-SUB-0415,true,[MOCK] Toora Community Participation Voucher,community,TOORA,SOUTH GIPPSLAND,26170,361,Gippsland,rural_council,w324632641,Toora Community Hall,community,community_centre,-38.663975,146.3252431,context_only_not_provider,mock_locality,individual,none,voucher,250,one_off,,individual,applicant,18,,false,,,FICTIONAL TEST RULES: reside in TOORA (SOUTH GIPPSLAND LGA). No income limit in this mock scenario. Local resident joining a community class or activity; registration confirmation required. Applicant aged at least 18.,Proof of identity and locality residence; Local resident joining a community class or activity; registration confirmation required.,2026-11-08,2027-01-18,mock_upcoming,SERINEA Demo Support Office (fictional),,,synthetic_from_poi_context,2026-09-08,"Fictional subsidy for testing only. Real POI is a geographic anchor, not a participating provider. Not open government subsidy data."
MOCK-SUB-0416,true,[MOCK] Harrietville Household Settling Support,housing_setup,HARRIETVILLE,ALPINE,20110,300,Ovens Murray,rural_council,w255766151,Harrietville Community Hall,community,community_centre,-36.8917754,147.0632629,context_only_not_provider,mock_locality,household,none,reimbursement,1000,one_off,110000,household,applicant,18,,true,90,,FICTIONAL TEST RULES: reside in HARRIETVILLE (ALPINE LGA). Annual gross household income at most AUD 110000. New resident; tenancy at least 6 months; household essentials receipts required. Apply within 90 days of moving. Applicant aged at least 18.,Proof of identity and locality residence; income evidence; New resident; tenancy at least 6 months; household essentials receipts required.,2026-05-21,2026-10-17,mock_open,SERINEA Demo Support Office (fictional),,,synthetic_from_poi_context,2026-09-08,"Fictional subsidy for testing only. Real POI is a geographic anchor, not a participating provider. Not open government subsidy data."
MOCK-SUB-0417,true,[MOCK] Golden Square Household Settling Support,housing_setup,GOLDEN SQUARE,GREATER BENDIGO,22620,325,Loddon Campaspe,regional_city,n12588847801,Bendigo Foodshare,community,social_facility,-36.7729119,144.2652054,context_only_not_provider,mock_locality,household,none,reimbursement,2000,one_off,110000,household,applicant,18,,true,90,,FICTIONAL TEST RULES: reside in GOLDEN SQUARE (GREATER BENDIGO LGA). Annual gross household income at most AUD 110000. New resident; tenancy at least 6 months; household essentials receipts required. Apply within 90 days of moving. Applicant aged at least 18.,Proof of identity and locality residence; income evidence; New resident; tenancy at least 6 months; household essentials receipts required.,2026-03-13,2026-06-22,mock_closed,SERINEA Demo Support Office (fictional),,,synthetic_from_poi_context,2026-09-08,"Fictional subsidy for testing only. Real POI is a geographic anchor, not a participating provider. Not open government subsidy data."
MOCK-SUB-0418,true,[MOCK] Amphitheatre Sport Participation Voucher,sport,AMPHITHEATRE,PYRENEES,25990,359,Central Highlands,rural_council,w1347753997,,recreation,park,-37.1818964,143.400024,context_only_not_provider,mock_locality,individual,none,voucher,450,one_off,,individual,applicant,5,25,false,,,FICTIONAL TEST RULES: reside in AMPHITHEATRE (PYRENEES LGA). No income limit in this mock scenario. Local resident aged 5 to 25; sports enrolment or equipment quote required.,Proof of identity and locality residence; Local resident aged 5 to 25; sports enrolment or equipment quote required.,2026-08-12,2026-12-15,mock_open,SERINEA Demo Support Office (fictional),,,synthetic_from_poi_context,2026-09-08,"Fictional subsidy for testing only. Real POI is a geographic anchor, not a participating provider. Not open government subsidy data."
MOCK-SUB-0419,true,[MOCK] Bendigo Home Efficiency Rebate,energy,BENDIGO,GREATER BENDIGO,22620,325,Loddon Campaspe,regional_city,w826091287,YMCA,community,social_facility,-36.7587395,144.2850883,context_only_not_provider,mock_locality,household,none,rebate,1150,one_off,75000,household,applicant,18,,false,,,FICTIONAL TEST RULES: reside in BENDIGO (GREATER BENDIGO LGA). Annual gross household income at most AUD 75000. Primary residence in locality; owner consent if renting and efficiency upgrade quote required. Applicant aged at least 18.,Proof of identity and locality residence; income evidence; Primary residence in locality; owner consent if renting and efficiency upgrade quote required.,2026-07-04,2027-02-16,mock_open,SERINEA Demo Support Office (fictional),,,synthetic_from_poi_context,2026-09-08,"Fictional subsidy for testing only. Real POI is a geographic anchor, not a participating provider. Not open government subsidy data."
MOCK-SUB-0420,true,[MOCK] Ouyen School Essentials Support,school_support,OUYEN,MILDURA,24780,345,Mallee,regional_city,w503686528,Ouyen P-12 College,education,school,-35.0651345,142.321055,context_only_not_provider,mock_locality,household,none,voucher,600,one_off,75000,household,dependent_child,5,18,false,,,FICTIONAL TEST RULES: reside in OUYEN (MILDURA LGA). Annual gross household income at most AUD 75000. Parent or guardian of student aged 5 to 18; enrolment and equipment quote required.,Proof of identity and locality residence; income evidence; Parent or guardian of student aged 5 to 18; enrolment and equipment quote required.,2026-08-01,2027-01-22,mock_open,SERINEA Demo Support Office (fictional),,,synthetic_from_poi_context,2026-09-08,"Fictional subsidy for testing only. Real POI is a geographic anchor, not a participating provider. Not open government subsidy data."
MOCK-SUB-0421,true,[MOCK] Mooroopna Early Years Participation Voucher,childcare,MOOROOPNA,GREATER SHEPPARTON,22830,328,Goulburn,regional_city,w893664098,,education,kindergarten,-36.3941375,145.355442,context_only_not_provider,mock_locality,household,none,voucher,850,one_off,90000,household,dependent_child,0,5,false,,,FICTIONAL TEST RULES: reside in MOOROOPNA (GREATER SHEPPARTON LGA). Annual gross household income at most AUD 90000. Parent or guardian of child aged 0 to 5; enrolment confirmation required.,Proof of identity and locality residence; income evidence; Parent or guardian of child aged 0 to 5; enrolment confirmation required.,2026-08-12,2027-03-23,mock_open,SERINEA Demo Support Office (fictional),,,synthetic_from_poi_context,2026-09-08,"Fictional subsidy for testing only. Real POI is a geographic anchor, not a participating provider. Not open government subsidy data."
MOCK-SUB-0422,true,[MOCK] Miners Rest School Essentials Support,school_support,MINERS REST,BALLARAT,20570,302,Central Highlands,regional_city,w128150688,Miners Rest Primary School,education,school,-37.4769086,143.794351,context_only_not_provider,mock_locality,household,none,voucher,450,one_off,90000,household,dependent_child,5,18,false,,,FICTIONAL TEST RULES: reside in MINERS REST (BALLARAT LGA). Annual gross household income at most AUD 90000. Parent or guardian of student aged 5 to 18; enrolment and equipment quote required.,Proof of identity and locality residence; income evidence; Parent or guardian of student aged 5 to 18; enrolment and equipment quote required.,2026-05-20,2027-03-28,mock_open,SERINEA Demo Support Office (fictional),,,synthetic_from_poi_context,2026-09-08,"Fictional subsidy for testing only. Real POI is a geographic anchor, not a participating provider. Not open government subsidy data."
MOCK-SUB-0423,true,[MOCK] Malmsbury Health Access Reimbursement,healthcare,MALMSBURY,MACEDON RANGES,24130,339,Loddon Campaspe,rural_council,n11498675462,Malmsbury Pharmacy,healthcare,pharmacy,-37.1887988,144.3836487,context_only_not_provider,mock_locality,individual,none,reimbursement,600,one_off,75000,individual,applicant,18,,false,,,"FICTIONAL TEST RULES: reside in MALMSBURY (MACEDON RANGES LGA). Annual gross individual income at most AUD 75000. Eligible consultation, prescription or dental expense; receipt required. Applicant aged at least 18.","Proof of identity and locality residence; income evidence; Eligible consultation, prescription or dental expense; receipt required.",2026-04-11,2027-01-17,mock_open,SERINEA Demo Support Office (fictional),,,synthetic_from_poi_context,2026-09-08,"Fictional subsidy for testing only. Real POI is a geographic anchor, not a participating provider. Not open government subsidy data."
MOCK-SUB-0424,true,[MOCK] Waurn Ponds Digital Learning Support,digital,WAURN PONDS,GREATER GEELONG,22750,327,Barwon,regional_city,w376167230,Marcus Oldham College,education,college,-38.1906357,144.2900438,context_only_not_provider,mock_locality,individual,none,grant,1000,one_off,60000,individual,applicant,16,,false,,,FICTIONAL TEST RULES: reside in WAURN PONDS (GREATER GEELONG LGA). Annual gross individual income at most AUD 60000. Local resident aged at least 16 enrolled in study or digital skills activity; course and device quote required.,Proof of identity and locality residence; income evidence; Local resident aged at least 16 enrolled in study or digital skills activity; course and device quote required.,2026-06-15,2026-12-19,mock_open,SERINEA Demo Support Office (fictional),,,synthetic_from_poi_context,2026-09-08,"Fictional subsidy for testing only. Real POI is a geographic anchor, not a participating provider. Not open government subsidy data."
MOCK-SUB-0425,true,[MOCK] Numurkah Health Access Reimbursement,healthcare,NUMURKAH,MOIRA,24900,347,Goulburn,rural_council,n4396978789,Quinn Street Clinic,healthcare,doctor,-36.0995367,145.4433815,context_only_not_provider,mock_locality,individual,none,reimbursement,800,one_off,60000,individual,applicant,18,,false,,,"FICTIONAL TEST RULES: reside in NUMURKAH (MOIRA LGA). Annual gross individual income at most AUD 60000. Eligible consultation, prescription or dental expense; receipt required. Applicant aged at least 18.","Proof of identity and locality residence; income evidence; Eligible consultation, prescription or dental expense; receipt required.",2026-04-11,2027-02-14,mock_open,SERINEA Demo Support Office (fictional),,,synthetic_from_poi_context,2026-09-08,"Fictional subsidy for testing only. Real POI is a geographic anchor, not a participating provider. Not open government subsidy data."
MOCK-SUB-0426,true,[MOCK] Mirboo North Early Years Participation Voucher,childcare,MIRBOO NORTH,SOUTH GIPPSLAND,26170,361,Gippsland,rural_council,n2082175177,,education,kindergarten,-38.4012875,146.1554413,context_only_not_provider,mock_locality,household,none,voucher,950,one_off,75000,household,dependent_child,0,5,false,,,FICTIONAL TEST RULES: reside in MIRBOO NORTH (SOUTH GIPPSLAND LGA). Annual gross household income at most AUD 75000. Parent or guardian of child aged 0 to 5; enrolment confirmation required.,Proof of identity and locality residence; income evidence; Parent or guardian of child aged 0 to 5; enrolment confirmation required.,2026-03-04,2026-06-21,mock_closed,SERINEA Demo Support Office (fictional),,,synthetic_from_poi_context,2026-09-08,"Fictional subsidy for testing only. Real POI is a geographic anchor, not a participating provider. Not open government subsidy data."
MOCK-SUB-0427,true,[MOCK] Tallangatta Community Participation Voucher,community,TALLANGATTA,TOWONG,26670,367,Ovens Murray,rural_council,w760454444,Tallangatta Memorial Hall,community,town_hall,-36.2157162,147.1777147,context_only_not_provider,mock_locality,individual,none,voucher,300,one_off,,individual,applicant,18,,false,,,FICTIONAL TEST RULES: reside in TALLANGATTA (TOWONG LGA). No income limit in this mock scenario. Local resident joining a community class or activity; registration confirmation required. Applicant aged at least 18.,Proof of identity and locality residence; Local resident joining a community class or activity; registration confirmation required.,2026-05-06,2027-01-16,mock_open,SERINEA Demo Support Office (fictional),,,synthetic_from_poi_context,2026-09-08,"Fictional subsidy for testing only. Real POI is a geographic anchor, not a participating provider. Not open government subsidy data."
MOCK-SUB-0428,true,[MOCK] Tallangatta Independent Living Support,accessibility,TALLANGATTA,TOWONG,26670,367,Ovens Murray,rural_council,w107640692,Tallangatta Health Service,healthcare,hospital,-36.2132672,147.1833213,context_only_not_provider,mock_locality,individual,none,grant,2000,one_off,75000,individual,applicant,18,,false,,,FICTIONAL TEST RULES: reside in TALLANGATTA (TOWONG LGA). Annual gross individual income at most AUD 75000. Disability or mobility support need; support assessment and equipment quote required. Applicant aged at least 18.,Proof of identity and locality residence; income evidence; Disability or mobility support need; support assessment and equipment quote required.,2026-11-09,2027-02-07,mock_upcoming,SERINEA Demo Support Office (fictional),,,synthetic_from_poi_context,2026-09-08,"Fictional subsidy for testing only. Real POI is a geographic anchor, not a participating provider. Not open government subsidy data."
MOCK-SUB-0429,true,[MOCK] Ultima Digital Learning Support,digital,ULTIMA,SWAN HILL,26610,366,Mallee,rural_council,w352306931,Ultima Public Hall,community,community_centre,-35.4705893,143.2679993,context_only_not_provider,mock_locality,individual,none,grant,550,one_off,75000,individual,applicant,16,,false,,,FICTIONAL TEST RULES: reside in ULTIMA (SWAN HILL LGA). Annual gross individual income at most AUD 75000. Local resident aged at least 16 enrolled in study or digital skills activity; course and device quote required.,Proof of identity and locality residence; income evidence; Local resident aged at least 16 enrolled in study or digital skills activity; course and device quote required.,2026-07-07,2026-11-04,mock_open,SERINEA Demo Support Office (fictional),,,synthetic_from_poi_context,2026-09-08,"Fictional subsidy for testing only. Real POI is a geographic anchor, not a participating provider. Not open government subsidy data."
MOCK-SUB-0430,true,[MOCK] Baranduda Moving Expense Support,relocation,BARANDUDA,WODONGA,27170,374,Ovens Murray,regional_city,w683043128,Baranduda Scout Group,community,community_centre,-36.1771557,146.9531414,context_only_not_provider,mock_locality,household,none,reimbursement,2950,one_off,110000,household,applicant,18,,true,90,50,FICTIONAL TEST RULES: reside in BARANDUDA (WODONGA LGA). Annual gross household income at most AUD 110000. Move at least 50 km and establish primary residence; moving receipts required. Apply within 90 days of moving. Applicant aged at least 18.,Proof of identity and locality residence; income evidence; Move at least 50 km and establish primary residence; moving receipts required.,2026-05-12,2026-07-27,mock_closed,SERINEA Demo Support Office (fictional),,,synthetic_from_poi_context,2026-09-08,"Fictional subsidy for testing only. Real POI is a geographic anchor, not a participating provider. Not open government subsidy data."
MOCK-SUB-0431,true,[MOCK] Rutherglen Early Years Participation Voucher,childcare,RUTHERGLEN,INDIGO,23350,334,Ovens Murray,rural_council,n12420753908,Rutherglen Kindergarten,education,childcare,-36.0566653,146.4585739,context_only_not_provider,mock_locality,household,none,voucher,1200,one_off,75000,household,dependent_child,0,5,false,,,FICTIONAL TEST RULES: reside in RUTHERGLEN (INDIGO LGA). Annual gross household income at most AUD 75000. Parent or guardian of child aged 0 to 5; enrolment confirmation required.,Proof of identity and locality residence; income evidence; Parent or guardian of child aged 0 to 5; enrolment confirmation required.,2026-04-05,2026-07-04,mock_closed,SERINEA Demo Support Office (fictional),,,synthetic_from_poi_context,2026-09-08,"Fictional subsidy for testing only. Real POI is a geographic anchor, not a participating provider. Not open government subsidy data."
MOCK-SUB-0432,true,[MOCK] Heyfield Sport Participation Voucher,sport,HEYFIELD,WELLINGTON,26810,370,Gippsland,rural_council,w281743716,,recreation,park,-37.9760956,146.7891769,context_only_not_provider,mock_locality,individual,none,voucher,200,one_off,60000,individual,applicant,5,25,false,,,FICTIONAL TEST RULES: reside in HEYFIELD (WELLINGTON LGA). Annual gross individual income at most AUD 60000. Local resident aged 5 to 25; sports enrolment or equipment quote required.,Proof of identity and locality residence; income evidence; Local resident aged 5 to 25; sports enrolment or equipment quote required.,2026-07-31,2027-01-10,mock_open,SERINEA Demo Support Office (fictional),,,synthetic_from_poi_context,2026-09-08,"Fictional subsidy for testing only. Real POI is a geographic anchor, not a participating provider. Not open government subsidy data."
MOCK-SUB-0433,true,[MOCK] Brown Hill Sport Participation Voucher,sport,BROWN HILL,BALLARAT,20570,302,Central Highlands,regional_city,w149877275,,recreation,park,-37.5554597,143.9074066,context_only_not_provider,mock_locality,individual,none,voucher,300,one_off,45000,individual,applicant,5,25,false,,,FICTIONAL TEST RULES: reside in BROWN HILL (BALLARAT LGA). Annual gross individual income at most AUD 45000. Local resident aged 5 to 25; sports enrolment or equipment quote required.,Proof of identity and locality residence; income evidence; Local resident aged 5 to 25; sports enrolment or equipment quote required.,2026-07-25,2027-01-24,mock_open,SERINEA Demo Support Office (fictional),,,synthetic_from_poi_context,2026-09-08,"Fictional subsidy for testing only. Real POI is a geographic anchor, not a participating provider. Not open government subsidy data."
MOCK-SUB-0434,true,[MOCK] Culgoa Independent Living Support,accessibility,CULGOA,BULOKE,21270,309,Mallee,rural_council,w368613340,Culgoa Public Hall,community,community_centre,-35.7162196,143.1060277,context_only_not_provider,mock_locality,individual,none,grant,2950,one_off,45000,individual,applicant,18,,false,,,FICTIONAL TEST RULES: reside in CULGOA (BULOKE LGA). Annual gross individual income at most AUD 45000. Disability or mobility support need; support assessment and equipment quote required. Applicant aged at least 18.,Proof of identity and locality residence; income evidence; Disability or mobility support need; support assessment and equipment quote required.,2026-06-14,2026-12-04,mock_open,SERINEA Demo Support Office (fictional),,,synthetic_from_poi_context,2026-09-08,"Fictional subsidy for testing only. Real POI is a geographic anchor, not a participating provider. Not open government subsidy data."
MOCK-SUB-0435,true,[MOCK] Castlemaine Health Access Reimbursement,healthcare,CASTLEMAINE,MOUNT ALEXANDER,25430,353,Loddon Campaspe,rural_council,n12771121401,Botanical Gardens Health,healthcare,clinic,-37.0548425,144.2122078,context_only_not_provider,mock_locality,individual,none,reimbursement,400,one_off,45000,individual,applicant,18,,false,,,"FICTIONAL TEST RULES: reside in CASTLEMAINE (MOUNT ALEXANDER LGA). Annual gross individual income at most AUD 45000. Eligible consultation, prescription or dental expense; receipt required. Applicant aged at least 18.","Proof of identity and locality residence; income evidence; Eligible consultation, prescription or dental expense; receipt required.",2026-05-12,2026-10-29,mock_open,SERINEA Demo Support Office (fictional),,,synthetic_from_poi_context,2026-09-08,"Fictional subsidy for testing only. Real POI is a geographic anchor, not a participating provider. Not open government subsidy data."
MOCK-SUB-0436,true,[MOCK] Corio Early Years Participation Voucher,childcare,CORIO,GREATER GEELONG,22750,327,Barwon,regional_city,w1178506194,Cheeky Clouds,education,kindergarten,-38.0754648,144.367265,context_only_not_provider,mock_locality,household,none,voucher,1250,one_off,110000,household,dependent_child,0,5,false,,,FICTIONAL TEST RULES: reside in CORIO (GREATER GEELONG LGA). Annual gross household income at most AUD 110000. Parent or guardian of child aged 0 to 5; enrolment confirmation required.,Proof of identity and locality residence; income evidence; Parent or guardian of child aged 0 to 5; enrolment confirmation required.,2026-07-27,2027-01-15,mock_open,SERINEA Demo Support Office (fictional),,,synthetic_from_poi_context,2026-09-08,"Fictional subsidy for testing only. Real POI is a geographic anchor, not a participating provider. Not open government subsidy data."
MOCK-SUB-0437,true,[MOCK] Rainbow Home Efficiency Rebate,energy,RAINBOW,HINDMARSH,22980,330,Wimmera Southern Mallee,rural_council,w1244591475,The Mecca,community,community_centre,-35.8976734,141.9944151,context_only_not_provider,mock_locality,household,none,rebate,900,one_off,75000,household,applicant,18,,false,,,FICTIONAL TEST RULES: reside in RAINBOW (HINDMARSH LGA). Annual gross household income at most AUD 75000. Primary residence in locality; owner consent if renting and efficiency upgrade quote required. Applicant aged at least 18.,Proof of identity and locality residence; income evidence; Primary residence in locality; owner consent if renting and efficiency upgrade quote required.,2026-05-08,2026-12-09,mock_open,SERINEA Demo Support Office (fictional),,,synthetic_from_poi_context,2026-09-08,"Fictional subsidy for testing only. Real POI is a geographic anchor, not a participating provider. Not open government subsidy data."
MOCK-SUB-0438,true,[MOCK] Foster School Essentials Support,school_support,FOSTER,SOUTH GIPPSLAND,26170,361,Gippsland,rural_council,w1185917210,Foster Secondary College,education,school,-38.6529531,146.1970967,context_only_not_provider,mock_locality,household,none,voucher,550,one_off,75000,household,dependent_child,5,18,false,,,FICTIONAL TEST RULES: reside in FOSTER (SOUTH GIPPSLAND LGA). Annual gross household income at most AUD 75000. Parent or guardian of student aged 5 to 18; enrolment and equipment quote required.,Proof of identity and locality residence; income evidence; Parent or guardian of student aged 5 to 18; enrolment and equipment quote required.,2026-10-27,2027-02-09,mock_upcoming,SERINEA Demo Support Office (fictional),,,synthetic_from_poi_context,2026-09-08,"Fictional subsidy for testing only. Real POI is a geographic anchor, not a participating provider. Not open government subsidy data."
MOCK-SUB-0439,true,[MOCK] Huntly Local Travel Voucher,transport,HUNTLY,GREATER BENDIGO,22620,325,Loddon Campaspe,regional_city,n11199357655,Grevillea Rd/Midland Hwy,public_transport,bus_stop,-36.6557861,144.3439982,context_only_not_provider,mock_locality,individual,none,voucher,500,one_off,45000,individual,applicant,18,,false,,,"FICTIONAL TEST RULES: reside in HUNTLY (GREATER BENDIGO LGA). Annual gross individual income at most AUD 45000. Local resident requiring travel support; proposed study, work or medical journey required. Applicant aged at least 18.","Proof of identity and locality residence; income evidence; Local resident requiring travel support; proposed study, work or medical journey required.",2026-04-14,2027-03-05,mock_open,SERINEA Demo Support Office (fictional),,,synthetic_from_poi_context,2026-09-08,"Fictional subsidy for testing only. Real POI is a geographic anchor, not a participating provider. Not open government subsidy data."
MOCK-SUB-0440,true,[MOCK] North Geelong Sport Participation Voucher,sport,NORTH GEELONG,GREATER GEELONG,22750,327,Barwon,regional_city,w180202018,,recreation,park,-38.113442,144.345303,context_only_not_provider,mock_locality,individual,none,voucher,300,one_off,,individual,applicant,5,25,false,,,FICTIONAL TEST RULES: reside in NORTH GEELONG (GREATER GEELONG LGA). No income limit in this mock scenario. Local resident aged 5 to 25; sports enrolment or equipment quote required.,Proof of identity and locality residence; Local resident aged 5 to 25; sports enrolment or equipment quote required.,2026-06-15,2026-12-07,mock_open,SERINEA Demo Support Office (fictional),,,synthetic_from_poi_context,2026-09-08,"Fictional subsidy for testing only. Real POI is a geographic anchor, not a participating provider. Not open government subsidy data."
MOCK-SUB-0441,true,[MOCK] Cohuna Community Participation Voucher,community,COHUNA,GANNAWARRA,22250,321,Mallee,rural_council,w712622399,Cohuna Neighbourhood House,community,community_centre,-35.8115834,144.2213961,context_only_not_provider,mock_locality,individual,none,voucher,200,one_off,60000,individual,applicant,18,,false,,,FICTIONAL TEST RULES: reside in COHUNA (GANNAWARRA LGA). Annual gross individual income at most AUD 60000. Local resident joining a community class or activity; registration confirmation required. Applicant aged at least 18.,Proof of identity and locality residence; income evidence; Local resident joining a community class or activity; registration confirmation required.,2026-03-01,2026-07-08,mock_closed,SERINEA Demo Support Office (fictional),,,synthetic_from_poi_context,2026-09-08,"Fictional subsidy for testing only. Real POI is a geographic anchor, not a participating provider. Not open government subsidy data."
MOCK-SUB-0442,true,[MOCK] Maddingley School Essentials Support,school_support,MADDINGLEY,MOORABOOL,25150,350,Central Highlands,rural_council,w122345690,Bacchus Marsh College,education,school,-37.6853403,144.4319143,context_only_not_provider,mock_locality,household,none,voucher,600,one_off,75000,household,dependent_child,5,18,false,,,FICTIONAL TEST RULES: reside in MADDINGLEY (MOORABOOL LGA). Annual gross household income at most AUD 75000. Parent or guardian of student aged 5 to 18; enrolment and equipment quote required.,Proof of identity and locality residence; income evidence; Parent or guardian of student aged 5 to 18; enrolment and equipment quote required.,2026-07-24,2027-02-13,mock_open,SERINEA Demo Support Office (fictional),,,synthetic_from_poi_context,2026-09-08,"Fictional subsidy for testing only. Real POI is a geographic anchor, not a participating provider. Not open government subsidy data."
MOCK-SUB-0443,true,[MOCK] Geelong West Independent Living Support,accessibility,GEELONG WEST,GREATER GEELONG,22750,327,Barwon,regional_city,w266741772,Encompass Community Services,community,social_facility,-38.1360434,144.3489676,context_only_not_provider,mock_locality,individual,none,grant,2650,one_off,45000,individual,applicant,18,,false,,,FICTIONAL TEST RULES: reside in GEELONG WEST (GREATER GEELONG LGA). Annual gross individual income at most AUD 45000. Disability or mobility support need; support assessment and equipment quote required. Applicant aged at least 18.,Proof of identity and locality residence; income evidence; Disability or mobility support need; support assessment and equipment quote required.,2026-05-18,2026-11-12,mock_open,SERINEA Demo Support Office (fictional),,,synthetic_from_poi_context,2026-09-08,"Fictional subsidy for testing only. Real POI is a geographic anchor, not a participating provider. Not open government subsidy data."
MOCK-SUB-0444,true,[MOCK] Wilsons Promontory Local Travel Voucher,transport,WILSONS PROMONTORY,SOUTH GIPPSLAND,26170,361,Gippsland,rural_council,n12686155967,Overnight Hikers' Carpark,public_transport,bus_stop,-39.0304598,146.327548,context_only_not_provider,mock_locality,individual,none,voucher,600,one_off,45000,individual,applicant,18,,false,,,"FICTIONAL TEST RULES: reside in WILSONS PROMONTORY (SOUTH GIPPSLAND LGA). Annual gross individual income at most AUD 45000. Local resident requiring travel support; proposed study, work or medical journey required. Applicant aged at least 18.","Proof of identity and locality residence; income evidence; Local resident requiring travel support; proposed study, work or medical journey required.",2026-04-13,2027-01-19,mock_open,SERINEA Demo Support Office (fictional),,,synthetic_from_poi_context,2026-09-08,"Fictional subsidy for testing only. Real POI is a geographic anchor, not a participating provider. Not open government subsidy data."
MOCK-SUB-0445,true,[MOCK] Maldon Moving Expense Support,relocation,MALDON,MOUNT ALEXANDER,25430,353,Loddon Campaspe,rural_council,w315274125,Athenaeum Library,community,library,-36.9957646,144.0676529,context_only_not_provider,mock_locality,household,none,reimbursement,1750,one_off,110000,household,applicant,18,,true,90,50,FICTIONAL TEST RULES: reside in MALDON (MOUNT ALEXANDER LGA). Annual gross household income at most AUD 110000. Move at least 50 km and establish primary residence; moving receipts required. Apply within 90 days of moving. Applicant aged at least 18.,Proof of identity and locality residence; income evidence; Move at least 50 km and establish primary residence; moving receipts required.,2026-10-27,2027-03-20,mock_upcoming,SERINEA Demo Support Office (fictional),,,synthetic_from_poi_context,2026-09-08,"Fictional subsidy for testing only. Real POI is a geographic anchor, not a participating provider. Not open government subsidy data."
MOCK-SUB-0446,true,[MOCK] Norlane Health Access Reimbursement,healthcare,NORLANE,GREATER GEELONG,22750,327,Barwon,regional_city,w266825842,Geelong Dental,healthcare,dentist,-38.0934953,144.3566413,context_only_not_provider,mock_locality,individual,none,reimbursement,750,one_off,45000,individual,applicant,18,,false,,,"FICTIONAL TEST RULES: reside in NORLANE (GREATER GEELONG LGA). Annual gross individual income at most AUD 45000. Eligible consultation, prescription or dental expense; receipt required. Applicant aged at least 18.","Proof of identity and locality residence; income evidence; Eligible consultation, prescription or dental expense; receipt required.",2026-11-26,2027-05-22,mock_upcoming,SERINEA Demo Support Office (fictional),,,synthetic_from_poi_context,2026-09-08,"Fictional subsidy for testing only. Real POI is a geographic anchor, not a participating provider. Not open government subsidy data."
MOCK-SUB-0447,true,[MOCK] Mount Pleasant School Essentials Support,school_support,MOUNT PLEASANT,BALLARAT,20570,302,Central Highlands,regional_city,w127983860,Mount Pleasant Primary School,education,school,-37.577911,143.8579249,context_only_not_provider,mock_locality,household,none,voucher,250,one_off,110000,household,dependent_child,5,18,false,,,FICTIONAL TEST RULES: reside in MOUNT PLEASANT (BALLARAT LGA). Annual gross household income at most AUD 110000. Parent or guardian of student aged 5 to 18; enrolment and equipment quote required.,Proof of identity and locality residence; income evidence; Parent or guardian of student aged 5 to 18; enrolment and equipment quote required.,2026-07-03,2027-03-08,mock_open,SERINEA Demo Support Office (fictional),,,synthetic_from_poi_context,2026-09-08,"Fictional subsidy for testing only. Real POI is a geographic anchor, not a participating provider. Not open government subsidy data."
MOCK-SUB-0448,true,[MOCK] Winchelsea Local Travel Voucher,transport,WINCHELSEA,SURF COAST,26490,365,Barwon,rural_council,n13599581606,Winchelsea 1,public_transport,stop_position,-38.2403953,143.9832134,context_only_not_provider,mock_locality,individual,none,voucher,350,one_off,45000,individual,applicant,18,,false,,,"FICTIONAL TEST RULES: reside in WINCHELSEA (SURF COAST LGA). Annual gross individual income at most AUD 45000. Local resident requiring travel support; proposed study, work or medical journey required. Applicant aged at least 18.","Proof of identity and locality residence; income evidence; Local resident requiring travel support; proposed study, work or medical journey required.",2026-04-14,2027-04-19,mock_open,SERINEA Demo Support Office (fictional),,,synthetic_from_poi_context,2026-09-08,"Fictional subsidy for testing only. Real POI is a geographic anchor, not a participating provider. Not open government subsidy data."
MOCK-SUB-0449,true,[MOCK] Horsham School Essentials Support,school_support,HORSHAM,HORSHAM,23190,332,Wimmera Southern Mallee,regional_city,w293937644,Horsham Primary School Rasmussen Road Campus,education,school,-36.6976575,142.2046131,context_only_not_provider,mock_locality,household,none,voucher,400,one_off,90000,household,dependent_child,5,18,false,,,FICTIONAL TEST RULES: reside in HORSHAM (HORSHAM LGA). Annual gross household income at most AUD 90000. Parent or guardian of student aged 5 to 18; enrolment and equipment quote required.,Proof of identity and locality residence; income evidence; Parent or guardian of student aged 5 to 18; enrolment and equipment quote required.,2026-11-02,2027-04-16,mock_upcoming,SERINEA Demo Support Office (fictional),,,synthetic_from_poi_context,2026-09-08,"Fictional subsidy for testing only. Real POI is a geographic anchor, not a participating provider. Not open government subsidy data."
MOCK-SUB-0450,true,[MOCK] Cobram Health Access Reimbursement,healthcare,COBRAM,MOIRA,24900,347,Goulburn,rural_council,w377682365,Cobram District Hospital,healthcare,hospital,-35.916137,145.6510686,context_only_not_provider,mock_locality,individual,none,reimbursement,700,one_off,75000,individual,applicant,18,,false,,,"FICTIONAL TEST RULES: reside in COBRAM (MOIRA LGA). Annual gross individual income at most AUD 75000. Eligible consultation, prescription or dental expense; receipt required. Applicant aged at least 18.","Proof of identity and locality residence; income evidence; Eligible consultation, prescription or dental expense; receipt required.",2026-12-02,2027-02-24,mock_upcoming,SERINEA Demo Support Office (fictional),,,synthetic_from_poi_context,2026-09-08,"Fictional subsidy for testing only. Real POI is a geographic anchor, not a participating provider. Not open government subsidy data."
